symbol,window,usd_side,n_days,mean_bps,t,hit_rate,cost_bps,net_bps,ann_gross_pct,ann_net_pct,drift_cost_ratio
EURUSD,TOKYO_pre,1,1670,-0.4072,-1.22,0.4802,0.9081,-1.3153,-1.03,-3.31,-0.45
EURUSD,TOKYO_post,-1,1695,0.1106,0.35,0.4932,0.9081,-0.7975,0.28,-2.01,0.12
EURUSD,ECB_pre,1,1698,0.4666,0.61,0.5059,0.9081,-0.4415,1.18,-1.11,0.51
EURUSD,ECB_post,-1,1698,0.0711,0.1,0.4923,0.9081,-0.837,0.18,-2.11,0.08
EURUSD,LONDON_pre,1,1698,0.4899,0.53,0.5047,0.9081,-0.4183,1.23,-1.05,0.54
EURUSD,LONDON_post,-1,1698,0.0944,0.18,0.5065,0.9081,-0.8137,0.24,-2.05,0.1
EURUSD,BR_europe,1,1698,0.0978,0.14,0.5135,0.9081,-0.8104,0.25,-2.04,0.11
EURUSD,BR_us,-1,1698,-0.1913,-0.4,0.4947,0.9081,-1.0994,-0.48,-2.77,-0.21
GBPUSD,TOKYO_pre,1,1680,0.506,1.21,0.5137,1.1976,-0.6916,1.28,-1.74,0.42
GBPUSD,TOKYO_post,-1,1694,0.1342,0.37,0.4911,1.1976,-1.0634,0.34,-2.68,0.11
GBPUSD,ECB_pre,1,1697,0.3979,0.44,0.4932,1.1976,-0.7998,1.0,-2.02,0.33
GBPUSD,ECB_post,-1,1692,0.8571,1.01,0.5118,1.1976,-0.3405,2.16,-0.86,0.72
GBPUSD,LONDON_pre,1,1698,0.1311,0.12,0.4894,1.1976,-1.0666,0.33,-2.69,0.11
GBPUSD,LONDON_post,-1,1690,0.5903,0.94,0.526,1.1976,-0.6073,1.49,-1.53,0.49
GBPUSD,BR_europe,1,1696,0.0956,0.11,0.4994,1.1976,-1.102,0.24,-2.78,0.08
GBPUSD,BR_us,-1,1689,-0.0519,-0.09,0.5062,1.1976,-1.2495,-0.13,-3.15,-0.04
USDJPY,TOKYO_pre,1,1677,-1.0281,-1.99,0.5021,1.0688,-2.097,-2.59,-5.28,-0.96
USDJPY,TOKYO_post,-1,1686,-0.5024,-0.86,0.4745,1.0688,-1.5713,-1.27,-3.96,-0.47
USDJPY,ECB_pre,1,1693,0.7874,0.88,0.5357,1.0688,-0.2815,1.98,-0.71,0.74
USDJPY,ECB_post,-1,1695,-2.1001,-2.64,0.446,1.0688,-3.1689,-5.29,-7.99,-1.96
USDJPY,LONDON_pre,1,1694,0.9653,0.9,0.5366,1.0688,-0.1036,2.43,-0.26,0.9
USDJPY,LONDON_post,-1,1690,-1.9275,-3.52,0.4426,1.0688,-2.9964,-4.86,-7.55,-1.8
USDJPY,BR_europe,1,1691,0.6046,0.73,0.5352,1.0688,-0.4642,1.52,-1.17,0.57
USDJPY,BR_us,-1,1685,-1.0786,-2.11,0.4499,1.0688,-2.1474,-2.72,-5.41,-1.01
AUDUSD,TOKYO_pre,1,1669,0.6026,1.09,0.5063,2.5343,-1.9317,1.52,-4.87,0.24
AUDUSD,TOKYO_post,-1,1686,1.1494,1.66,0.5267,2.5343,-1.3849,2.9,-3.49,0.45
AUDUSD,ECB_pre,1,1691,0.9683,0.99,0.5109,2.5343,-1.566,2.44,-3.95,0.38
AUDUSD,ECB_post,-1,1691,0.3982,0.39,0.5204,2.5343,-2.136,1.0,-5.38,0.16
AUDUSD,LONDON_pre,1,1693,0.0913,0.07,0.4997,2.5343,-2.443,0.23,-6.16,0.04
AUDUSD,LONDON_post,-1,1685,-0.4804,-0.63,0.4985,2.5343,-3.0147,-1.21,-7.6,-0.19
AUDUSD,BR_europe,1,1691,1.0806,1.22,0.5151,2.5343,-1.4537,2.72,-3.66,0.43
AUDUSD,BR_us,-1,1683,-0.5773,-0.81,0.5015,2.5343,-3.1116,-1.45,-7.84,-0.23
USDCAD,TOKYO_pre,1,1658,0.4574,1.52,0.4922,1.5883,-1.131,1.15,-2.85,0.29
USDCAD,TOKYO_post,-1,1693,0.2463,0.83,0.505,1.5883,-1.342,0.62,-3.38,0.16
USDCAD,ECB_pre,1,1699,1.2069,2.03,0.5185,1.5883,-0.3814,3.04,-0.96,0.76
USDCAD,ECB_post,-1,1698,0.9571,1.34,0.5065,1.5883,-0.6312,2.41,-1.59,0.6
USDCAD,LONDON_pre,1,1699,0.5629,0.72,0.5074,1.5883,-1.0254,1.42,-2.58,0.35
USDCAD,LONDON_post,-1,1695,0.3133,0.6,0.5015,1.5883,-1.2751,0.79,-3.21,0.2
USDCAD,BR_europe,1,1699,1.0308,1.86,0.5203,1.5883,-0.5575,2.6,-1.4,0.65
USDCAD,BR_us,-1,1694,0.4282,0.92,0.5035,1.5883,-1.1601,1.08,-2.92,0.27
USDCHF,TOKYO_pre,1,1562,-0.4861,-1.41,0.4904,1.7226,-2.2087,-1.22,-5.57,-0.28
USDCHF,TOKYO_post,-1,1645,0.0064,0.02,0.4815,1.7226,-1.7162,0.02,-4.32,0.0
USDCHF,ECB_pre,1,1691,-0.2948,-0.36,0.4938,1.7226,-2.0174,-0.74,-5.08,-0.17
USDCHF,ECB_post,-1,1693,0.3224,0.43,0.5032,1.7226,-1.4003,0.81,-3.53,0.19
USDCHF,LONDON_pre,1,1695,-0.9793,-0.99,0.4897,1.7226,-2.702,-2.47,-6.81,-0.57
USDCHF,LONDON_post,-1,1685,-0.3654,-0.68,0.4896,1.7226,-2.088,-0.92,-5.26,-0.21
USDCHF,BR_europe,1,1690,-0.1859,-0.24,0.4947,1.7226,-1.9086,-0.47,-4.81,-0.11
USDCHF,BR_us,-1,1682,-0.678,-1.37,0.4727,1.7226,-2.4006,-1.71,-6.05,-0.39
NZDUSD,TOKYO_pre,1,1677,0.885,1.52,0.5224,2.9048,-2.0197,2.23,-5.09,0.3
NZDUSD,TOKYO_post,-1,1693,0.4801,0.73,0.5139,2.9048,-2.4247,1.21,-6.11,0.17
NZDUSD,ECB_pre,1,1697,0.5349,0.55,0.5062,2.9048,-2.3699,1.35,-5.97,0.18
NZDUSD,ECB_post,-1,1698,0.0932,0.09,0.4988,2.9048,-2.8116,0.23,-7.09,0.03
NZDUSD,LONDON_pre,1,1697,0.1023,0.09,0.5074,2.9048,-2.8025,0.26,-7.06,0.04
NZDUSD,LONDON_post,-1,1689,-0.3409,-0.46,0.4973,2.9048,-3.2457,-0.86,-8.18,-0.12
NZDUSD,BR_europe,1,1697,0.7161,0.8,0.505,2.9048,-2.1887,1.8,-5.52,0.25
NZDUSD,BR_us,-1,1688,-0.6151,-0.92,0.4959,2.9048,-3.5199,-1.55,-8.87,-0.21
