tf,sym,rule,ALL,FORM,OOS,n,gross/l,phi/l,net/l,hold,%tt
H1,EURUSD,hlhb,-0.217,-0.169,-0.306,516,-0.39,1.92,-2.3,61.0,0.86
H1,EURUSD,triple_st,-0.952,-0.962,-0.949,2171,-0.93,1.08,-2.01,9.6,0.57
H1,EURUSD,bandtastic,-0.088,-0.274,0.255,91,0.13,1.2,-1.06,17.4,0.04
H1,EURUSD,trendrider,-0.154,-0.097,-0.264,690,0.44,1.4,-0.96,29.6,0.56
H1,GBPUSD,hlhb,-0.058,-0.187,0.234,563,1.46,2.13,-0.67,56.3,0.86
H1,GBPUSD,triple_st,-0.34,-0.188,-0.738,2150,0.48,1.38,-0.89,9.8,0.57
H1,GBPUSD,bandtastic,0.377,0.462,0.181,109,6.54,1.48,5.06,16.8,0.05
H1,GBPUSD,trendrider,-0.527,-0.417,-0.783,731,-2.1,1.67,-3.77,28.7,0.57
H1,USDJPY,hlhb,-0.685,-0.568,-0.856,480,-7.72,2.16,-9.88,65.9,0.87
H1,USDJPY,triple_st,0.079,0.084,0.069,2086,1.46,1.25,0.21,9.7,0.55
H1,USDJPY,bandtastic,-0.46,-0.449,-0.514,77,-7.27,1.4,-8.67,19.9,0.04
H1,USDJPY,trendrider,-0.792,-0.351,-1.465,603,-4.98,1.58,-6.56,30.7,0.51
H1,AUDUSD,hlhb,0.317,0.247,0.457,487,8.68,3.57,5.11,62.1,0.84
H1,AUDUSD,triple_st,-0.834,-0.594,-1.366,2158,0.19,2.72,-2.53,9.3,0.56
H1,AUDUSD,bandtastic,0.014,0.068,-0.087,68,3.11,2.81,0.3,16.5,0.03
H1,AUDUSD,trendrider,-0.653,-0.405,-1.165,685,-3.21,3.05,-6.26,31.0,0.59
H1,USDCAD,hlhb,-0.122,0.329,-1.188,478,1.41,2.71,-1.3,67.7,0.89
H1,USDCAD,triple_st,-1.145,-0.815,-1.966,2168,-0.4,1.78,-2.18,9.8,0.58
H1,USDCAD,bandtastic,-0.106,-0.014,-0.299,78,0.39,1.9,-1.51,18.7,0.04
H1,USDCAD,trendrider,-0.527,-0.479,-0.656,698,-0.91,2.07,-2.98,29.2,0.56
H1,USDCHF,hlhb,0.002,-0.042,0.066,472,2.77,2.74,0.02,61.5,0.86
H1,USDCHF,triple_st,-0.786,-0.784,-0.789,1988,-0.02,1.91,-1.93,9.8,0.58
H1,USDCHF,bandtastic,0.057,0.074,0.028,91,2.88,2.02,0.86,17.7,0.05
H1,USDCHF,trendrider,-0.472,0.205,-1.598,631,-1.16,2.21,-3.37,29.3,0.55
H1,NZDUSD,hlhb,-0.146,0.074,-0.56,492,1.57,3.95,-2.38,62.8,0.87
H1,NZDUSD,triple_st,-0.92,-0.954,-0.866,2128,0.4,3.1,-2.7,9.3,0.56
H1,NZDUSD,bandtastic,0.259,0.075,0.953,70,8.09,3.16,4.93,15.3,0.03
H1,NZDUSD,trendrider,-0.677,-0.628,-0.783,675,-3.14,3.41,-6.55,30.5,0.58
M30,EURUSD,hlhb,-1.006,-1.234,-0.588,1062,-3.88,1.42,-5.31,62.0,0.87
M30,EURUSD,triple_st,-1.701,-1.593,-1.929,4531,-0.72,1.0,-1.72,9.2,0.54
M30,EURUSD,bandtastic,-0.295,-0.296,-0.293,145,-0.93,1.05,-1.98,16.8,0.03
M30,EURUSD,trendrider,-0.34,-0.501,-0.049,1474,0.16,1.15,-0.99,29.6,0.57
M30,GBPUSD,hlhb,-1.086,-1.248,-0.769,1036,-5.45,1.73,-7.18,63.6,0.86
M30,GBPUSD,triple_st,-1.241,-1.023,-1.792,4495,-0.21,1.3,-1.51,9.5,0.56
M30,GBPUSD,bandtastic,0.339,0.372,0.299,164,4.37,1.33,3.04,15.8,0.03
M30,GBPUSD,trendrider,-0.469,-0.387,-0.661,1467,-0.17,1.44,-1.61,28.9,0.56
M30,USDJPY,hlhb,-0.328,-0.898,0.594,1069,-0.45,1.58,-2.03,61.3,0.87
M30,USDJPY,triple_st,-0.414,-0.456,-0.353,4351,0.64,1.17,-0.52,9.5,0.55
M30,USDJPY,bandtastic,0.07,0.281,-0.275,137,1.88,1.21,0.68,16.8,0.03
M30,USDJPY,trendrider,-0.478,-0.506,-0.441,1322,-0.59,1.33,-1.92,31.0,0.54
M30,AUDUSD,hlhb,-0.497,-0.176,-1.138,995,-0.83,3.05,-3.88,61.4,0.82
M30,AUDUSD,triple_st,-1.769,-1.342,-2.562,4466,-0.05,2.65,-2.7,9.3,0.56
M30,AUDUSD,bandtastic,-0.03,-0.405,0.837,159,2.36,2.67,-0.31,16.0,0.03
M30,AUDUSD,trendrider,-0.808,-0.744,-0.974,1447,-0.88,2.78,-3.66,29.5,0.57
M30,USDCAD,hlhb,-0.082,0.41,-1.189,938,1.71,2.15,-0.43,67.2,0.83
M30,USDCAD,triple_st,-2.206,-1.819,-3.12,4616,-0.36,1.69,-2.04,9.1,0.55
M30,USDCAD,bandtastic,-0.458,-0.591,-0.19,138,-1.86,1.73,-3.59,17.1,0.03
M30,USDCAD,trendrider,-0.791,-0.878,-0.632,1462,-0.26,1.83,-2.09,28.7,0.55
M30,USDCHF,hlhb,-0.288,-0.579,0.167,928,0.47,2.27,-1.79,65.0,0.84
M30,USDCHF,triple_st,-1.85,-2.059,-1.513,4302,-0.23,1.83,-2.06,9.3,0.56
M30,USDCHF,bandtastic,-0.027,0.106,-0.278,156,1.68,1.87,-0.19,17.3,0.04
M30,USDCHF,trendrider,-0.813,-0.638,-1.098,1365,-0.76,1.97,-2.73,29.2,0.56
M30,NZDUSD,hlhb,-0.469,-0.261,-0.861,971,-0.37,3.44,-3.82,64.6,0.84
M30,NZDUSD,triple_st,-2.161,-1.885,-2.689,4543,-0.15,3.02,-3.17,9.2,0.56
M30,NZDUSD,bandtastic,-0.255,-0.223,-0.303,149,0.05,3.05,-2.99,16.4,0.03
M30,NZDUSD,trendrider,-0.743,-0.539,-1.156,1401,-0.18,3.15,-3.34,29.4,0.55
