symbol,rule,n_trades,gross_bps,t,hit_rate,cost_bps,net_bps,ratio,ann_net_pct,sharpe
EURUSD,h00_usd+,998,-0.5431,-1.98,0.3577,0.9081,-1.4513,-0.6,-2.22,-2.07
EURUSD,h00_usd-,998,0.5431,1.98,0.485,0.9081,-0.365,0.6,-0.56,-0.52
EURUSD,h01_usd+,1276,-0.0179,-0.08,0.4303,0.9081,-0.926,-0.02,-1.81,-1.59
EURUSD,h01_usd-,1276,0.0179,0.08,0.4318,0.9081,-0.8902,0.02,-1.74,-1.53
EURUSD,h02_usd+,1647,-0.2323,-1.11,0.422,0.9081,-1.1405,-0.26,-2.87,-2.13
EURUSD,h02_usd-,1647,0.2323,1.11,0.4511,0.9081,-0.6758,0.26,-1.7,-1.26
EURUSD,h03_usd+,1649,-0.0368,-0.2,0.4306,0.9081,-0.9449,-0.04,-2.38,-1.98
EURUSD,h03_usd-,1649,0.0368,0.2,0.4372,0.9081,-0.8713,0.04,-2.2,-1.83
EURUSD,h04_usd+,1585,-0.0033,-0.02,0.4158,0.9081,-0.9114,-0.0,-2.21,-2.49
EURUSD,h04_usd-,1585,0.0033,0.02,0.4013,0.9081,-0.9048,0.0,-2.19,-2.47
EURUSD,h05_usd+,1465,-0.087,-0.64,0.4034,0.9081,-0.9952,-0.1,-2.23,-2.85
EURUSD,h05_usd-,1465,0.087,0.64,0.4212,0.9081,-0.8211,0.1,-1.84,-2.35
EURUSD,h06_usd+,1446,0.2174,1.48,0.435,0.9081,-0.6907,0.24,-1.53,-1.84
EURUSD,h06_usd-,1446,-0.2174,-1.48,0.3942,0.9081,-1.1255,-0.24,-2.49,-3.0
EURUSD,h07_usd+,1600,-0.1107,-0.65,0.4269,0.9081,-1.0188,-0.12,-2.49,-2.34
EURUSD,h07_usd-,1600,0.1107,0.65,0.4319,0.9081,-0.7975,0.12,-1.95,-1.83
EURUSD,h08_usd+,1691,0.5668,2.16,0.482,0.9081,-0.3414,0.62,-0.88,-0.51
EURUSD,h08_usd-,1691,-0.5668,-2.16,0.4382,0.9081,-1.4749,-0.62,-3.81,-2.2
EURUSD,h09_usd+,1697,-0.8926,-2.76,0.4349,0.9081,-1.8008,-0.98,-4.67,-2.18
EURUSD,h09_usd-,1697,0.8926,2.76,0.5015,0.9081,-0.0155,0.98,-0.04,-0.02
EURUSD,h10_usd+,1693,0.302,1.13,0.4578,0.9081,-0.6062,0.33,-1.57,-0.89
EURUSD,h10_usd-,1693,-0.302,-1.13,0.453,0.9081,-1.2101,-0.33,-3.13,-1.77
EURUSD,h11_usd+,1694,0.0134,0.06,0.4475,0.9081,-0.8947,0.01,-2.32,-1.47
EURUSD,h11_usd-,1694,-0.0134,-0.06,0.4516,0.9081,-0.9216,-0.01,-2.39,-1.51
EURUSD,h12_usd+,1694,0.4517,1.97,0.4687,0.9081,-0.4564,0.5,-1.18,-0.78
EURUSD,h12_usd-,1694,-0.4517,-1.97,0.4298,0.9081,-1.3598,-0.5,-3.52,-2.32
EURUSD,h13_usd+,1694,0.9823,3.83,0.5213,0.9081,0.0742,1.08,0.19,0.11
EURUSD,h13_usd-,1694,-0.9823,-3.83,0.3961,0.9081,-1.8905,-1.08,-4.9,-2.88
EURUSD,h14_usd+,1696,-0.8132,-1.94,0.4487,0.9081,-1.7213,-0.9,-4.47,-1.61
EURUSD,h14_usd-,1696,0.8132,1.94,0.4935,0.9081,-0.0949,0.9,-0.25,-0.09
EURUSD,h15_usd+,1695,-0.3961,-1.16,0.446,0.9081,-1.3042,-0.44,-3.38,-1.49
EURUSD,h15_usd-,1695,0.3961,1.16,0.4791,0.9081,-0.5121,0.44,-1.33,-0.59
EURUSD,h16_usd+,1697,0.5332,1.33,0.4909,0.9081,-0.3749,0.59,-0.97,-0.37
EURUSD,h16_usd-,1697,-0.5332,-1.33,0.4567,0.9081,-1.4413,-0.59,-3.74,-1.41
EURUSD,h17_usd+,1691,0.0018,0.01,0.4672,0.9081,-0.9063,0.0,-2.34,-1.29
EURUSD,h17_usd-,1691,-0.0018,-0.01,0.4447,0.9081,-0.9099,-0.0,-2.35,-1.3
EURUSD,h18_usd+,1680,0.3207,1.47,0.4738,0.9081,-0.5874,0.35,-1.51,-1.05
EURUSD,h18_usd-,1680,-0.3207,-1.47,0.4274,0.9081,-1.2288,-0.35,-3.16,-2.2
EURUSD,h19_usd+,1631,-0.1883,-0.82,0.4427,0.9081,-1.0964,-0.21,-2.74,-1.86
EURUSD,h19_usd-,1631,0.1883,0.82,0.4464,0.9081,-0.7198,0.21,-1.8,-1.22
EURUSD,h20_usd+,1614,-0.217,-0.89,0.4343,0.9081,-1.1252,-0.24,-2.78,-1.8
EURUSD,h20_usd-,1614,0.217,0.89,0.4504,0.9081,-0.6911,0.24,-1.71,-1.11
EURUSD,h21_usd+,1587,-0.0441,-0.25,0.4216,0.9081,-0.9522,-0.05,-2.31,-2.09
EURUSD,h21_usd-,1587,0.0441,0.25,0.4266,0.9081,-0.864,0.05,-2.1,-1.9
EURUSD,h22_usd+,1159,-0.2813,-1.64,0.3796,0.9081,-1.1894,-0.31,-2.11,-2.71
EURUSD,h22_usd-,1159,0.2813,1.64,0.4124,0.9081,-0.6268,0.31,-1.11,-1.43
EURUSD,h23_usd+,422,0.1376,0.22,0.3199,0.9081,-0.7705,0.15,-0.5,-0.49
EURUSD,h23_usd-,422,-0.1376,-0.22,0.4289,0.9081,-1.0457,-0.15,-0.67,-0.67
GBPUSD,h00_usd+,1074,-0.2392,-0.84,0.3799,1.1976,-1.4369,-0.2,-2.36,-1.97
GBPUSD,h00_usd-,1074,0.2392,0.84,0.4041,1.1976,-0.9584,0.2,-1.57,-1.32
GBPUSD,h01_usd+,1287,0.4053,1.68,0.4336,1.1976,-0.7923,0.34,-1.56,-1.28
GBPUSD,h01_usd-,1287,-0.4053,-1.68,0.4009,1.1976,-1.6029,-0.34,-3.16,-2.59
GBPUSD,h02_usd+,1651,-0.0113,-0.04,0.4107,1.1976,-1.2089,-0.01,-3.05,-1.56
GBPUSD,h02_usd-,1651,0.0113,0.04,0.4373,1.1976,-1.1864,0.01,-3.0,-1.53
GBPUSD,h03_usd+,1660,-0.1937,-0.9,0.4163,1.1976,-1.3913,-0.16,-3.53,-2.53
GBPUSD,h03_usd-,1660,0.1937,0.9,0.4012,1.1976,-1.0039,0.16,-2.55,-1.83
GBPUSD,h04_usd+,1611,0.2277,1.49,0.4252,1.1976,-0.9699,0.19,-2.39,-2.49
GBPUSD,h04_usd-,1611,-0.2277,-1.49,0.3966,1.1976,-1.4253,-0.19,-3.51,-3.66
GBPUSD,h05_usd+,1534,0.1161,0.8,0.4016,1.1976,-1.0815,0.1,-2.54,-2.92
GBPUSD,h05_usd-,1534,-0.1161,-0.8,0.395,1.1976,-1.3137,-0.1,-3.08,-3.55
GBPUSD,h06_usd+,1534,0.0028,0.02,0.4009,1.1976,-1.1948,0.0,-2.8,-2.93
GBPUSD,h06_usd-,1534,-0.0028,-0.02,0.4074,1.1976,-1.2004,-0.0,-2.82,-2.94
GBPUSD,h07_usd+,1627,-0.2763,-1.28,0.4204,1.1976,-1.4739,-0.23,-3.67,-2.67
GBPUSD,h07_usd-,1627,0.2763,1.28,0.4272,1.1976,-0.9213,0.23,-2.29,-1.67
GBPUSD,h08_usd+,1681,0.5224,1.55,0.4706,1.1976,-0.6753,0.44,-1.74,-0.78
GBPUSD,h08_usd-,1681,-0.5224,-1.55,0.4485,1.1976,-1.72,-0.44,-4.42,-1.99
GBPUSD,h09_usd+,1688,0.0616,0.17,0.4674,1.1976,-1.1361,0.05,-2.93,-1.22
GBPUSD,h09_usd-,1688,-0.0616,-0.17,0.4668,1.1976,-1.2592,-0.05,-3.25,-1.35
GBPUSD,h10_usd+,1682,-0.4239,-1.26,0.4156,1.1976,-1.6215,-0.35,-4.17,-1.89
GBPUSD,h10_usd-,1682,0.4239,1.26,0.4929,1.1976,-0.7737,0.35,-1.99,-0.9
GBPUSD,h11_usd+,1683,-0.2451,-0.85,0.4272,1.1976,-1.4428,-0.2,-3.71,-1.95
GBPUSD,h11_usd-,1683,0.2451,0.85,0.4688,1.1976,-0.9525,0.2,-2.45,-1.29
GBPUSD,h12_usd+,1675,0.7719,2.57,0.474,1.1976,-0.4258,0.64,-1.09,-0.55
GBPUSD,h12_usd-,1675,-0.7719,-2.57,0.4263,1.1976,-1.9695,-0.64,-5.05,-2.57
GBPUSD,h13_usd+,1687,0.2818,0.8,0.4677,1.1976,-0.9158,0.24,-2.36,-1.02
GBPUSD,h13_usd-,1687,-0.2818,-0.8,0.4392,1.1976,-1.4794,-0.24,-3.82,-1.65
GBPUSD,h14_usd+,1679,-0.357,-0.8,0.4586,1.1976,-1.5546,-0.3,-3.99,-1.36
GBPUSD,h14_usd-,1679,0.357,0.8,0.4687,1.1976,-0.8406,0.3,-2.16,-0.73
GBPUSD,h15_usd+,1681,-0.3535,-0.9,0.4426,1.1976,-1.5512,-0.3,-3.99,-1.55
GBPUSD,h15_usd-,1681,0.3535,0.9,0.4848,1.1976,-0.8441,0.3,-2.17,-0.84
GBPUSD,h16_usd+,1684,0.2695,0.58,0.4792,1.1976,-0.9282,0.22,-2.39,-0.78
GBPUSD,h16_usd-,1684,-0.2695,-0.58,0.4555,1.1976,-1.4671,-0.22,-3.78,-1.23
GBPUSD,h17_usd+,1685,-0.5093,-1.47,0.4415,1.1976,-1.7069,-0.43,-4.4,-1.93
GBPUSD,h17_usd-,1685,0.5093,1.47,0.4688,1.1976,-0.6883,0.43,-1.77,-0.78
GBPUSD,h18_usd+,1665,0.3495,1.36,0.4486,1.1976,-0.8481,0.29,-2.16,-1.29
GBPUSD,h18_usd-,1665,-0.3495,-1.36,0.4378,1.1976,-1.5471,-0.29,-3.94,-2.35
GBPUSD,h19_usd+,1644,-0.0946,-0.38,0.4227,1.1976,-1.2922,-0.08,-3.25,-2.05
GBPUSD,h19_usd-,1644,0.0946,0.38,0.4434,1.1976,-1.1031,0.08,-2.77,-1.75
GBPUSD,h20_usd+,1609,-0.0334,-0.12,0.4288,1.1976,-1.231,-0.03,-3.03,-1.75
GBPUSD,h20_usd-,1609,0.0334,0.12,0.4282,1.1976,-1.1642,0.03,-2.87,-1.65
GBPUSD,h21_usd+,1570,-0.3556,-1.72,0.3885,1.1976,-1.5532,-0.3,-3.73,-2.94
GBPUSD,h21_usd-,1570,0.3556,1.72,0.4401,1.1976,-0.842,0.3,-2.02,-1.59
GBPUSD,h22_usd+,1146,-0.4893,-2.73,0.3429,1.1976,-1.6869,-0.41,-2.96,-3.69
GBPUSD,h22_usd-,1146,0.4893,2.73,0.4276,1.1976,-0.7083,0.41,-1.24,-1.55
GBPUSD,h23_usd+,495,1.0973,1.98,0.3879,1.1976,-0.1004,0.92,-0.08,-0.07
GBPUSD,h23_usd-,495,-1.0973,-1.98,0.2848,1.1976,-2.2949,-0.92,-1.74,-1.62
USDJPY,h00_usd+,1263,-0.1202,-0.33,0.4181,1.0688,-1.189,-0.11,-2.3,-1.27
USDJPY,h00_usd-,1263,0.1202,0.33,0.4624,1.0688,-0.9486,0.11,-1.83,-1.01
USDJPY,h01_usd+,1472,-0.2689,-0.83,0.4586,1.0688,-1.3377,-0.25,-3.01,-1.62
USDJPY,h01_usd-,1472,0.2689,0.83,0.4402,1.0688,-0.7999,0.25,-1.8,-0.97
USDJPY,h02_usd+,1666,-0.5744,-1.7,0.4406,1.0688,-1.6433,-0.54,-4.19,-1.91
USDJPY,h02_usd-,1666,0.5744,1.7,0.4526,1.0688,-0.4944,0.54,-1.26,-0.57
USDJPY,h03_usd+,1641,0.3001,0.99,0.4503,1.0688,-0.7687,0.28,-1.93,-0.99
USDJPY,h03_usd-,1641,-0.3001,-0.99,0.4351,1.0688,-1.3689,-0.28,-3.44,-1.77
USDJPY,h04_usd+,1584,0.1437,0.51,0.4249,1.0688,-0.9251,0.13,-2.24,-1.29
USDJPY,h04_usd-,1584,-0.1437,-0.51,0.416,1.0688,-1.2125,-0.13,-2.94,-1.7
USDJPY,h05_usd+,1545,0.1059,0.42,0.4453,1.0688,-0.9629,0.1,-2.28,-1.49
USDJPY,h05_usd-,1545,-0.1059,-0.42,0.4026,1.0688,-1.1747,-0.1,-2.78,-1.82
USDJPY,h06_usd+,1522,0.0157,0.06,0.452,1.0688,-1.0531,0.01,-2.45,-1.48
USDJPY,h06_usd-,1522,-0.0157,-0.06,0.4106,1.0688,-1.0845,-0.01,-2.52,-1.52
USDJPY,h07_usd+,1568,0.2472,1.03,0.4528,1.0688,-0.8216,0.23,-1.97,-1.35
USDJPY,h07_usd-,1568,-0.2472,-1.03,0.4043,1.0688,-1.316,-0.23,-3.16,-2.15
USDJPY,h08_usd+,1662,0.3348,1.03,0.4838,1.0688,-0.734,0.31,-1.87,-0.88
USDJPY,h08_usd-,1662,-0.3348,-1.03,0.4182,1.0688,-1.4036,-0.31,-3.57,-1.69
USDJPY,h09_usd+,1678,-0.0705,-0.21,0.4714,1.0688,-1.1393,-0.07,-2.92,-1.33
USDJPY,h09_usd-,1678,0.0705,0.21,0.4398,1.0688,-0.9983,0.07,-2.56,-1.17
USDJPY,h10_usd+,1667,0.1724,0.54,0.4625,1.0688,-0.8964,0.16,-2.29,-1.09
USDJPY,h10_usd-,1667,-0.1724,-0.54,0.4337,1.0688,-1.2413,-0.16,-3.16,-1.52
USDJPY,h11_usd+,1659,0.3465,1.62,0.4599,1.0688,-0.7224,0.32,-1.83,-1.32
USDJPY,h11_usd-,1659,-0.3465,-1.62,0.4057,1.0688,-1.4153,-0.32,-3.59,-2.59
USDJPY,h12_usd+,1656,0.0738,0.3,0.4457,1.0688,-0.995,0.07,-2.52,-1.6
USDJPY,h12_usd-,1656,-0.0738,-0.3,0.4227,1.0688,-1.1427,-0.07,-2.89,-1.84
USDJPY,h13_usd+,1668,0.2718,1.03,0.4748,1.0688,-0.797,0.25,-2.03,-1.18
USDJPY,h13_usd-,1668,-0.2718,-1.03,0.3957,1.0688,-1.3406,-0.25,-3.42,-1.98
USDJPY,h14_usd+,1672,-0.0486,-0.1,0.4569,1.0688,-1.1174,-0.05,-2.86,-0.86
USDJPY,h14_usd-,1672,0.0486,0.1,0.4593,1.0688,-1.0202,0.05,-2.61,-0.79
USDJPY,h15_usd+,1669,-0.3694,-0.99,0.4673,1.0688,-1.4382,-0.35,-3.67,-1.51
USDJPY,h15_usd-,1669,0.3694,0.99,0.4638,1.0688,-0.6994,0.35,-1.79,-0.73
USDJPY,h16_usd+,1670,0.5306,1.32,0.4892,1.0688,-0.5382,0.5,-1.37,-0.52
USDJPY,h16_usd-,1670,-0.5306,-1.32,0.4425,1.0688,-1.5994,-0.5,-4.09,-1.55
USDJPY,h17_usd+,1660,0.3716,1.17,0.4723,1.0688,-0.6972,0.35,-1.77,-0.86
USDJPY,h17_usd-,1660,-0.3716,-1.17,0.4241,1.0688,-1.4404,-0.35,-3.66,-1.77
USDJPY,h18_usd+,1605,0.163,0.72,0.4667,1.0688,-0.9059,0.15,-2.22,-1.56
USDJPY,h18_usd-,1605,-0.163,-0.72,0.4037,1.0688,-1.2318,-0.15,-3.02,-2.12
USDJPY,h19_usd+,1544,0.4913,1.79,0.4566,1.0688,-0.5775,0.46,-1.36,-0.82
USDJPY,h19_usd-,1544,-0.4913,-1.79,0.3892,1.0688,-1.5601,-0.46,-3.68,-2.23
USDJPY,h20_usd+,1517,-0.0752,-0.29,0.4331,1.0688,-1.144,-0.07,-2.65,-1.71
USDJPY,h20_usd-,1517,0.0752,0.29,0.416,1.0688,-0.9936,0.07,-2.31,-1.48
USDJPY,h21_usd+,1475,0.6012,2.83,0.4522,1.0688,-0.4676,0.56,-1.05,-0.86
USDJPY,h21_usd-,1475,-0.6012,-2.83,0.3593,1.0688,-1.67,-0.56,-3.77,-3.08
USDJPY,h22_usd+,1135,0.3192,1.18,0.4317,1.0688,-0.7496,0.3,-1.3,-1.08
USDJPY,h22_usd-,1135,-0.3192,-1.18,0.3454,1.0688,-1.3881,-0.3,-2.41,-2.0
USDJPY,h23_usd+,353,-1.7317,-2.08,0.2975,1.0688,-2.8005,-1.62,-1.51,-1.31
USDJPY,h23_usd-,353,1.7317,2.08,0.4986,1.0688,0.6628,1.62,0.36,0.31
AUDUSD,h00_usd+,1038,-1.2991,-2.65,0.3314,2.5343,-3.8333,-0.51,-6.09,-3.06
AUDUSD,h00_usd-,1038,1.2991,2.65,0.4451,2.5343,-1.2352,0.51,-1.96,-0.99
AUDUSD,h01_usd+,1322,1.0413,2.68,0.4175,2.5343,-1.493,0.41,-3.02,-1.5
AUDUSD,h01_usd-,1322,-1.0413,-2.68,0.3722,2.5343,-3.5756,-0.41,-7.23,-3.6
AUDUSD,h02_usd+,1648,-0.0449,-0.11,0.4138,2.5343,-2.5792,-0.02,-6.5,-2.48
AUDUSD,h02_usd-,1648,0.0449,0.11,0.4223,2.5343,-2.4894,0.02,-6.27,-2.39
AUDUSD,h03_usd+,1661,-0.698,-1.83,0.3901,2.5343,-3.2323,-0.28,-8.21,-3.32
AUDUSD,h03_usd-,1661,0.698,1.83,0.4262,2.5343,-1.8363,0.28,-4.67,-1.88
AUDUSD,h04_usd+,1639,-0.0414,-0.14,0.3972,2.5343,-2.5757,-0.02,-6.46,-3.28
AUDUSD,h04_usd-,1639,0.0414,0.14,0.3984,2.5343,-2.4928,0.02,-6.25,-3.18
AUDUSD,h05_usd+,1589,-0.0255,-0.1,0.3587,2.5343,-2.5598,-0.01,-6.22,-3.83
AUDUSD,h05_usd-,1589,0.0255,0.1,0.4091,2.5343,-2.5088,0.01,-6.1,-3.75
AUDUSD,h06_usd+,1537,0.1284,0.42,0.3826,2.5343,-2.4059,0.05,-5.66,-3.09
AUDUSD,h06_usd-,1537,-0.1284,-0.42,0.3949,2.5343,-2.6627,-0.05,-6.26,-3.43
AUDUSD,h07_usd+,1615,-0.8189,-2.31,0.369,2.5343,-3.3532,-0.32,-8.28,-3.7
AUDUSD,h07_usd-,1615,0.8189,2.31,0.4111,2.5343,-1.7153,0.32,-4.24,-1.89
AUDUSD,h08_usd+,1659,0.2024,0.55,0.4123,2.5343,-2.3319,0.08,-5.92,-2.48
AUDUSD,h08_usd-,1659,-0.2024,-0.55,0.4256,2.5343,-2.7366,-0.08,-6.94,-2.9
AUDUSD,h09_usd+,1668,-0.2562,-0.66,0.4203,2.5343,-2.7905,-0.1,-7.12,-2.79
AUDUSD,h09_usd-,1668,0.2562,0.66,0.4293,2.5343,-2.2781,0.1,-5.81,-2.28
AUDUSD,h10_usd+,1655,0.6966,2.11,0.4163,2.5343,-1.8377,0.27,-4.65,-2.17
AUDUSD,h10_usd-,1655,-0.6966,-2.11,0.4,2.5343,-3.2309,-0.27,-8.18,-3.82
AUDUSD,h11_usd+,1656,0.2736,0.94,0.3889,2.5343,-2.2607,0.11,-5.73,-3.03
AUDUSD,h11_usd-,1656,-0.2736,-0.94,0.3961,2.5343,-2.8079,-0.11,-7.11,-3.76
AUDUSD,h12_usd+,1643,0.5924,2.05,0.3968,2.5343,-1.9419,0.23,-4.88,-2.63
AUDUSD,h12_usd-,1643,-0.5924,-2.05,0.3628,2.5343,-3.1267,-0.23,-7.86,-4.24
AUDUSD,h13_usd+,1659,0.143,0.42,0.4039,2.5343,-2.3913,0.06,-6.07,-2.75
AUDUSD,h13_usd-,1659,-0.143,-0.42,0.3882,2.5343,-2.6773,-0.06,-6.79,-3.08
AUDUSD,h14_usd+,1678,-0.4485,-0.84,0.4309,2.5343,-2.9827,-0.18,-7.66,-2.18
AUDUSD,h14_usd-,1678,0.4485,0.84,0.435,2.5343,-2.0858,0.18,-5.35,-1.53
AUDUSD,h15_usd+,1666,-0.4794,-1.05,0.4046,2.5343,-3.0136,-0.19,-7.68,-2.57
AUDUSD,h15_usd-,1666,0.4794,1.05,0.4454,2.5343,-2.0549,0.19,-5.24,-1.75
AUDUSD,h16_usd+,1661,0.0854,0.15,0.4293,2.5343,-2.4489,0.03,-6.22,-1.68
AUDUSD,h16_usd-,1661,-0.0854,-0.15,0.4479,2.5343,-2.6197,-0.03,-6.66,-1.8
AUDUSD,h17_usd+,1659,0.5283,1.38,0.4358,2.5343,-2.0059,0.21,-5.09,-2.05
AUDUSD,h17_usd-,1659,-0.5283,-1.38,0.4027,2.5343,-3.0626,-0.21,-7.77,-3.12
AUDUSD,h18_usd+,1637,0.0387,0.13,0.3763,2.5343,-2.4956,0.02,-6.25,-3.28
AUDUSD,h18_usd-,1637,-0.0387,-0.13,0.3995,2.5343,-2.5729,-0.02,-6.44,-3.39
AUDUSD,h19_usd+,1552,-0.2108,-0.58,0.3647,2.5343,-2.7451,-0.08,-6.52,-2.94
AUDUSD,h19_usd-,1552,0.2108,0.58,0.3853,2.5343,-2.3234,0.08,-5.52,-2.49
AUDUSD,h20_usd+,1553,-0.3286,-0.87,0.3748,2.5343,-2.8629,-0.13,-6.8,-2.97
AUDUSD,h20_usd-,1553,0.3286,0.87,0.4012,2.5343,-2.2056,0.13,-5.24,-2.29
AUDUSD,h21_usd+,1497,0.0792,0.27,0.3554,2.5343,-2.4551,0.03,-5.62,-3.29
AUDUSD,h21_usd-,1497,-0.0792,-0.27,0.3647,2.5343,-2.6135,-0.03,-5.98,-3.5
AUDUSD,h22_usd+,793,-0.2943,-0.94,0.3241,2.5343,-2.8286,-0.12,-3.43,-3.55
AUDUSD,h22_usd-,793,0.2943,0.94,0.3291,2.5343,-2.24,0.12,-2.72,-2.81
AUDUSD,h23_usd+,220,5.3071,3.3,0.4636,2.5343,2.7728,2.09,0.93,0.67
AUDUSD,h23_usd-,220,-5.3071,-3.3,0.2818,2.5343,-7.8414,-2.09,-2.64,-1.91
USDCAD,h00_usd+,917,-0.1006,-0.35,0.3457,1.5883,-1.6889,-0.06,-2.37,-2.27
USDCAD,h00_usd-,917,0.1006,0.35,0.4188,1.5883,-1.4877,0.06,-2.09,-2.0
USDCAD,h01_usd+,1251,0.1713,0.84,0.3709,1.5883,-1.417,0.11,-2.71,-2.72
USDCAD,h01_usd-,1251,-0.1713,-0.84,0.3693,1.5883,-1.7596,-0.11,-3.37,-3.38
USDCAD,h02_usd+,1638,0.0513,0.27,0.4078,1.5883,-1.537,0.03,-3.85,-3.19
USDCAD,h02_usd-,1638,-0.0513,-0.27,0.3895,1.5883,-1.6396,-0.03,-4.11,-3.41
USDCAD,h03_usd+,1653,-0.1945,-1.1,0.3702,1.5883,-1.7828,-0.12,-4.51,-3.93
USDCAD,h03_usd-,1653,0.1945,1.1,0.3793,1.5883,-1.3938,0.12,-3.52,-3.07
USDCAD,h04_usd+,1607,0.1369,1.04,0.3603,1.5883,-1.4514,0.09,-3.57,-4.3
USDCAD,h04_usd-,1607,-0.1369,-1.04,0.3479,1.5883,-1.7252,-0.09,-4.24,-5.12
USDCAD,h05_usd+,1511,0.028,0.23,0.3289,1.5883,-1.5603,0.02,-3.61,-4.97
USDCAD,h05_usd-,1511,-0.028,-0.23,0.3243,1.5883,-1.6163,-0.02,-3.74,-5.14
USDCAD,h06_usd+,1467,-0.0336,-0.26,0.3476,1.5883,-1.6219,-0.02,-3.64,-4.91
USDCAD,h06_usd-,1467,0.0336,0.26,0.3272,1.5883,-1.5548,0.02,-3.49,-4.71
USDCAD,h07_usd+,1579,-0.2338,-1.46,0.3452,1.5883,-1.8221,-0.15,-4.4,-4.44
USDCAD,h07_usd-,1579,0.2338,1.46,0.3686,1.5883,-1.3545,0.15,-3.27,-3.3
USDCAD,h08_usd+,1674,0.2342,1.18,0.4253,1.5883,-1.3541,0.15,-3.47,-2.67
USDCAD,h08_usd-,1674,-0.2342,-1.18,0.3984,1.5883,-1.8225,-0.15,-4.67,-3.6
USDCAD,h09_usd+,1691,-0.1971,-0.84,0.4128,1.5883,-1.7854,-0.12,-4.62,-2.98
USDCAD,h09_usd-,1691,0.1971,0.84,0.4092,1.5883,-1.3912,0.12,-3.6,-2.32
USDCAD,h10_usd+,1678,0.3019,1.53,0.4094,1.5883,-1.2864,0.19,-3.3,-2.56
USDCAD,h10_usd-,1678,-0.3019,-1.53,0.4052,1.5883,-1.8902,-0.19,-4.85,-3.76
USDCAD,h11_usd+,1680,0.3021,1.69,0.4,1.5883,-1.2862,0.19,-3.3,-2.81
USDCAD,h11_usd-,1680,-0.3021,-1.69,0.3696,1.5883,-1.8904,-0.19,-4.86,-4.13
USDCAD,h12_usd+,1669,0.2459,1.35,0.3954,1.5883,-1.3424,0.15,-3.43,-2.87
USDCAD,h12_usd-,1669,-0.2459,-1.35,0.3793,1.5883,-1.8342,-0.15,-4.68,-3.92
USDCAD,h13_usd+,1674,0.4184,1.95,0.4552,1.5883,-1.1699,0.26,-3.0,-2.13
USDCAD,h13_usd-,1674,-0.4184,-1.95,0.3919,1.5883,-2.0067,-0.26,-5.14,-3.66
USDCAD,h14_usd+,1693,-0.0843,-0.25,0.4383,1.5883,-1.6726,-0.05,-4.33,-1.97
USDCAD,h14_usd-,1693,0.0843,0.25,0.433,1.5883,-1.5041,0.05,-3.89,-1.77
USDCAD,h15_usd+,1695,-0.1864,-0.59,0.436,1.5883,-1.7747,-0.12,-4.6,-2.2
USDCAD,h15_usd-,1695,0.1864,0.59,0.446,1.5883,-1.4019,0.12,-3.63,-1.74
USDCAD,h16_usd+,1693,-0.2291,-0.6,0.4424,1.5883,-1.8174,-0.14,-4.71,-1.85
USDCAD,h16_usd-,1693,0.2291,0.6,0.4477,1.5883,-1.3592,0.14,-3.52,-1.38
USDCAD,h17_usd+,1687,-0.5428,-1.9,0.4203,1.5883,-2.1311,-0.34,-5.5,-2.92
USDCAD,h17_usd-,1687,0.5428,1.9,0.4475,1.5883,-1.0455,0.34,-2.7,-1.43
USDCAD,h18_usd+,1669,0.0334,0.16,0.4002,1.5883,-1.5549,0.02,-3.97,-2.96
USDCAD,h18_usd-,1669,-0.0334,-0.16,0.4074,1.5883,-1.6217,-0.02,-4.14,-3.09
USDCAD,h19_usd+,1657,0.05,0.22,0.3923,1.5883,-1.5383,0.03,-3.9,-2.66
USDCAD,h19_usd-,1657,-0.05,-0.22,0.3983,1.5883,-1.6383,-0.03,-4.15,-2.83
USDCAD,h20_usd+,1646,-0.1712,-0.73,0.3961,1.5883,-1.7595,-0.11,-4.43,-2.92
USDCAD,h20_usd-,1646,0.1712,0.73,0.4125,1.5883,-1.4171,0.11,-3.57,-2.35
USDCAD,h21_usd+,1614,0.3407,1.7,0.3848,1.5883,-1.2476,0.21,-3.08,-2.44
USDCAD,h21_usd-,1614,-0.3407,-1.7,0.3903,1.5883,-1.929,-0.21,-4.76,-3.77
USDCAD,h22_usd+,1207,-0.1171,-0.51,0.3455,1.5883,-1.7054,-0.07,-3.15,-2.92
USDCAD,h22_usd-,1207,0.1171,0.51,0.3853,1.5883,-1.4712,0.07,-2.72,-2.52
USDCAD,h23_usd+,253,1.3897,1.68,0.3755,1.5883,-0.1986,0.87,-0.08,-0.09
USDCAD,h23_usd-,253,-1.3897,-1.68,0.2648,1.5883,-2.978,-0.87,-1.15,-1.41
USDCHF,h00_usd+,773,-0.143,-0.35,0.3661,1.7226,-1.8656,-0.08,-2.21,-1.81
USDCHF,h00_usd-,773,0.143,0.35,0.4049,1.7226,-1.5797,0.08,-1.87,-1.53
USDCHF,h01_usd+,1046,-0.0164,-0.06,0.3977,1.7226,-1.739,-0.01,-2.78,-2.45
USDCHF,h01_usd-,1046,0.0164,0.06,0.4025,1.7226,-1.7063,0.01,-2.73,-2.41
USDCHF,h02_usd+,1496,-0.2355,-1.07,0.3857,1.7226,-1.9582,-0.14,-4.48,-3.47
USDCHF,h02_usd-,1496,0.2355,1.07,0.4138,1.7226,-1.4871,0.14,-3.4,-2.63
USDCHF,h03_usd+,1456,0.0876,0.43,0.3894,1.7226,-1.635,0.05,-3.64,-3.14
USDCHF,h03_usd-,1456,-0.0876,-0.43,0.3736,1.7226,-1.8103,-0.05,-4.03,-3.47
USDCHF,h04_usd+,1334,-0.0453,-0.27,0.3756,1.7226,-1.7679,-0.03,-3.61,-4.1
USDCHF,h04_usd-,1334,0.0453,0.27,0.3456,1.7226,-1.6774,0.03,-3.42,-3.89
USDCHF,h05_usd+,1187,-0.0287,-0.16,0.3521,1.7226,-1.7514,-0.02,-3.18,-3.78
USDCHF,h05_usd-,1187,0.0287,0.16,0.3488,1.7226,-1.6939,0.02,-3.08,-3.66
USDCHF,h06_usd+,1166,0.1939,1.09,0.4014,1.7226,-1.5288,0.11,-2.73,-3.36
USDCHF,h06_usd-,1166,-0.1939,-1.09,0.3328,1.7226,-1.9165,-0.11,-3.42,-4.22
USDCHF,h07_usd+,1429,0.0038,0.02,0.3835,1.7226,-1.7188,0.0,-3.76,-3.61
USDCHF,h07_usd-,1429,-0.0038,-0.02,0.38,1.7226,-1.7265,-0.0,-3.77,-3.62
USDCHF,h08_usd+,1658,0.0706,0.25,0.4385,1.7226,-1.652,0.04,-4.19,-2.28
USDCHF,h08_usd-,1658,-0.0706,-0.25,0.4228,1.7226,-1.7933,-0.04,-4.55,-2.47
USDCHF,h09_usd+,1680,-0.7522,-1.99,0.4161,1.7226,-2.4749,-0.44,-6.36,-2.56
USDCHF,h09_usd-,1680,0.7522,1.99,0.4625,1.7226,-0.9704,0.44,-2.49,-1.01
USDCHF,h10_usd+,1673,0.0335,0.12,0.4304,1.7226,-1.6892,0.02,-4.32,-2.3
USDCHF,h10_usd-,1673,-0.0335,-0.12,0.4292,1.7226,-1.7561,-0.02,-4.49,-2.4
USDCHF,h11_usd+,1672,0.4837,1.88,0.4264,1.7226,-1.2389,0.28,-3.17,-1.88
USDCHF,h11_usd-,1672,-0.4837,-1.88,0.4061,1.7226,-2.2064,-0.28,-5.64,-3.35
USDCHF,h12_usd+,1671,0.2867,1.2,0.4279,1.7226,-1.436,0.17,-3.67,-2.36
USDCHF,h12_usd-,1671,-0.2867,-1.2,0.3884,1.7226,-2.0093,-0.17,-5.14,-3.3
USDCHF,h13_usd+,1671,0.2056,0.77,0.4494,1.7226,-1.517,0.12,-3.88,-2.21
USDCHF,h13_usd-,1671,-0.2056,-0.77,0.4004,1.7226,-1.9283,-0.12,-4.93,-2.81
USDCHF,h14_usd+,1675,-0.4296,-0.97,0.4322,1.7226,-2.1522,-0.25,-5.51,-1.9
USDCHF,h14_usd-,1675,0.4296,0.97,0.4687,1.7226,-1.2931,0.25,-3.31,-1.14
USDCHF,h15_usd+,1673,-0.8099,-2.26,0.425,1.7226,-2.5326,-0.47,-6.48,-2.76
USDCHF,h15_usd-,1673,0.8099,2.26,0.4638,1.7226,-0.9127,0.47,-2.34,-0.99
USDCHF,h16_usd+,1681,0.2125,0.5,0.4593,1.7226,-1.5102,0.12,-3.88,-1.4
USDCHF,h16_usd-,1681,-0.2125,-0.5,0.4468,1.7226,-1.9351,-0.12,-4.98,-1.8
USDCHF,h17_usd+,1663,0.0272,0.09,0.4311,1.7226,-1.6955,0.02,-4.31,-2.3
USDCHF,h17_usd-,1663,-0.0272,-0.09,0.4239,1.7226,-1.7498,-0.02,-4.45,-2.37
USDCHF,h18_usd+,1631,0.6108,2.74,0.4396,1.7226,-1.1119,0.35,-2.77,-1.95
USDCHF,h18_usd-,1631,-0.6108,-2.74,0.3807,1.7226,-2.3334,-0.35,-5.82,-4.09
USDCHF,h19_usd+,1575,-0.0521,-0.22,0.4083,1.7226,-1.7748,-0.03,-4.28,-2.88
USDCHF,h19_usd-,1575,0.0521,0.22,0.3822,1.7226,-1.6705,0.03,-4.02,-2.71
USDCHF,h20_usd+,1534,-0.298,-1.15,0.3716,1.7226,-2.0206,-0.17,-4.74,-3.05
USDCHF,h20_usd-,1534,0.298,1.15,0.399,1.7226,-1.4247,0.17,-3.34,-2.15
USDCHF,h21_usd+,1440,0.0031,0.02,0.3861,1.7226,-1.7196,0.0,-3.79,-3.3
USDCHF,h21_usd-,1440,-0.0031,-0.02,0.3792,1.7226,-1.7257,-0.0,-3.8,-3.31
USDCHF,h22_usd+,747,-0.5659,-2.34,0.3494,1.7226,-2.2886,-0.33,-2.61,-3.7
USDCHF,h22_usd-,747,0.5659,2.34,0.3748,1.7226,-1.1567,0.33,-1.32,-1.87
USDCHF,h23_usd+,203,-2.4931,-2.58,0.2562,1.7226,-4.2157,-1.45,-1.31,-1.71
USDCHF,h23_usd-,203,2.4931,2.58,0.399,1.7226,0.7704,1.45,0.24,0.31
NZDUSD,h00_usd+,914,0.1492,0.26,0.3807,2.9048,-2.7556,0.05,-3.85,-1.87
NZDUSD,h00_usd-,914,-0.1492,-0.26,0.3982,2.9048,-3.054,-0.05,-4.27,-2.07
NZDUSD,h01_usd+,1294,0.867,2.23,0.432,2.9048,-2.0378,0.3,-4.03,-2.05
NZDUSD,h01_usd-,1294,-0.867,-2.23,0.3555,2.9048,-3.7718,-0.3,-7.47,-3.79
NZDUSD,h02_usd+,1663,-0.3793,-0.94,0.4029,2.9048,-3.2841,-0.13,-8.35,-3.18
NZDUSD,h02_usd-,1663,0.3793,0.94,0.4269,2.9048,-2.5255,0.13,-6.42,-2.44
NZDUSD,h03_usd+,1676,-0.618,-1.68,0.3801,2.9048,-3.5228,-0.21,-9.03,-3.75
NZDUSD,h03_usd-,1676,0.618,1.68,0.4296,2.9048,-2.2868,0.21,-5.86,-2.43
NZDUSD,h04_usd+,1632,0.1096,0.33,0.3891,2.9048,-2.7952,0.04,-6.98,-3.3
NZDUSD,h04_usd-,1632,-0.1096,-0.33,0.3787,2.9048,-3.0144,-0.04,-7.52,-3.55
NZDUSD,h05_usd+,1546,0.0386,0.15,0.3596,2.9048,-2.8662,0.01,-6.78,-4.24
NZDUSD,h05_usd-,1546,-0.0386,-0.15,0.3823,2.9048,-2.9433,-0.01,-6.96,-4.36
NZDUSD,h06_usd+,1473,0.1302,0.47,0.3625,2.9048,-2.7746,0.04,-6.25,-3.89
NZDUSD,h06_usd-,1473,-0.1302,-0.47,0.3734,2.9048,-3.035,-0.04,-6.84,-4.25
NZDUSD,h07_usd+,1593,-0.3382,-1.1,0.3804,2.9048,-3.243,-0.12,-7.9,-4.12
NZDUSD,h07_usd-,1593,0.3382,1.1,0.3785,2.9048,-2.5666,0.12,-6.25,-3.26
NZDUSD,h08_usd+,1682,0.1081,0.3,0.3948,2.9048,-2.7967,0.04,-7.19,-3.03
NZDUSD,h08_usd-,1682,-0.1081,-0.3,0.4209,2.9048,-3.0129,-0.04,-7.75,-3.27
NZDUSD,h09_usd+,1690,-0.2743,-0.7,0.4083,2.9048,-3.1791,-0.09,-8.22,-3.18
NZDUSD,h09_usd-,1690,0.2743,0.7,0.4331,2.9048,-2.6305,0.09,-6.8,-2.63
NZDUSD,h10_usd+,1681,0.376,1.13,0.3932,2.9048,-2.5288,0.13,-6.5,-2.97
NZDUSD,h10_usd-,1681,-0.376,-1.13,0.4081,2.9048,-3.2808,-0.13,-8.44,-3.85
NZDUSD,h11_usd+,1674,0.4466,1.5,0.3937,2.9048,-2.4582,0.15,-6.29,-3.24
NZDUSD,h11_usd-,1674,-0.4466,-1.5,0.3793,2.9048,-3.3513,-0.15,-8.58,-4.41
NZDUSD,h12_usd+,1648,0.4303,1.46,0.3841,2.9048,-2.4745,0.15,-6.24,-3.27
NZDUSD,h12_usd-,1648,-0.4303,-1.46,0.358,2.9048,-3.3351,-0.15,-8.41,-4.41
NZDUSD,h13_usd+,1671,0.0415,0.12,0.4004,2.9048,-2.8633,0.01,-7.32,-3.35
NZDUSD,h13_usd-,1671,-0.0415,-0.12,0.3782,2.9048,-2.9463,-0.01,-7.53,-3.45
NZDUSD,h14_usd+,1692,-0.4112,-0.74,0.4273,2.9048,-3.316,-0.14,-8.58,-2.33
NZDUSD,h14_usd-,1692,0.4112,0.74,0.4255,2.9048,-2.4936,0.14,-6.45,-1.75
NZDUSD,h15_usd+,1695,-0.6147,-1.35,0.4041,2.9048,-3.5195,-0.21,-9.12,-3.03
NZDUSD,h15_usd-,1695,0.6147,1.35,0.446,2.9048,-2.2901,0.21,-5.94,-1.97
NZDUSD,h16_usd+,1691,0.5718,1.08,0.4358,2.9048,-2.333,0.2,-6.03,-1.73
NZDUSD,h16_usd-,1691,-0.5718,-1.08,0.4222,2.9048,-3.4766,-0.2,-8.99,-2.57
NZDUSD,h17_usd+,1672,0.3505,0.96,0.4115,2.9048,-2.5543,0.12,-6.53,-2.73
NZDUSD,h17_usd-,1672,-0.3505,-0.96,0.3983,2.9048,-3.2552,-0.12,-8.32,-3.48
NZDUSD,h18_usd+,1636,0.3871,1.36,0.3839,2.9048,-2.5177,0.13,-6.3,-3.46
NZDUSD,h18_usd-,1636,-0.3871,-1.36,0.368,2.9048,-3.2919,-0.13,-8.24,-4.52
NZDUSD,h19_usd+,1549,-0.284,-0.84,0.3589,2.9048,-3.1888,-0.1,-7.55,-3.67
NZDUSD,h19_usd-,1549,0.284,0.84,0.3835,2.9048,-2.6208,0.1,-6.21,-3.02
NZDUSD,h20_usd+,1510,-0.1717,-0.46,0.3742,2.9048,-3.0765,-0.06,-7.11,-3.21
NZDUSD,h20_usd-,1510,0.1717,0.46,0.3954,2.9048,-2.7331,0.06,-6.31,-2.85
NZDUSD,h21_usd+,1362,-0.3904,-1.23,0.3488,2.9048,-3.2952,-0.13,-6.86,-4.06
NZDUSD,h21_usd-,1362,0.3904,1.23,0.3767,2.9048,-2.5144,0.13,-5.24,-3.1
NZDUSD,h22_usd+,713,-0.0925,-0.26,0.3324,2.9048,-2.9973,-0.03,-3.27,-3.26
NZDUSD,h22_usd-,713,0.0925,0.26,0.331,2.9048,-2.8123,0.03,-3.07,-3.06
NZDUSD,h23_usd+,224,4.0605,2.9,0.4286,2.9048,1.1557,1.4,0.4,0.32
NZDUSD,h23_usd-,224,-4.0605,-2.9,0.2589,2.9048,-6.9653,-1.4,-2.39,-1.95
