tf,công cụ,N,k,thoát,ALL,FORM,OOS,n_lệnh,thắng%,gross/lệnh,phí/lệnh,net/lệnh,nến/lệnh
M30,EURGBP,24,1.5,time_only,-0.214,-0.159,-0.404,2198,51.8,0.45,0.87,-0.42,20.9
M30,EURGBP,24,1.5,time_only_2x,-0.099,-0.012,-0.338,1711,59.0,0.81,1.07,-0.27,33.3
M30,EURGBP,24,1.5,sl3atr_tp2R,-1.346,-1.183,-1.863,1970,56.2,-2.44,1.01,-3.45,29.3
M30,EURGBP,24,1.5,sl4atr_tp3R,-0.647,-0.566,-0.911,1814,58.5,-0.72,1.04,-1.76,31.5
M30,EURGBP,24,2.0,time_only,-0.593,-0.656,-0.488,1483,47.7,-0.51,0.9,-1.41,22.8
M30,EURGBP,24,2.0,time_only_2x,-0.484,-0.594,-0.236,1177,53.0,-0.51,1.19,-1.7,40.5
M30,EURGBP,24,2.0,sl3atr_tp2R,-1.454,-1.451,-1.565,1321,50.2,-3.92,1.11,-5.04,35.6
M30,EURGBP,24,2.0,sl4atr_tp3R,-0.945,-0.995,-0.905,1240,52.8,-2.31,1.16,-3.47,38.6
M30,EURGBP,24,2.5,time_only,-0.807,-0.737,-1.07,695,45.0,-1.95,0.92,-2.86,23.7
M30,EURGBP,24,2.5,time_only_2x,-0.291,-0.273,-0.348,600,49.5,-0.18,1.28,-1.46,45.7
M30,EURGBP,24,2.5,sl3atr_tp2R,-1.115,-1.043,-1.323,642,46.0,-4.46,1.18,-5.64,39.5
M30,EURGBP,24,2.5,sl4atr_tp3R,-0.652,-0.617,-0.77,619,49.1,-2.26,1.24,-3.5,43.7
M30,EURGBP,48,1.5,time_only,0.02,-0.231,0.682,1293,54.4,1.26,1.19,0.07,40.6
M30,EURGBP,48,1.5,time_only_2x,0.082,-0.094,0.545,988,61.5,1.9,1.52,0.39,60.0
M30,EURGBP,48,1.5,sl3atr_tp2R,-0.917,-0.974,-0.843,1255,57.4,-2.48,1.31,-3.8,47.9
M30,EURGBP,48,1.5,sl4atr_tp3R,-0.446,-0.553,-0.21,1132,61.0,-0.72,1.4,-2.11,53.0
M30,EURGBP,48,2.0,time_only,-0.169,-0.237,-0.003,929,50.3,0.55,1.26,-0.71,44.6
M30,EURGBP,48,2.0,time_only_2x,-0.086,0.066,-0.507,719,54.9,1.22,1.74,-0.53,73.9
M30,EURGBP,48,2.0,sl3atr_tp2R,-0.901,-0.56,-1.837,912,51.0,-3.43,1.49,-4.91,58.2
M30,EURGBP,48,2.0,sl4atr_tp3R,-0.482,-0.275,-1.099,806,55.0,-1.4,1.61,-3.0,65.5
M30,EURGBP,48,2.5,time_only,-0.119,-0.151,-0.047,540,48.0,0.62,1.3,-0.68,46.9
M30,EURGBP,48,2.5,time_only_2x,-0.154,-0.121,-0.26,460,52.4,0.72,1.94,-1.22,85.7
M30,EURGBP,48,2.5,sl3atr_tp2R,-0.744,-0.67,-1.022,522,48.3,-3.81,1.68,-5.49,70.2
M30,EURGBP,48,2.5,sl4atr_tp3R,-0.549,-0.473,-0.835,491,51.7,-2.63,1.81,-4.44,77.7
M30,EURGBP,96,1.5,time_only,0.157,0.165,0.154,709,57.3,2.84,1.82,1.02,78.5
M30,EURGBP,96,1.5,time_only_2x,0.176,0.287,-0.126,537,65.9,4.01,2.38,1.64,112.0
M30,EURGBP,96,1.5,sl3atr_tp2R,-0.719,-0.489,-1.405,807,54.3,-3.12,1.77,-4.9,75.6
M30,EURGBP,96,1.5,sl4atr_tp3R,-0.404,-0.243,-0.917,694,59.8,-1.22,1.99,-3.21,88.5
M30,EURGBP,96,2.0,time_only,0.503,0.645,0.174,543,55.8,5.89,1.93,3.95,85.2
M30,EURGBP,96,2.0,time_only_2x,0.306,0.526,-0.226,415,60.7,6.18,2.73,3.45,133.5
M30,EURGBP,96,2.0,sl3atr_tp2R,-0.176,0.056,-0.861,604,51.3,0.48,2.03,-1.55,91.2
M30,EURGBP,96,2.0,sl4atr_tp3R,-0.277,-0.109,-0.752,514,55.8,-0.56,2.29,-2.86,107.1
M30,EURGBP,96,2.5,time_only,0.217,0.408,-0.268,351,54.7,4.18,2.03,2.15,91.2
M30,EURGBP,96,2.5,time_only_2x,0.182,0.548,-0.636,283,56.5,5.58,3.2,2.38,161.9
M30,EURGBP,96,2.5,sl3atr_tp2R,-0.099,0.126,-0.733,382,47.1,1.2,2.36,-1.16,111.0
M30,EURGBP,96,2.5,sl4atr_tp3R,-0.277,-0.011,-0.946,331,51.7,-0.81,2.69,-3.5,130.9
M30,EURGBP,192,1.5,time_only,0.015,0.025,-0.007,381,58.3,3.11,2.93,0.18,145.4
M30,EURGBP,192,1.5,time_only_2x,0.093,0.116,0.044,301,64.1,5.3,3.86,1.45,201.5
M30,EURGBP,192,1.5,sl3atr_tp2R,-0.613,-0.529,-0.881,561,46.9,-3.82,2.3,-6.11,107.4
M30,EURGBP,192,1.5,sl4atr_tp3R,-0.375,-0.381,-0.387,445,55.5,-1.69,2.81,-4.5,138.4
M30,EURGBP,192,2.0,time_only,-0.123,0.009,-0.449,279,50.9,1.49,3.29,-1.81,167.6
M30,EURGBP,192,2.0,time_only_2x,-0.266,-0.168,-0.495,214,58.4,-0.61,4.88,-5.5,263.6
M30,EURGBP,192,2.0,sl3atr_tp2R,-0.673,-0.601,-0.91,401,41.4,-5.87,2.68,-8.55,130.2
M30,EURGBP,192,2.0,sl4atr_tp3R,-0.545,-0.502,-0.664,313,49.8,-4.6,3.53,-8.13,181.7
M30,EURGBP,192,2.5,time_only,0.074,0.289,-0.434,193,52.3,4.88,3.48,1.4,178.7
M30,EURGBP,192,2.5,time_only_2x,-0.263,-0.12,-0.696,152,52.6,-1.07,5.65,-6.72,310.2
M30,EURGBP,192,2.5,sl3atr_tp2R,-0.158,-0.056,-0.445,243,41.6,0.21,3.12,-2.92,157.3
M30,EURGBP,192,2.5,sl4atr_tp3R,-0.047,0.164,-0.606,208,48.6,3.07,4.05,-0.98,213.1
M30,EURAUD,24,1.5,time_only,-0.55,-0.747,-0.195,2223,51.6,-0.5,0.91,-1.4,21.4
M30,EURAUD,24,1.5,time_only_2x,-0.117,-0.18,-0.001,1720,59.9,0.67,1.1,-0.43,33.2
M30,EURAUD,24,1.5,sl3atr_tp2R,-1.132,-1.298,-0.823,2023,56.6,-2.74,1.03,-3.76,28.6
M30,EURAUD,24,1.5,sl4atr_tp3R,-0.656,-0.758,-0.465,1869,59.2,-1.32,1.06,-2.38,30.8
M30,EURAUD,24,2.0,time_only,-0.428,-0.303,-0.702,1393,50.2,-0.6,0.93,-1.53,23.0
M30,EURAUD,24,2.0,time_only_2x,0.015,0.088,-0.125,1136,54.1,1.31,1.23,0.08,40.8
M30,EURAUD,24,2.0,sl3atr_tp2R,-0.704,-0.552,-1.068,1295,51.4,-2.34,1.13,-3.47,35.1
M30,EURAUD,24,2.0,sl4atr_tp3R,-0.246,-0.29,-0.159,1212,54.5,-0.12,1.18,-1.3,38.1
M30,EURAUD,24,2.5,time_only,-0.705,-0.698,-0.716,490,46.3,-3.07,0.95,-4.02,23.9
M30,EURAUD,24,2.5,time_only_2x,-0.22,-0.168,-0.312,444,50.0,-0.62,1.32,-1.94,46.4
M30,EURAUD,24,2.5,sl3atr_tp2R,-0.835,-0.787,-0.971,473,46.7,-5.82,1.2,-7.02,39.0
M30,EURAUD,24,2.5,sl4atr_tp3R,-0.494,-0.52,-0.452,458,49.6,-3.05,1.27,-4.32,43.2
M30,EURAUD,48,1.5,time_only,-0.095,-0.126,-0.036,1297,54.6,0.78,1.23,-0.44,40.9
M30,EURAUD,48,1.5,time_only_2x,0.219,0.084,0.46,986,62.1,2.95,1.54,1.4,60.0
M30,EURAUD,48,1.5,sl3atr_tp2R,-0.859,-1.043,-0.512,1359,54.8,-3.26,1.28,-4.55,44.3
M30,EURAUD,48,1.5,sl4atr_tp3R,-0.381,-0.567,-0.031,1189,60.3,-0.84,1.39,-2.23,50.8
M30,EURAUD,48,2.0,time_only,-0.142,-0.116,-0.192,930,50.9,0.46,1.29,-0.83,44.7
M30,EURAUD,48,2.0,time_only_2x,0.396,0.326,0.526,735,57.8,4.96,1.75,3.21,72.5
M30,EURAUD,48,2.0,sl3atr_tp2R,-0.316,-0.443,-0.058,953,50.9,-0.89,1.44,-2.34,53.9
M30,EURAUD,48,2.0,sl4atr_tp3R,-0.205,-0.311,-0.001,850,55.1,-0.03,1.58,-1.61,62.2
M30,EURAUD,48,2.5,time_only,-0.151,0.001,-0.465,502,52.6,0.13,1.33,-1.21,47.1
M30,EURAUD,48,2.5,time_only_2x,0.141,0.35,-0.25,427,52.9,3.61,1.98,1.63,86.6
M30,EURAUD,48,2.5,sl3atr_tp2R,-0.207,-0.024,-0.675,488,46.5,-0.77,1.63,-2.4,65.3
M30,EURAUD,48,2.5,sl4atr_tp3R,-0.161,0.031,-0.592,467,50.7,-0.07,1.78,-1.85,74.4
M30,EURAUD,96,1.5,time_only,-0.027,-0.047,0.007,703,53.2,1.61,1.85,-0.24,78.3
M30,EURAUD,96,1.5,time_only_2x,0.071,0.148,-0.087,542,61.1,3.2,2.4,0.8,111.8
M30,EURAUD,96,1.5,sl3atr_tp2R,-0.575,-0.587,-0.559,903,49.5,-3.23,1.67,-4.9,67.6
M30,EURAUD,96,1.5,sl4atr_tp3R,-0.445,-0.408,-0.528,743,56.0,-2.49,1.92,-4.4,82.5
M30,EURAUD,96,2.0,time_only,0.357,0.336,0.401,538,51.7,5.69,1.98,3.71,86.4
M30,EURAUD,96,2.0,time_only_2x,0.087,0.094,0.075,403,57.3,4.2,2.85,1.35,139.2
M30,EURAUD,96,2.0,sl3atr_tp2R,-0.207,-0.13,-0.383,655,45.5,-0.28,1.92,-2.21,83.1
M30,EURAUD,96,2.0,sl4atr_tp3R,-0.012,-0.001,-0.041,560,52.7,2.07,2.22,-0.15,101.1
M30,EURAUD,96,2.5,time_only,0.298,0.404,0.085,342,51.5,5.66,2.07,3.59,92.1
M30,EURAUD,96,2.5,time_only_2x,0.221,0.33,-0.013,271,55.7,7.53,3.29,4.24,165.5
M30,EURAUD,96,2.5,sl3atr_tp2R,0.037,0.218,-0.387,371,43.7,2.83,2.22,0.62,100.6
M30,EURAUD,96,2.5,sl4atr_tp3R,0.198,0.282,0.009,330,50.9,6.32,2.65,3.67,127.1
M30,EURAUD,192,1.5,time_only,-0.086,0.031,-0.347,374,54.8,1.65,3.06,-1.41,151.5
M30,EURAUD,192,1.5,time_only_2x,-0.125,-0.03,-0.352,287,62.7,1.16,4.04,-2.88,211.1
M30,EURAUD,192,1.5,sl3atr_tp2R,-0.606,-0.4,-1.049,613,41.4,-5.3,2.17,-7.47,97.7
M30,EURAUD,192,1.5,sl4atr_tp3R,-0.549,-0.391,-0.92,490,49.6,-5.63,2.64,-8.26,126.1
M30,EURAUD,192,2.0,time_only,-0.4,-0.315,-0.574,277,50.2,-4.68,3.37,-8.05,170.7
M30,EURAUD,192,2.0,time_only_2x,-0.274,-0.091,-0.731,213,59.6,-3.15,4.95,-8.1,265.8
M30,EURAUD,192,2.0,sl3atr_tp2R,-0.697,-0.573,-0.949,445,36.6,-8.18,2.48,-10.66,116.8
M30,EURAUD,192,2.0,sl4atr_tp3R,-0.503,-0.287,-1.004,359,44.8,-6.65,3.19,-9.84,159.8
M30,EURAUD,192,2.5,time_only,-0.0,0.324,-0.641,202,51.0,3.52,3.53,-0.01,180.4
M30,EURAUD,192,2.5,time_only_2x,0.046,0.341,-0.668,165,63.0,7.38,5.62,1.76,306.3
M30,EURAUD,192,2.5,sl3atr_tp2R,-0.097,0.39,-1.207,279,36.6,0.57,2.59,-2.01,123.0
M30,EURAUD,192,2.5,sl4atr_tp3R,0.142,0.622,-0.986,237,45.1,7.67,3.78,3.89,195.1
M30,EURNZD,24,1.5,time_only,-0.92,-1.304,-0.165,2206,49.9,-1.0,1.2,-2.2,21.5
M30,EURNZD,24,1.5,time_only_2x,-0.571,-0.766,-0.189,1678,56.9,-0.68,1.41,-2.09,33.8
M30,EURNZD,24,1.5,sl3atr_tp2R,-1.548,-1.755,-1.162,1983,54.2,-3.94,1.33,-5.27,28.9
M30,EURNZD,24,1.5,sl4atr_tp3R,-1.041,-1.252,-0.649,1814,56.6,-2.34,1.37,-3.71,31.6
M30,EURNZD,24,2.0,time_only,-0.404,-0.277,-0.693,1366,49.5,-0.1,1.23,-1.33,23.1
M30,EURNZD,24,2.0,time_only_2x,-0.08,-0.014,-0.224,1104,53.0,1.12,1.53,-0.41,41.1
M30,EURNZD,24,2.0,sl3atr_tp2R,-0.866,-0.656,-1.354,1238,50.5,-2.63,1.44,-4.06,35.6
M30,EURNZD,24,2.0,sl4atr_tp3R,-0.472,-0.338,-0.804,1159,52.4,-1.0,1.49,-2.49,38.7
M30,EURNZD,24,2.5,time_only,-0.204,-0.443,0.231,479,50.5,0.15,1.24,-1.1,23.9
M30,EURNZD,24,2.5,time_only_2x,0.009,-0.244,0.465,430,48.1,1.7,1.62,0.08,46.8
M30,EURNZD,24,2.5,sl3atr_tp2R,-0.576,-0.623,-0.494,452,45.8,-2.96,1.52,-4.48,40.8
M30,EURNZD,24,2.5,sl4atr_tp3R,-0.284,-0.471,0.049,441,46.7,-0.75,1.58,-2.34,44.4
M30,EURNZD,48,1.5,time_only,-0.232,-0.24,-0.22,1280,53.2,0.5,1.53,-1.03,40.9
M30,EURNZD,48,1.5,time_only_2x,-0.017,-0.019,-0.015,986,61.6,1.74,1.85,-0.11,60.5
M30,EURNZD,48,1.5,sl3atr_tp2R,-1.171,-1.11,-1.311,1349,54.0,-4.24,1.59,-5.83,44.5
M30,EURNZD,48,1.5,sl4atr_tp3R,-0.787,-0.703,-0.957,1176,58.2,-2.75,1.7,-4.44,51.2
M30,EURNZD,48,2.0,time_only,0.053,0.312,-0.507,934,51.6,1.89,1.59,0.3,44.8
M30,EURNZD,48,2.0,time_only_2x,0.271,0.749,-0.65,732,56.7,4.29,2.05,2.23,72.9
M30,EURNZD,48,2.0,sl3atr_tp2R,-0.671,-0.273,-1.566,945,48.5,-2.79,1.76,-4.55,54.8
M30,EURNZD,48,2.0,sl4atr_tp3R,-0.353,-0.013,-1.071,853,53.5,-0.82,1.87,-2.69,61.7
M30,EURNZD,48,2.5,time_only,0.386,0.56,0.045,500,50.4,4.46,1.63,2.83,47.1
M30,EURNZD,48,2.5,time_only_2x,0.345,0.633,-0.191,416,52.4,6.04,2.29,3.76,86.9
M30,EURNZD,48,2.5,sl3atr_tp2R,-0.161,0.214,-1.102,475,44.6,0.23,1.96,-1.73,67.2
M30,EURNZD,48,2.5,sl4atr_tp3R,-0.123,0.166,-0.773,453,50.3,0.81,2.12,-1.31,76.7
M30,EURNZD,96,1.5,time_only,0.015,0.254,-0.459,704,54.1,2.26,2.14,0.12,78.1
M30,EURNZD,96,1.5,time_only_2x,0.117,0.394,-0.423,532,63.2,4.05,2.73,1.31,114.0
M30,EURNZD,96,1.5,sl3atr_tp2R,-0.685,-0.496,-1.087,882,49.0,-3.34,1.99,-5.33,69.0
M30,EURNZD,96,1.5,sl4atr_tp3R,-0.394,-0.171,-0.894,740,56.6,-1.72,2.22,-3.94,83.1
M30,EURNZD,96,2.0,time_only,0.237,0.598,-0.441,541,50.8,4.55,2.27,2.28,86.0
M30,EURNZD,96,2.0,time_only_2x,0.337,0.64,-0.288,416,61.8,8.13,3.07,5.05,134.5
M30,EURNZD,96,2.0,sl3atr_tp2R,-0.081,0.146,-0.602,648,46.8,1.38,2.22,-0.84,82.9
M30,EURNZD,96,2.0,sl4atr_tp3R,0.063,0.355,-0.608,555,54.2,3.3,2.52,0.78,100.8
M30,EURNZD,96,2.5,time_only,0.014,0.334,-0.525,333,48.6,2.57,2.39,0.17,93.4
M30,EURNZD,96,2.5,time_only_2x,-0.092,-0.076,-0.124,259,55.2,1.75,3.61,-1.86,166.9
M30,EURNZD,96,2.5,sl3atr_tp2R,-0.221,-0.167,-0.339,364,43.4,-0.56,2.53,-3.08,101.4
M30,EURNZD,96,2.5,sl4atr_tp3R,-0.036,0.064,-0.278,329,48.9,2.29,2.92,-0.62,125.0
M30,EURNZD,192,1.5,time_only,0.287,0.512,-0.246,380,59.7,8.39,3.32,5.07,149.7
M30,EURNZD,192,1.5,time_only_2x,0.305,0.667,-0.4,293,65.9,10.51,4.26,6.26,206.0
M30,EURNZD,192,1.5,sl3atr_tp2R,-0.382,-0.121,-0.945,607,42.2,-1.77,2.45,-4.23,96.9
M30,EURNZD,192,1.5,sl4atr_tp3R,-0.11,0.175,-0.726,483,52.0,1.31,2.96,-1.65,127.8
M30,EURNZD,192,2.0,time_only,0.293,0.271,0.34,288,56.9,9.36,3.59,5.77,165.8
M30,EURNZD,192,2.0,time_only_2x,0.441,0.49,0.352,232,65.5,16.38,4.94,11.44,247.5
M30,EURNZD,192,2.0,sl3atr_tp2R,-0.163,-0.243,-0.002,452,40.7,0.37,2.71,-2.34,112.5
M30,EURNZD,192,2.0,sl4atr_tp3R,0.146,0.138,0.166,369,50.1,6.06,3.38,2.68,153.2
M30,EURNZD,192,2.5,time_only,0.123,0.24,-0.083,200,51.0,6.78,3.81,2.96,179.3
M30,EURNZD,192,2.5,time_only_2x,0.28,0.277,0.291,164,63.4,15.38,5.78,9.6,298.5
M30,EURNZD,192,2.5,sl3atr_tp2R,-0.255,-0.196,-0.379,259,37.8,-1.83,3.0,-4.83,129.8
M30,EURNZD,192,2.5,sl4atr_tp3R,0.014,-0.038,0.127,219,47.0,4.42,4.07,0.36,194.5
M30,GBPAUD,24,1.5,time_only,-0.497,-0.415,-0.673,2226,51.3,-0.23,1.07,-1.3,21.4
M30,GBPAUD,24,1.5,time_only_2x,-0.455,-0.383,-0.615,1687,57.2,-0.33,1.27,-1.6,33.7
M30,GBPAUD,24,1.5,sl3atr_tp2R,-1.362,-1.364,-1.391,1982,56.0,-3.3,1.19,-4.5,29.1
M30,GBPAUD,24,1.5,sl4atr_tp3R,-0.808,-0.689,-1.109,1819,57.4,-1.66,1.24,-2.89,31.6
M30,GBPAUD,24,2.0,time_only,-0.395,-0.469,-0.264,1387,49.0,-0.21,1.09,-1.3,23.1
M30,GBPAUD,24,2.0,time_only_2x,-0.458,-0.574,-0.246,1113,51.2,-0.76,1.39,-2.15,41.1
M30,GBPAUD,24,2.0,sl3atr_tp2R,-1.105,-1.307,-0.722,1259,50.1,-3.81,1.3,-5.11,35.7
M30,GBPAUD,24,2.0,sl4atr_tp3R,-0.801,-0.996,-0.431,1175,51.1,-2.44,1.36,-3.79,38.9
M30,GBPAUD,24,2.5,time_only,-0.371,-0.17,-0.747,513,47.8,-1.08,1.11,-2.19,23.9
M30,GBPAUD,24,2.5,time_only_2x,-0.233,0.048,-0.734,465,52.0,-0.36,1.48,-1.84,46.2
M30,GBPAUD,24,2.5,sl3atr_tp2R,-0.718,-0.584,-1.023,487,49.5,-4.37,1.38,-5.75,40.4
M30,GBPAUD,24,2.5,sl4atr_tp3R,-0.481,-0.285,-0.885,475,51.4,-2.59,1.44,-4.02,43.8
M30,GBPAUD,48,1.5,time_only,-0.007,-0.037,0.056,1274,53.3,1.36,1.39,-0.03,40.9
M30,GBPAUD,48,1.5,time_only_2x,-0.032,-0.197,0.323,979,61.7,1.5,1.7,-0.21,59.9
M30,GBPAUD,48,1.5,sl3atr_tp2R,-1.032,-1.232,-0.635,1328,55.5,-4.16,1.46,-5.62,44.9
M30,GBPAUD,48,1.5,sl4atr_tp3R,-0.491,-0.668,-0.123,1147,60.1,-1.32,1.58,-2.9,52.4
M30,GBPAUD,48,2.0,time_only,-0.125,-0.154,-0.069,909,49.8,0.76,1.46,-0.7,45.2
M30,GBPAUD,48,2.0,time_only_2x,0.196,0.062,0.464,713,58.1,3.56,1.94,1.62,74.3
M30,GBPAUD,48,2.0,sl3atr_tp2R,-0.739,-1.04,-0.152,907,50.5,-3.6,1.65,-5.25,56.7
M30,GBPAUD,48,2.0,sl4atr_tp3R,-0.398,-0.6,-0.001,811,55.9,-1.34,1.79,-3.13,65.3
M30,GBPAUD,48,2.5,time_only,0.091,0.053,0.168,524,51.0,2.17,1.49,0.68,47.1
M30,GBPAUD,48,2.5,time_only_2x,0.102,-0.026,0.336,436,53.9,3.24,2.14,1.1,86.5
M30,GBPAUD,48,2.5,sl3atr_tp2R,-0.445,-0.627,-0.078,494,46.6,-2.65,1.83,-4.49,67.8
M30,GBPAUD,48,2.5,sl4atr_tp3R,-0.269,-0.425,0.047,465,51.2,-0.89,1.99,-2.87,77.1
M30,GBPAUD,96,1.5,time_only,0.595,0.625,0.545,734,58.3,7.03,1.96,5.07,75.2
M30,GBPAUD,96,1.5,time_only_2x,0.547,0.499,0.654,569,66.1,8.53,2.48,6.05,106.7
M30,GBPAUD,96,1.5,sl3atr_tp2R,-0.225,-0.239,-0.201,897,53.7,0.03,1.84,-1.81,68.1
M30,GBPAUD,96,1.5,sl4atr_tp3R,0.013,0.004,0.03,749,60.6,2.2,2.08,0.12,82.4
M30,GBPAUD,96,2.0,time_only,0.486,0.615,0.234,531,52.9,6.82,2.14,4.68,86.3
M30,GBPAUD,96,2.0,time_only_2x,0.413,0.634,-0.067,411,62.5,8.93,2.94,5.99,134.4
M30,GBPAUD,96,2.0,sl3atr_tp2R,-0.045,0.2,-0.606,628,48.2,1.66,2.15,-0.48,86.7
M30,GBPAUD,96,2.0,sl4atr_tp3R,0.265,0.474,-0.152,533,58.2,5.71,2.47,3.24,106.2
M30,GBPAUD,96,2.5,time_only,0.85,0.805,0.935,355,56.6,12.68,2.24,10.44,92.1
M30,GBPAUD,96,2.5,time_only_2x,0.658,0.44,1.091,292,59.6,15.97,3.33,12.63,158.5
M30,GBPAUD,96,2.5,sl3atr_tp2R,0.493,0.412,0.682,375,48.5,10.08,2.46,7.62,105.6
M30,GBPAUD,96,2.5,sl4atr_tp3R,0.476,0.38,0.669,344,55.8,11.02,2.83,8.19,128.2
M30,GBPAUD,192,1.5,time_only,0.268,0.629,-0.432,379,58.6,7.26,3.17,4.09,148.6
M30,GBPAUD,192,1.5,time_only_2x,0.354,0.782,-0.456,296,66.6,10.55,4.13,6.41,206.9
M30,GBPAUD,192,1.5,sl3atr_tp2R,-0.197,0.172,-0.997,578,44.3,0.1,2.44,-2.35,104.6
M30,GBPAUD,192,1.5,sl4atr_tp3R,-0.229,0.125,-0.982,457,53.8,-0.37,2.95,-3.32,135.5
M30,GBPAUD,192,2.0,time_only,0.686,0.713,0.641,309,57.6,15.97,3.39,12.58,161.8
M30,GBPAUD,192,2.0,time_only_2x,0.675,0.679,0.671,234,66.2,21.16,4.79,16.37,246.4
M30,GBPAUD,192,2.0,sl3atr_tp2R,0.162,0.268,-0.059,441,42.4,5.29,2.77,2.52,124.3
M30,GBPAUD,192,2.0,sl4atr_tp3R,0.362,0.355,0.385,360,52.2,10.54,3.42,7.11,164.0
M30,GBPAUD,192,2.5,time_only,0.388,0.297,0.54,208,55.8,12.15,3.67,8.48,179.0
M30,GBPAUD,192,2.5,time_only_2x,0.338,0.414,0.201,160,60.6,16.82,5.72,11.1,302.9
M30,GBPAUD,192,2.5,sl3atr_tp2R,0.356,0.326,0.439,265,43.0,10.98,3.06,7.92,142.0
M30,GBPAUD,192,2.5,sl4atr_tp3R,0.175,0.234,0.047,218,46.8,9.04,4.18,4.86,209.6
M30,GBPNZD,24,1.5,time_only,-0.128,-0.002,-0.402,2241,51.7,0.78,1.09,-0.31,21.4
M30,GBPNZD,24,1.5,time_only_2x,-0.125,0.019,-0.433,1703,59.0,0.86,1.29,-0.43,33.6
M30,GBPNZD,24,1.5,sl3atr_tp2R,-1.16,-0.963,-1.631,1964,55.7,-2.47,1.22,-3.69,29.3
M30,GBPNZD,24,1.5,sl4atr_tp3R,-0.597,-0.461,-0.89,1825,58.2,-0.76,1.26,-2.02,31.6
M30,GBPNZD,24,2.0,time_only,-0.012,0.12,-0.308,1360,49.1,1.08,1.12,-0.04,23.2
M30,GBPNZD,24,2.0,time_only_2x,0.093,0.188,-0.102,1105,55.1,1.85,1.41,0.44,40.9
M30,GBPNZD,24,2.0,sl3atr_tp2R,-0.659,-0.425,-1.2,1240,52.0,-1.72,1.33,-3.05,35.8
M30,GBPNZD,24,2.0,sl4atr_tp3R,-0.296,-0.301,-0.296,1168,54.8,-0.04,1.38,-1.42,38.7
M30,GBPNZD,24,2.5,time_only,-0.092,-0.023,-0.226,496,48.4,0.66,1.13,-0.47,24.0
M30,GBPNZD,24,2.5,time_only_2x,0.256,0.349,0.087,451,52.8,3.51,1.5,2.01,46.2
M30,GBPNZD,24,2.5,sl3atr_tp2R,-0.249,-0.046,-0.711,477,49.9,-0.62,1.42,-2.04,41.4
M30,GBPNZD,24,2.5,sl4atr_tp3R,-0.214,-0.149,-0.362,462,51.3,-0.37,1.46,-1.84,44.0
M30,GBPNZD,48,1.5,time_only,0.32,0.505,-0.089,1286,53.0,2.9,1.41,1.49,41.0
M30,GBPNZD,48,1.5,time_only_2x,0.48,0.671,0.073,987,62.2,4.74,1.73,3.01,59.9
M30,GBPNZD,48,1.5,sl3atr_tp2R,-0.464,-0.271,-0.956,1321,56.2,-0.97,1.49,-2.46,45.6
M30,GBPNZD,48,1.5,sl4atr_tp3R,0.025,0.202,-0.385,1161,60.8,1.74,1.6,0.15,52.0
M30,GBPNZD,48,2.0,time_only,0.398,0.704,-0.235,926,52.8,3.6,1.48,2.12,44.8
M30,GBPNZD,48,2.0,time_only_2x,0.676,0.963,0.137,725,58.8,6.87,1.95,4.92,73.3
M30,GBPNZD,48,2.0,sl3atr_tp2R,-0.248,-0.016,-0.748,909,52.7,0.02,1.68,-1.65,56.8
M30,GBPNZD,48,2.0,sl4atr_tp3R,0.078,0.258,-0.293,828,57.2,2.37,1.81,0.56,64.7
M30,GBPNZD,48,2.5,time_only,0.508,0.683,0.151,503,52.1,5.37,1.51,3.86,46.6
M30,GBPNZD,48,2.5,time_only_2x,0.7,1.045,0.034,433,56.4,9.11,2.16,6.95,86.2
M30,GBPNZD,48,2.5,sl3atr_tp2R,-0.551,-0.158,-1.556,487,46.0,-3.72,1.87,-5.58,68.3
M30,GBPNZD,48,2.5,sl4atr_tp3R,-0.094,0.113,-0.55,464,53.0,1.03,2.02,-0.99,77.5
M30,GBPNZD,96,1.5,time_only,0.785,1.259,-0.269,702,58.0,8.63,2.02,6.61,77.8
M30,GBPNZD,96,1.5,time_only_2x,0.992,1.593,-0.249,552,66.1,12.87,2.55,10.31,109.9
M30,GBPNZD,96,1.5,sl3atr_tp2R,0.001,0.536,-1.339,864,52.8,1.91,1.9,0.01,70.3
M30,GBPNZD,96,1.5,sl4atr_tp3R,0.264,0.777,-0.928,720,60.6,4.66,2.14,2.52,84.8
M30,GBPNZD,96,2.0,time_only,0.933,1.307,0.219,545,56.5,10.52,2.14,8.38,84.9
M30,GBPNZD,96,2.0,time_only_2x,1.102,1.551,0.238,434,63.8,16.21,2.94,13.28,133.1
M30,GBPNZD,96,2.0,sl3atr_tp2R,0.339,0.705,-0.509,640,51.7,5.67,2.17,3.5,86.6
M30,GBPNZD,96,2.0,sl4atr_tp3R,0.556,0.901,-0.181,551,58.6,8.7,2.45,6.25,103.4
M30,GBPNZD,96,2.5,time_only,0.697,1.101,-0.086,343,55.1,10.53,2.24,8.28,91.2
M30,GBPNZD,96,2.5,time_only_2x,0.817,1.06,0.359,288,61.5,16.82,3.42,13.4,162.0
M30,GBPNZD,96,2.5,sl3atr_tp2R,0.385,0.449,0.257,376,49.2,8.29,2.42,5.87,102.0
M30,GBPNZD,96,2.5,sl4atr_tp3R,0.369,0.521,0.025,333,54.7,8.88,2.83,6.05,126.5
M30,GBPNZD,192,1.5,time_only,0.995,1.367,0.227,385,62.3,18.35,3.18,15.17,147.8
M30,GBPNZD,192,1.5,time_only_2x,0.901,1.316,0.09,302,69.9,21.56,4.06,17.5,201.0
M30,GBPNZD,192,1.5,sl3atr_tp2R,0.13,0.523,-0.781,568,45.8,4.11,2.49,1.62,105.9
M30,GBPNZD,192,1.5,sl4atr_tp3R,0.332,0.673,-0.454,456,56.1,8.04,2.97,5.07,134.9
M30,GBPNZD,192,2.0,time_only,1.073,1.411,0.365,300,60.7,23.87,3.47,20.41,165.0
M30,GBPNZD,192,2.0,time_only_2x,0.75,1.154,-0.116,232,63.4,24.19,4.87,19.32,249.9
M30,GBPNZD,192,2.0,sl3atr_tp2R,0.382,0.812,-0.651,422,42.7,9.19,2.86,6.33,128.4
M30,GBPNZD,192,2.0,sl4atr_tp3R,0.339,0.728,-0.511,336,50.3,10.07,3.56,6.52,170.7
M30,GBPNZD,192,2.5,time_only,0.754,1.148,-0.016,216,56.0,19.87,3.65,16.21,176.4
M30,GBPNZD,192,2.5,time_only_2x,0.671,0.92,0.182,168,59.5,26.64,5.7,20.94,300.5
M30,GBPNZD,192,2.5,sl3atr_tp2R,0.395,0.668,-0.211,257,41.6,11.8,3.17,8.62,147.5
M30,GBPNZD,192,2.5,sl4atr_tp3R,0.339,0.68,-0.415,217,47.5,13.17,4.19,8.97,209.0
M30,AUDNZD,24,1.5,time_only,-0.43,-0.929,0.539,2205,49.9,0.22,0.91,-0.69,21.4
M30,AUDNZD,24,1.5,time_only_2x,-0.506,-0.949,0.406,1689,56.8,-0.03,1.11,-1.14,33.6
M30,AUDNZD,24,1.5,sl3atr_tp2R,-1.774,-2.238,-0.895,1801,55.0,-3.28,1.08,-4.35,31.6
M30,AUDNZD,24,1.5,sl4atr_tp3R,-1.14,-1.569,-0.345,1734,56.4,-1.68,1.1,-2.78,32.8
M30,AUDNZD,24,2.0,time_only,-0.476,-0.775,0.062,1321,47.9,-0.03,0.94,-0.97,23.2
M30,AUDNZD,24,2.0,time_only_2x,-0.574,-0.795,-0.168,1065,49.7,-0.57,1.25,-1.81,41.8
M30,AUDNZD,24,2.0,sl3atr_tp2R,-1.568,-1.766,-1.213,1125,48.2,-4.19,1.2,-5.39,39.3
M30,AUDNZD,24,2.0,sl4atr_tp3R,-1.044,-1.125,-0.909,1091,49.3,-2.39,1.23,-3.61,40.7
M30,AUDNZD,24,2.5,time_only,0.03,-0.471,0.853,458,50.2,1.05,0.95,0.1,24.0
M30,AUDNZD,24,2.5,time_only_2x,0.222,-0.116,0.768,426,51.6,2.52,1.32,1.19,46.5
M30,AUDNZD,24,2.5,sl3atr_tp2R,-0.702,-0.964,-0.23,435,49.0,-2.83,1.27,-4.1,43.4
M30,AUDNZD,24,2.5,sl4atr_tp3R,-0.175,-0.403,0.188,430,50.9,0.31,1.31,-1.0,45.6
M30,AUDNZD,48,1.5,time_only,-0.45,-1.03,0.625,1294,52.4,0.01,1.23,-1.22,40.8
M30,AUDNZD,48,1.5,time_only_2x,-0.532,-1.103,0.541,968,59.5,-0.48,1.56,-2.05,61.0
M30,AUDNZD,48,1.5,sl3atr_tp2R,-2.132,-2.697,-1.079,1140,55.4,-7.18,1.41,-8.6,51.9
M30,AUDNZD,48,1.5,sl4atr_tp3R,-1.343,-1.807,-0.491,1038,57.0,-4.25,1.5,-5.75,57.3
M30,AUDNZD,48,2.0,time_only,-0.293,-0.62,0.321,919,48.0,0.26,1.29,-1.03,44.7
M30,AUDNZD,48,2.0,time_only_2x,-0.499,-0.99,0.434,697,52.8,-0.8,1.8,-2.6,75.3
M30,AUDNZD,48,2.0,sl3atr_tp2R,-1.682,-2.075,-0.927,795,48.9,-7.4,1.63,-9.03,64.8
M30,AUDNZD,48,2.0,sl4atr_tp3R,-1.193,-1.563,-0.494,741,52.2,-4.83,1.72,-6.55,70.3
M30,AUDNZD,48,2.5,time_only,-0.093,-0.49,0.598,483,46.4,0.87,1.33,-0.47,47.1
M30,AUDNZD,48,2.5,time_only_2x,-0.38,-0.726,0.213,413,49.4,-0.68,2.01,-2.69,87.9
M30,AUDNZD,48,2.5,sl3atr_tp2R,-1.439,-1.776,-0.838,450,44.2,-9.09,1.8,-10.89,75.3
M30,AUDNZD,48,2.5,sl4atr_tp3R,-0.759,-1.17,-0.048,433,49.0,-3.84,1.91,-5.75,82.2
M30,AUDNZD,96,1.5,time_only,-0.23,-0.524,0.325,706,54.2,0.62,1.84,-1.22,77.8
M30,AUDNZD,96,1.5,time_only_2x,-0.264,-0.457,0.097,538,60.4,0.49,2.41,-1.93,112.5
M30,AUDNZD,96,1.5,sl3atr_tp2R,-1.678,-1.896,-1.28,738,52.6,-9.01,1.91,-10.92,81.7
M30,AUDNZD,96,1.5,sl4atr_tp3R,-0.975,-1.123,-0.7,627,58.7,-4.99,2.16,-7.15,97.1
M30,AUDNZD,96,2.0,time_only,-0.339,-0.34,-0.339,533,48.8,-0.25,1.97,-2.23,85.9
M30,AUDNZD,96,2.0,time_only_2x,-0.477,-0.569,-0.304,405,54.6,-1.44,2.86,-4.31,139.7
M30,AUDNZD,96,2.0,sl3atr_tp2R,-1.619,-1.671,-1.555,528,47.2,-11.47,2.25,-13.72,102.4
M30,AUDNZD,96,2.0,sl4atr_tp3R,-1.091,-1.108,-1.074,473,52.9,-7.55,2.51,-10.06,118.3
M30,AUDNZD,96,2.5,time_only,0.006,0.132,-0.245,338,48.8,2.12,2.07,0.05,91.8
M30,AUDNZD,96,2.5,time_only_2x,-0.314,-0.426,-0.101,270,47.4,-0.55,3.27,-3.82,164.4
M30,AUDNZD,96,2.5,sl3atr_tp2R,-0.849,-0.824,-0.912,330,44.8,-7.45,2.58,-10.03,122.6
M30,AUDNZD,96,2.5,sl4atr_tp3R,-0.909,-0.897,-0.959,299,45.8,-8.81,2.9,-11.72,142.1
M30,AUDNZD,192,1.5,time_only,-0.58,-0.337,-1.05,364,50.3,-2.65,3.13,-5.78,155.6
M30,AUDNZD,192,1.5,time_only_2x,-0.51,-0.277,-0.932,275,58.9,-2.92,4.22,-7.14,221.9
M30,AUDNZD,192,1.5,sl3atr_tp2R,-1.445,-1.216,-1.953,464,47.0,-12.24,2.71,-14.95,130.5
M30,AUDNZD,192,1.5,sl4atr_tp3R,-1.213,-1.112,-1.462,376,53.7,-11.68,3.25,-14.93,163.1
M30,AUDNZD,192,2.0,time_only,-0.491,-0.331,-0.814,287,44.9,-2.25,3.38,-5.64,171.1
M30,AUDNZD,192,2.0,time_only_2x,-0.486,-0.219,-0.991,214,55.6,-3.84,4.91,-8.75,263.4
M30,AUDNZD,192,2.0,sl3atr_tp2R,-1.201,-0.91,-1.86,353,42.5,-12.24,3.1,-15.33,153.9
M30,AUDNZD,192,2.0,sl4atr_tp3R,-1.08,-0.794,-1.694,286,48.6,-12.56,3.86,-16.42,200.2
M30,AUDNZD,192,2.5,time_only,-0.319,0.015,-1.038,192,45.8,-1.03,3.56,-4.59,181.6
M30,AUDNZD,192,2.5,time_only_2x,-0.395,-0.059,-1.048,151,49.0,-3.65,5.83,-9.48,319.0
M30,AUDNZD,192,2.5,sl3atr_tp2R,-0.912,-0.604,-1.531,210,36.7,-13.08,3.63,-16.71,186.1
M30,AUDNZD,192,2.5,sl4atr_tp3R,-0.859,-0.626,-1.34,185,42.2,-13.51,4.62,-18.14,246.2
M30,EURCHF,24,1.5,time_only,0.158,0.304,-0.086,2163,52.6,1.08,0.81,0.27,21.3
M30,EURCHF,24,1.5,time_only_2x,0.328,0.258,0.462,1694,60.7,1.8,1.02,0.78,33.7
M30,EURCHF,24,1.5,sl3atr_tp2R,-1.167,-1.153,-1.196,1902,57.2,-1.77,0.96,-2.72,30.1
M30,EURCHF,24,1.5,sl4atr_tp3R,-0.541,-0.476,-0.655,1795,59.3,-0.35,0.99,-1.34,32.1
M30,EURCHF,24,2.0,time_only,-0.01,0.211,-0.391,1418,50.0,0.82,0.84,-0.02,22.9
M30,EURCHF,24,2.0,time_only_2x,-0.192,-0.269,-0.06,1137,55.3,0.53,1.13,-0.61,40.8
M30,EURCHF,24,2.0,sl3atr_tp2R,-1.074,-0.999,-1.216,1256,52.6,-2.28,1.06,-3.34,36.2
M30,EURCHF,24,2.0,sl4atr_tp3R,-0.685,-0.679,-0.697,1192,54.6,-1.1,1.1,-2.2,38.9
M30,EURCHF,24,2.5,time_only,-0.14,-0.053,-0.292,629,50.2,0.34,0.85,-0.52,23.7
M30,EURCHF,24,2.5,time_only_2x,-0.078,-0.116,-0.013,543,53.6,0.79,1.21,-0.42,45.5
M30,EURCHF,24,2.5,sl3atr_tp2R,-0.838,-0.79,-0.926,582,50.5,-3.21,1.12,-4.33,39.7
M30,EURCHF,24,2.5,sl4atr_tp3R,-0.514,-0.494,-0.557,557,52.4,-1.77,1.17,-2.93,42.9
M30,EURCHF,48,1.5,time_only,0.104,0.079,0.149,1278,55.3,1.46,1.14,0.32,41.0
M30,EURCHF,48,1.5,time_only_2x,0.156,0.114,0.23,976,62.9,2.09,1.46,0.63,60.5
M30,EURCHF,48,1.5,sl3atr_tp2R,-1.006,-1.044,-0.944,1241,57.8,-2.53,1.26,-3.79,48.1
M30,EURCHF,48,1.5,sl4atr_tp3R,-0.446,-0.458,-0.427,1105,61.4,-0.42,1.35,-1.77,53.9
M30,EURCHF,48,2.0,time_only,0.249,0.162,0.396,921,53.1,2.15,1.2,0.95,44.9
M30,EURCHF,48,2.0,time_only_2x,0.403,0.572,0.116,723,59.1,3.8,1.68,2.13,73.6
M30,EURCHF,48,2.0,sl3atr_tp2R,-0.704,-0.591,-0.909,879,53.0,-2.0,1.43,-3.43,58.8
M30,EURCHF,48,2.0,sl4atr_tp3R,-0.357,-0.166,-0.683,796,56.5,-0.34,1.55,-1.89,66.1
M30,EURCHF,48,2.5,time_only,0.462,0.077,1.096,547,54.3,3.68,1.23,2.45,46.8
M30,EURCHF,48,2.5,time_only_2x,0.251,0.237,0.279,456,54.8,3.7,1.89,1.81,86.6
M30,EURCHF,48,2.5,sl3atr_tp2R,-0.337,-0.211,-0.572,524,49.8,-0.73,1.59,-2.32,68.5
M30,EURCHF,48,2.5,sl4atr_tp3R,-0.172,-0.054,-0.39,491,53.2,0.5,1.74,-1.24,77.4
M30,EURCHF,96,1.5,time_only,0.219,0.216,0.226,695,56.0,3.0,1.78,1.22,79.7
M30,EURCHF,96,1.5,time_only_2x,0.17,0.301,-0.044,530,66.4,3.61,2.34,1.28,113.5
M30,EURCHF,96,1.5,sl3atr_tp2R,-1.087,-0.984,-1.276,784,53.7,-4.89,1.74,-6.63,77.5
M30,EURCHF,96,1.5,sl4atr_tp3R,-0.712,-0.536,-1.014,665,60.5,-2.89,1.97,-4.86,91.5
M30,EURCHF,96,2.0,time_only,0.103,0.171,-0.017,516,53.3,2.59,1.88,0.71,86.0
M30,EURCHF,96,2.0,time_only_2x,-0.041,0.183,-0.412,391,56.5,2.39,2.78,-0.4,140.6
M30,EURCHF,96,2.0,sl3atr_tp2R,-1.036,-0.898,-1.27,560,46.2,-6.07,2.04,-8.11,95.3
M30,EURCHF,96,2.0,sl4atr_tp3R,-0.732,-0.589,-0.97,483,50.7,-4.28,2.32,-6.6,112.5
M30,EURCHF,96,2.5,time_only,-0.135,-0.102,-0.188,341,53.7,0.78,1.96,-1.18,91.0
M30,EURCHF,96,2.5,time_only_2x,-0.114,0.095,-0.462,277,51.3,1.71,3.13,-1.41,161.3
M30,EURCHF,96,2.5,sl3atr_tp2R,-0.93,-0.878,-1.013,355,43.1,-7.2,2.27,-9.46,109.4
M30,EURCHF,96,2.5,sl4atr_tp3R,-0.74,-0.623,-0.939,317,47.0,-5.91,2.61,-8.52,130.1
M30,EURCHF,192,1.5,time_only,-0.628,-0.31,-1.265,360,52.5,-3.83,3.0,-6.83,153.8
M30,EURCHF,192,1.5,time_only_2x,-0.759,-0.326,-1.429,265,56.2,-5.94,4.23,-10.17,227.8
M30,EURCHF,192,1.5,sl3atr_tp2R,-1.576,-1.4,-1.889,523,41.7,-11.36,2.38,-13.74,116.4
M30,EURCHF,192,1.5,sl4atr_tp3R,-1.304,-0.963,-1.908,417,48.9,-10.95,2.9,-13.85,147.5
M30,EURCHF,192,2.0,time_only,-0.516,-0.252,-0.983,279,49.8,-3.22,3.25,-6.47,168.5
M30,EURCHF,192,2.0,time_only_2x,-0.349,0.034,-0.997,214,56.5,-0.67,4.91,-5.58,268.9
M30,EURCHF,192,2.0,sl3atr_tp2R,-1.197,-1.07,-1.425,393,38.9,-10.11,2.75,-12.86,138.3
M30,EURCHF,192,2.0,sl4atr_tp3R,-0.936,-0.698,-1.351,329,45.0,-8.93,3.33,-12.26,173.4
M30,EURCHF,192,2.5,time_only,-0.458,-0.219,-0.847,192,46.9,-3.56,3.43,-6.98,179.4
M30,EURCHF,192,2.5,time_only_2x,-0.133,0.025,-0.416,154,55.2,2.59,5.63,-3.04,313.0
M30,EURCHF,192,2.5,sl3atr_tp2R,-0.853,-0.94,-0.71,243,36.6,-9.68,3.05,-12.73,156.7
M30,EURCHF,192,2.5,sl4atr_tp3R,-0.725,-0.77,-0.65,208,40.9,-8.85,4.01,-12.87,214.9
M30,GBPCHF,24,1.5,time_only,-0.357,-0.246,-0.605,2223,52.2,0.14,1.01,-0.86,21.0
M30,GBPCHF,24,1.5,time_only_2x,-0.133,-0.114,-0.179,1733,59.1,0.74,1.21,-0.46,33.0
M30,GBPCHF,24,1.5,sl3atr_tp2R,-1.081,-1.044,-1.176,2062,55.4,-2.13,1.12,-3.25,28.0
M30,GBPCHF,24,1.5,sl4atr_tp3R,-0.626,-0.538,-0.812,1883,57.5,-0.88,1.17,-2.05,30.7
M30,GBPCHF,24,2.0,time_only,-0.13,0.14,-0.676,1464,50.4,0.64,1.04,-0.4,23.0
M30,GBPCHF,24,2.0,time_only_2x,-0.054,0.035,-0.241,1155,53.9,1.09,1.33,-0.24,40.5
M30,GBPCHF,24,2.0,sl3atr_tp2R,-0.851,-0.658,-1.285,1332,51.0,-2.22,1.23,-3.45,34.6
M30,GBPCHF,24,2.0,sl4atr_tp3R,-0.555,-0.439,-0.805,1248,53.5,-1.16,1.28,-2.44,37.7
M30,GBPCHF,24,2.5,time_only,-0.292,-0.034,-0.827,700,51.4,-0.3,1.05,-1.35,23.8
M30,GBPCHF,24,2.5,time_only_2x,0.077,0.077,0.08,629,50.9,1.9,1.41,0.49,45.2
M30,GBPCHF,24,2.5,sl3atr_tp2R,-0.603,-0.496,-0.855,679,47.1,-2.45,1.3,-3.75,38.4
M30,GBPCHF,24,2.5,sl4atr_tp3R,-0.368,-0.368,-0.38,655,50.1,-1.11,1.36,-2.46,42.1
M30,GBPCHF,48,1.5,time_only,-0.468,-0.744,0.077,1266,52.8,-0.67,1.34,-2.01,41.0
M30,GBPCHF,48,1.5,time_only_2x,-0.072,-0.267,0.304,969,60.1,1.26,1.68,-0.41,61.4
M30,GBPCHF,48,1.5,sl3atr_tp2R,-0.703,-0.961,-0.188,1324,55.0,-1.96,1.41,-3.37,45.4
M30,GBPCHF,48,1.5,sl4atr_tp3R,-0.537,-0.713,-0.182,1160,58.1,-1.43,1.52,-2.95,51.8
M30,GBPCHF,48,2.0,time_only,-0.377,-0.605,0.066,916,49.1,-0.62,1.4,-2.02,44.8
M30,GBPCHF,48,2.0,time_only_2x,-0.01,-0.063,0.096,729,56.0,1.8,1.87,-0.08,73.4
M30,GBPCHF,48,2.0,sl3atr_tp2R,-0.751,-0.727,-0.813,933,49.6,-3.08,1.6,-4.67,56.6
M30,GBPCHF,48,2.0,sl4atr_tp3R,-0.46,-0.469,-0.458,848,53.3,-1.46,1.7,-3.16,63.0
M30,GBPCHF,48,2.5,time_only,-0.058,-0.201,0.216,550,50.4,1.02,1.44,-0.41,47.0
M30,GBPCHF,48,2.5,time_only_2x,0.173,0.175,0.171,456,55.7,3.87,2.08,1.8,85.8
M30,GBPCHF,48,2.5,sl3atr_tp2R,-0.364,-0.43,-0.236,539,47.1,-1.44,1.78,-3.21,67.6
M30,GBPCHF,48,2.5,sl4atr_tp3R,-0.377,-0.518,-0.092,504,51.4,-1.63,1.9,-3.53,75.2
M30,GBPCHF,96,1.5,time_only,0.097,0.316,-0.349,697,54.5,2.75,1.96,0.79,78.4
M30,GBPCHF,96,1.5,time_only_2x,0.057,0.384,-0.557,530,64.3,3.18,2.52,0.66,112.7
M30,GBPCHF,96,1.5,sl3atr_tp2R,-0.608,-0.505,-0.851,874,50.5,-2.9,1.8,-4.71,69.2
M30,GBPCHF,96,1.5,sl4atr_tp3R,-0.436,-0.185,-1.014,728,57.0,-1.96,2.05,-4.01,83.7
M30,GBPCHF,96,2.0,time_only,0.046,0.325,-0.566,526,52.3,2.56,2.09,0.46,86.7
M30,GBPCHF,96,2.0,time_only_2x,-0.177,0.15,-0.796,404,60.4,0.3,2.93,-2.63,137.2
M30,GBPCHF,96,2.0,sl3atr_tp2R,-0.505,-0.355,-0.859,634,45.9,-3.09,2.08,-5.17,86.1
M30,GBPCHF,96,2.0,sl4atr_tp3R,-0.331,-0.011,-1.091,540,52.8,-1.6,2.36,-3.96,102.9
M30,GBPCHF,96,2.5,time_only,-0.498,-0.34,-0.811,328,48.2,-4.41,2.2,-6.61,93.3
M30,GBPCHF,96,2.5,time_only_2x,-0.354,-0.295,-0.461,269,53.5,-3.22,3.39,-6.61,165.1
M30,GBPCHF,96,2.5,sl3atr_tp2R,-0.36,-0.322,-0.464,369,43.6,-2.52,2.4,-4.93,105.4
M30,GBPCHF,96,2.5,sl4atr_tp3R,-0.639,-0.592,-0.775,331,47.7,-7.12,2.73,-9.85,125.0
M30,GBPCHF,192,1.5,time_only,-0.236,0.012,-0.691,372,58.3,-0.57,3.16,-3.73,151.2
M30,GBPCHF,192,1.5,time_only_2x,-0.155,0.059,-0.633,280,61.8,1.05,4.24,-3.19,216.3
M30,GBPCHF,192,1.5,sl3atr_tp2R,-0.685,-0.578,-0.913,582,41.2,-5.46,2.33,-7.8,101.2
M30,GBPCHF,192,1.5,sl4atr_tp3R,-0.617,-0.526,-0.852,459,49.9,-5.88,2.87,-8.75,133.6
M30,GBPCHF,192,2.0,time_only,-0.41,-0.27,-0.67,280,52.1,-4.13,3.5,-7.63,171.6
M30,GBPCHF,192,2.0,time_only_2x,-0.478,-0.333,-0.811,212,56.1,-7.51,5.17,-12.68,272.9
M30,GBPCHF,192,2.0,sl3atr_tp2R,-0.7,-0.632,-0.872,440,37.3,-7.22,2.71,-9.92,123.7
M30,GBPCHF,192,2.0,sl4atr_tp3R,-0.756,-0.725,-0.853,356,42.7,-10.15,3.31,-13.46,160.3
M30,GBPCHF,192,2.5,time_only,-0.453,-0.408,-0.546,191,48.2,-8.06,3.72,-11.78,184.9
M30,GBPCHF,192,2.5,time_only_2x,-0.429,-0.316,-0.718,148,50.0,-9.63,6.07,-15.7,327.2
M30,GBPCHF,192,2.5,sl3atr_tp2R,-0.413,-0.376,-0.512,254,34.6,-5.6,3.14,-8.74,149.7
M30,GBPCHF,192,2.5,sl4atr_tp3R,-0.437,-0.358,-0.627,217,40.6,-7.55,4.08,-11.63,207.0
M30,AUDCHF,24,1.5,time_only,-0.511,-0.355,-0.764,2256,51.9,-0.18,1.34,-1.52,21.3
M30,AUDCHF,24,1.5,time_only_2x,-0.436,-0.457,-0.4,1709,58.7,-0.26,1.54,-1.8,33.4
M30,AUDCHF,24,1.5,sl3atr_tp2R,-1.221,-1.322,-1.042,2066,55.5,-3.01,1.45,-4.46,28.0
M30,AUDCHF,24,1.5,sl4atr_tp3R,-0.748,-0.861,-0.549,1873,58.1,-1.51,1.5,-3.01,30.7
M30,AUDCHF,24,2.0,time_only,-0.343,-0.458,-0.133,1401,48.9,0.03,1.37,-1.34,23.1
M30,AUDCHF,24,2.0,time_only_2x,-0.19,-0.589,0.496,1123,52.2,0.53,1.67,-1.13,41.1
M30,AUDCHF,24,2.0,sl3atr_tp2R,-0.889,-1.314,-0.123,1306,49.5,-3.2,1.56,-4.76,34.8
M30,AUDCHF,24,2.0,sl4atr_tp3R,-0.413,-0.918,0.463,1203,51.9,-0.77,1.62,-2.39,38.3
M30,AUDCHF,24,2.5,time_only,-0.099,-0.037,-0.225,475,49.7,0.59,1.38,-0.79,23.9
M30,AUDCHF,24,2.5,time_only_2x,-0.025,-0.38,0.472,427,51.3,1.5,1.76,-0.26,46.7
M30,AUDCHF,24,2.5,sl3atr_tp2R,-0.421,-0.502,-0.27,469,46.5,-2.74,1.64,-4.37,39.4
M30,AUDCHF,24,2.5,sl4atr_tp3R,0.053,-0.209,0.492,450,51.3,2.29,1.71,0.58,43.9
M30,AUDCHF,48,1.5,time_only,-0.083,-0.465,0.544,1298,52.5,1.22,1.66,-0.43,40.4
M30,AUDCHF,48,1.5,time_only_2x,0.029,-0.348,0.638,986,61.5,2.18,1.98,0.2,60.2
M30,AUDCHF,48,1.5,sl3atr_tp2R,-0.823,-1.186,-0.213,1400,54.4,-2.93,1.7,-4.63,43.1
M30,AUDCHF,48,1.5,sl4atr_tp3R,-0.398,-0.848,0.294,1217,58.3,-0.75,1.81,-2.56,49.7
M30,AUDCHF,48,2.0,time_only,-0.072,-0.33,0.349,928,49.4,1.26,1.73,-0.46,44.7
M30,AUDCHF,48,2.0,time_only_2x,0.178,-0.098,0.628,718,56.0,3.86,2.21,1.65,74.0
M30,AUDCHF,48,2.0,sl3atr_tp2R,-0.696,-0.819,-0.462,982,48.6,-3.48,1.86,-5.34,52.9
M30,AUDCHF,48,2.0,sl4atr_tp3R,-0.518,-0.81,-0.024,855,52.5,-2.5,2.01,-4.51,61.9
M30,AUDCHF,48,2.5,time_only,-0.461,-0.813,0.034,478,46.9,-2.73,1.77,-4.49,47.2
M30,AUDCHF,48,2.5,time_only_2x,-0.294,-0.423,-0.103,399,49.1,-1.76,2.45,-4.21,88.6
M30,AUDCHF,48,2.5,sl3atr_tp2R,-0.587,-0.393,-0.971,494,42.5,-5.28,2.03,-7.31,63.2
M30,AUDCHF,48,2.5,sl4atr_tp3R,-0.702,-0.814,-0.509,452,46.0,-7.11,2.22,-9.33,74.4
M30,AUDCHF,96,1.5,time_only,0.188,0.318,-0.035,698,57.0,4.09,2.28,1.81,78.3
M30,AUDCHF,96,1.5,time_only_2x,0.195,0.352,-0.101,544,63.8,5.28,2.83,2.45,111.1
M30,AUDCHF,96,1.5,sl3atr_tp2R,-0.465,-0.371,-0.657,926,49.5,-1.99,2.08,-4.07,66.0
M30,AUDCHF,96,1.5,sl4atr_tp3R,-0.188,-0.161,-0.238,769,57.2,0.31,2.31,-1.99,79.7
M30,AUDCHF,96,2.0,time_only,0.443,0.471,0.397,547,53.6,7.47,2.4,5.07,85.4
M30,AUDCHF,96,2.0,time_only_2x,-0.002,0.05,-0.101,411,58.4,3.2,3.23,-0.03,135.5
M30,AUDCHF,96,2.0,sl3atr_tp2R,-0.413,-0.262,-0.695,685,43.6,-2.39,2.29,-4.68,78.6
M30,AUDCHF,96,2.0,sl4atr_tp3R,-0.272,-0.337,-0.16,575,50.3,-1.23,2.61,-3.85,98.3
M30,AUDCHF,96,2.5,time_only,0.295,0.331,0.234,349,50.7,6.79,2.52,4.27,92.6
M30,AUDCHF,96,2.5,time_only_2x,0.125,0.087,0.196,279,54.8,6.23,3.7,2.54,163.9
M30,AUDCHF,96,2.5,sl3atr_tp2R,-0.21,-0.336,0.009,394,40.9,-0.86,2.63,-3.49,99.3
M30,AUDCHF,96,2.5,sl4atr_tp3R,-0.317,-0.496,0.006,347,45.2,-3.24,3.03,-6.27,123.6
M30,AUDCHF,192,1.5,time_only,0.088,0.306,-0.261,373,57.1,5.13,3.48,1.66,150.5
M30,AUDCHF,192,1.5,time_only_2x,0.162,0.343,-0.187,291,66.3,8.09,4.42,3.67,207.5
M30,AUDCHF,192,1.5,sl3atr_tp2R,-0.47,-0.304,-0.823,623,40.9,-3.6,2.57,-6.17,95.7
M30,AUDCHF,192,1.5,sl4atr_tp3R,-0.301,-0.144,-0.594,503,49.7,-2.0,3.01,-5.01,122.4
M30,AUDCHF,192,2.0,time_only,0.003,0.163,-0.307,293,50.5,3.81,3.75,0.06,166.8
M30,AUDCHF,192,2.0,time_only_2x,0.266,0.467,-0.144,227,62.6,13.45,5.15,8.29,252.0
M30,AUDCHF,192,2.0,sl3atr_tp2R,-0.172,-0.069,-0.366,462,40.0,0.05,2.85,-2.8,112.6
M30,AUDCHF,192,2.0,sl4atr_tp3R,-0.257,-0.19,-0.391,373,44.2,-2.05,3.51,-5.56,152.8
M30,AUDCHF,192,2.5,time_only,-0.249,-0.167,-0.412,196,50.0,-2.92,3.98,-6.9,181.2
M30,AUDCHF,192,2.5,time_only_2x,-0.17,-0.131,-0.254,152,55.9,-0.96,6.18,-7.14,314.0
M30,AUDCHF,192,2.5,sl3atr_tp2R,0.06,0.029,0.115,270,38.5,4.67,3.22,1.45,135.0
M30,AUDCHF,192,2.5,sl4atr_tp3R,-0.282,-0.344,-0.182,236,42.4,-4.28,4.15,-8.43,191.3
M30,EURCAD,24,1.5,time_only,-0.524,-0.567,-0.449,2231,51.3,-0.21,0.85,-1.06,20.9
M30,EURCAD,24,1.5,time_only_2x,-0.508,-0.576,-0.377,1727,57.4,-0.44,1.05,-1.5,33.1
M30,EURCAD,24,1.5,sl3atr_tp2R,-1.339,-1.295,-1.481,2090,55.0,-2.57,0.97,-3.54,27.9
M30,EURCAD,24,1.5,sl4atr_tp3R,-0.971,-0.971,-1.012,1902,56.8,-1.77,1.01,-2.78,30.5
M30,EURCAD,24,2.0,time_only,-0.239,-0.176,-0.387,1476,49.9,0.26,0.88,-0.62,22.8
M30,EURCAD,24,2.0,time_only_2x,-0.163,-0.164,-0.165,1168,53.7,0.55,1.18,-0.63,40.5
M30,EURCAD,24,2.0,sl3atr_tp2R,-0.88,-0.854,-0.979,1370,51.2,-2.08,1.07,-3.15,34.1
M30,EURCAD,24,2.0,sl4atr_tp3R,-0.639,-0.667,-0.597,1263,53.1,-1.24,1.13,-2.37,37.6
M30,EURCAD,24,2.5,time_only,-0.324,-0.252,-0.489,642,47.8,-0.45,0.9,-1.35,23.6
M30,EURCAD,24,2.5,time_only_2x,-0.322,-0.519,0.044,567,48.9,-0.62,1.26,-1.88,45.5
M30,EURCAD,24,2.5,sl3atr_tp2R,-0.772,-1.27,0.21,607,47.6,-3.13,1.15,-4.27,38.7
M30,EURCAD,24,2.5,sl4atr_tp3R,-0.689,-1.023,-0.063,584,48.1,-2.74,1.22,-3.95,42.9
M30,EURCAD,48,1.5,time_only,-0.073,-0.16,0.108,1291,53.7,0.9,1.18,-0.28,40.8
M30,EURCAD,48,1.5,time_only_2x,-0.121,-0.255,0.158,978,62.0,0.88,1.51,-0.63,60.8
M30,EURCAD,48,1.5,sl3atr_tp2R,-0.9,-1.002,-0.71,1360,54.9,-2.52,1.24,-3.77,44.4
M30,EURCAD,48,1.5,sl4atr_tp3R,-0.446,-0.498,-0.349,1171,60.2,-0.69,1.36,-2.05,51.5
M30,EURCAD,48,2.0,time_only,0.284,0.285,0.289,947,52.8,2.51,1.23,1.28,44.0
M30,EURCAD,48,2.0,time_only_2x,0.376,0.412,0.31,747,60.2,4.2,1.69,2.51,71.5
M30,EURCAD,48,2.0,sl3atr_tp2R,-0.284,-0.341,-0.171,988,52.4,-0.13,1.39,-1.52,53.5
M30,EURCAD,48,2.0,sl4atr_tp3R,-0.045,-0.011,-0.117,867,57.4,1.26,1.53,-0.27,61.7
M30,EURCAD,48,2.5,time_only,0.245,0.202,0.339,555,51.0,2.75,1.28,1.47,46.9
M30,EURCAD,48,2.5,time_only_2x,0.562,0.691,0.315,466,56.7,6.79,1.91,4.88,85.1
M30,EURCAD,48,2.5,sl3atr_tp2R,-0.301,-0.371,-0.164,548,48.7,-0.71,1.59,-2.3,65.8
M30,EURCAD,48,2.5,sl4atr_tp3R,0.017,0.105,-0.167,506,53.2,1.89,1.75,0.14,75.1
M30,EURCAD,96,1.5,time_only,-0.018,-0.128,0.193,696,55.9,1.68,1.81,-0.12,78.7
M30,EURCAD,96,1.5,time_only_2x,0.04,-0.144,0.404,528,64.4,2.76,2.38,0.38,113.5
M30,EURCAD,96,1.5,sl3atr_tp2R,-0.634,-0.763,-0.381,884,49.3,-2.46,1.64,-4.1,68.5
M30,EURCAD,96,1.5,sl4atr_tp3R,-0.407,-0.567,-0.091,734,58.3,-1.21,1.89,-3.09,83.5
M30,EURCAD,96,2.0,time_only,0.186,0.046,0.478,541,52.5,3.42,1.91,1.51,84.9
M30,EURCAD,96,2.0,time_only_2x,0.301,0.07,0.791,417,63.1,6.29,2.72,3.57,133.7
M30,EURCAD,96,2.0,sl3atr_tp2R,-0.343,-0.542,0.06,649,46.5,-0.97,1.88,-2.85,83.1
M30,EURCAD,96,2.0,sl4atr_tp3R,-0.135,-0.283,0.173,558,54.5,0.88,2.17,-1.29,100.6
M30,EURCAD,96,2.5,time_only,0.519,0.808,-0.075,342,54.4,7.86,2.03,5.83,92.3
M30,EURCAD,96,2.5,time_only_2x,0.152,0.315,-0.172,276,55.4,5.61,3.22,2.39,164.1
M30,EURCAD,96,2.5,sl3atr_tp2R,-0.057,0.157,-0.613,377,43.8,1.49,2.2,-0.71,102.4
M30,EURCAD,96,2.5,sl4atr_tp3R,-0.154,0.029,-0.551,335,48.4,0.6,2.61,-2.01,127.5
M30,EURCAD,192,1.5,time_only,0.296,0.158,0.573,375,59.7,6.79,2.94,3.85,147.5
M30,EURCAD,192,1.5,time_only_2x,0.348,0.352,0.349,294,69.0,9.84,3.91,5.93,205.7
M30,EURCAD,192,1.5,sl3atr_tp2R,-0.163,-0.191,-0.109,613,43.2,0.56,2.1,-1.54,96.3
M30,EURCAD,192,1.5,sl4atr_tp3R,0.059,0.08,0.015,484,53.1,3.31,2.61,0.69,127.5
M30,EURCAD,192,2.0,time_only,0.492,0.497,0.492,291,57.7,10.83,3.22,7.62,164.0
M30,EURCAD,192,2.0,time_only_2x,0.495,0.507,0.494,234,65.8,15.18,4.61,10.58,247.9
M30,EURCAD,192,2.0,sl3atr_tp2R,0.075,0.156,-0.096,449,41.0,3.32,2.42,0.9,115.6
M30,EURCAD,192,2.0,sl4atr_tp3R,0.147,0.236,-0.033,369,48.8,5.29,3.11,2.18,157.5
M30,EURCAD,192,2.5,time_only,0.491,0.74,0.034,195,55.4,13.26,3.47,9.79,179.4
M30,EURCAD,192,2.5,time_only_2x,0.235,0.322,0.056,160,60.0,12.2,5.6,6.6,307.9
M30,EURCAD,192,2.5,sl3atr_tp2R,0.353,0.711,-0.513,255,41.2,9.23,2.89,6.33,144.3
M30,EURCAD,192,2.5,sl4atr_tp3R,0.125,0.4,-0.467,219,44.7,6.48,3.87,2.61,203.2
M30,GBPCAD,24,1.5,time_only,-0.555,-0.318,-1.188,2186,51.4,-0.42,0.87,-1.29,21.0
M30,GBPCAD,24,1.5,time_only_2x,-0.086,0.277,-0.953,1704,57.9,0.8,1.08,-0.28,33.6
M30,GBPCAD,24,1.5,sl3atr_tp2R,-0.894,-0.487,-1.89,2044,55.6,-1.55,0.99,-2.55,28.5
M30,GBPCAD,24,1.5,sl4atr_tp3R,-0.475,0.017,-1.625,1872,57.4,-0.43,1.03,-1.46,30.9
M30,GBPCAD,24,2.0,time_only,-0.578,-0.413,-1.028,1484,48.2,-0.75,0.9,-1.65,22.9
M30,GBPCAD,24,2.0,time_only_2x,-0.381,-0.246,-0.714,1185,51.6,-0.44,1.19,-1.63,40.2
M30,GBPCAD,24,2.0,sl3atr_tp2R,-0.955,-0.763,-1.418,1379,50.3,-2.46,1.09,-3.55,34.2
M30,GBPCAD,24,2.0,sl4atr_tp3R,-0.592,-0.369,-1.115,1270,51.5,-1.25,1.14,-2.39,37.5
M30,GBPCAD,24,2.5,time_only,-0.586,-0.5,-0.836,719,47.1,-1.72,0.92,-2.63,23.8
M30,GBPCAD,24,2.5,time_only_2x,-0.143,-0.125,-0.184,621,50.7,0.42,1.27,-0.86,45.4
M30,GBPCAD,24,2.5,sl3atr_tp2R,-0.579,-0.459,-0.855,671,48.4,-2.17,1.16,-3.32,38.3
M30,GBPCAD,24,2.5,sl4atr_tp3R,-0.356,-0.297,-0.499,649,50.4,-0.98,1.22,-2.2,42.4
M30,GBPCAD,48,1.5,time_only,-0.159,-0.004,-0.535,1284,51.6,0.54,1.21,-0.66,41.2
M30,GBPCAD,48,1.5,time_only_2x,0.044,0.279,-0.452,987,61.9,1.75,1.52,0.24,60.1
M30,GBPCAD,48,1.5,sl3atr_tp2R,-0.787,-0.536,-1.41,1336,55.2,-2.26,1.27,-3.53,45.1
M30,GBPCAD,48,1.5,sl4atr_tp3R,-0.477,-0.324,-0.831,1170,60.3,-1.01,1.37,-2.39,51.5
M30,GBPCAD,48,2.0,time_only,0.109,0.145,0.026,940,50.7,1.81,1.27,0.55,44.9
M30,GBPCAD,48,2.0,time_only_2x,-0.171,-0.01,-0.527,715,56.8,0.5,1.74,-1.24,73.6
M30,GBPCAD,48,2.0,sl3atr_tp2R,-0.61,-0.446,-1.021,948,50.7,-2.2,1.45,-3.65,56.2
M30,GBPCAD,48,2.0,sl4atr_tp3R,-0.569,-0.519,-0.712,835,54.6,-2.23,1.58,-3.81,63.9
M30,GBPCAD,48,2.5,time_only,0.097,0.229,-0.204,548,48.7,1.94,1.3,0.64,47.0
M30,GBPCAD,48,2.5,time_only_2x,0.017,0.043,-0.04,448,51.8,2.12,1.95,0.17,86.0
M30,GBPCAD,48,2.5,sl3atr_tp2R,-0.332,-0.083,-0.969,542,46.7,-1.34,1.63,-2.96,66.7
M30,GBPCAD,48,2.5,sl4atr_tp3R,-0.281,-0.158,-0.595,501,49.9,-0.93,1.79,-2.71,76.3
M30,GBPCAD,96,1.5,time_only,0.13,0.176,0.033,703,56.2,2.78,1.8,0.98,77.2
M30,GBPCAD,96,1.5,time_only_2x,-0.02,0.043,-0.163,534,63.9,2.17,2.38,-0.21,112.2
M30,GBPCAD,96,1.5,sl3atr_tp2R,-0.504,-0.464,-0.612,860,50.5,-1.9,1.69,-3.59,70.4
M30,GBPCAD,96,1.5,sl4atr_tp3R,-0.367,-0.252,-0.65,724,56.9,-1.16,1.92,-3.08,84.2
M30,GBPCAD,96,2.0,time_only,0.256,0.51,-0.307,517,53.2,4.25,1.94,2.31,85.7
M30,GBPCAD,96,2.0,time_only_2x,0.214,0.253,0.138,403,59.8,5.43,2.8,2.63,137.6
M30,GBPCAD,96,2.0,sl3atr_tp2R,-0.38,-0.237,-0.724,619,45.9,-1.55,1.95,-3.5,86.0
M30,GBPCAD,96,2.0,sl4atr_tp3R,-0.412,-0.317,-0.626,530,51.3,-1.94,2.26,-4.19,104.8
M30,GBPCAD,96,2.5,time_only,0.467,0.699,-0.061,347,53.6,7.54,2.05,5.49,92.1
M30,GBPCAD,96,2.5,time_only_2x,0.522,0.486,0.617,281,57.7,11.72,3.26,8.45,165.6
M30,GBPCAD,96,2.5,sl3atr_tp2R,0.035,0.253,-0.529,385,42.9,2.73,2.26,0.47,105.0
M30,GBPCAD,96,2.5,sl4atr_tp3R,0.054,0.279,-0.463,340,48.2,3.49,2.68,0.8,130.7
M30,GBPCAD,192,1.5,time_only,-0.174,-0.013,-0.496,378,56.6,0.71,2.99,-2.28,149.1
M30,GBPCAD,192,1.5,time_only_2x,-0.108,0.262,-0.79,281,63.0,2.22,4.08,-1.86,215.2
M30,GBPCAD,192,1.5,sl3atr_tp2R,-0.57,-0.315,-1.204,591,42.6,-3.78,2.2,-5.98,101.4
M30,GBPCAD,192,1.5,sl4atr_tp3R,-0.451,-0.152,-1.177,478,51.3,-3.13,2.66,-5.79,129.1
M30,GBPCAD,192,2.0,time_only,-0.105,-0.204,0.077,289,51.2,1.61,3.29,-1.68,167.1
M30,GBPCAD,192,2.0,time_only_2x,0.121,0.201,-0.018,224,62.9,7.31,4.71,2.6,253.5
M30,GBPCAD,192,2.0,sl3atr_tp2R,-0.385,-0.342,-0.502,453,39.7,-2.56,2.44,-5.0,116.0
M30,GBPCAD,192,2.0,sl4atr_tp3R,-0.324,-0.342,-0.296,363,46.8,-2.33,3.09,-5.42,155.0
M30,GBPCAD,192,2.5,time_only,0.053,0.242,-0.353,202,51.0,4.65,3.52,1.13,181.2
M30,GBPCAD,192,2.5,time_only_2x,0.3,0.577,-0.264,160,59.4,14.23,5.68,8.55,311.8
M30,GBPCAD,192,2.5,sl3atr_tp2R,-0.25,-0.257,-0.246,275,37.5,-1.89,2.8,-4.69,137.7
M30,GBPCAD,192,2.5,sl4atr_tp3R,-0.174,-0.026,-0.515,227,44.5,-0.33,3.85,-4.18,201.3
M30,AUDCAD,24,1.5,time_only,-0.429,-0.352,-0.582,2223,52.5,0.38,1.35,-0.96,21.6
M30,AUDCAD,24,1.5,time_only_2x,-0.398,-0.346,-0.497,1696,57.5,0.24,1.55,-1.31,33.9
M30,AUDCAD,24,1.5,sl3atr_tp2R,-1.257,-1.29,-1.206,1971,55.6,-2.43,1.48,-3.91,29.5
M30,AUDCAD,24,1.5,sl4atr_tp3R,-0.871,-0.882,-0.859,1823,57.4,-1.33,1.52,-2.84,31.7
M30,AUDCAD,24,2.0,time_only,-0.463,-0.541,-0.322,1379,50.0,-0.01,1.37,-1.39,23.1
M30,AUDCAD,24,2.0,time_only_2x,-0.261,-0.478,0.131,1134,52.5,0.56,1.66,-1.1,40.5
M30,AUDCAD,24,2.0,sl3atr_tp2R,-0.932,-1.085,-0.649,1269,51.1,-2.3,1.58,-3.89,35.8
M30,AUDCAD,24,2.0,sl4atr_tp3R,-0.514,-0.671,-0.219,1192,52.2,-0.59,1.63,-2.21,38.4
M30,AUDCAD,24,2.5,time_only,-0.476,-0.797,-0.017,492,49.4,-1.22,1.39,-2.61,23.9
M30,AUDCAD,24,2.5,time_only_2x,-0.043,-0.2,0.208,453,49.7,1.42,1.75,-0.33,46.1
M30,AUDCAD,24,2.5,sl3atr_tp2R,-0.371,-0.523,-0.098,481,47.0,-1.06,1.66,-2.73,40.8
M30,AUDCAD,24,2.5,sl4atr_tp3R,-0.152,-0.363,0.201,467,49.0,0.57,1.71,-1.14,43.7
M30,AUDCAD,48,1.5,time_only,0.264,0.343,0.118,1296,53.5,2.73,1.66,1.07,40.6
M30,AUDCAD,48,1.5,time_only_2x,0.403,0.335,0.536,992,62.7,4.16,1.98,2.18,59.7
M30,AUDCAD,48,1.5,sl3atr_tp2R,-0.729,-0.938,-0.332,1311,56.4,-1.75,1.75,-3.5,45.9
M30,AUDCAD,48,1.5,sl4atr_tp3R,-0.257,-0.546,0.286,1152,60.5,0.51,1.86,-1.35,52.5
M30,AUDCAD,48,2.0,time_only,0.099,0.039,0.201,939,50.2,2.22,1.72,0.5,44.3
M30,AUDCAD,48,2.0,time_only_2x,0.556,0.506,0.642,741,58.7,6.16,2.2,3.96,73.0
M30,AUDCAD,48,2.0,sl3atr_tp2R,-0.389,-0.466,-0.249,932,52.1,-0.49,1.94,-2.42,57.1
M30,AUDCAD,48,2.0,sl4atr_tp3R,-0.119,-0.343,0.301,845,56.7,1.24,2.05,-0.81,64.1
M30,AUDCAD,48,2.5,time_only,0.473,0.297,0.786,516,53.5,5.01,1.77,3.25,47.0
M30,AUDCAD,48,2.5,time_only_2x,0.625,0.618,0.638,445,54.4,8.53,2.42,6.11,86.4
M30,AUDCAD,48,2.5,sl3atr_tp2R,-0.005,-0.182,0.356,509,49.9,2.09,2.13,-0.05,69.2
M30,AUDCAD,48,2.5,sl4atr_tp3R,0.204,0.056,0.506,479,52.8,4.23,2.29,1.94,78.8
M30,AUDCAD,96,1.5,time_only,0.719,0.648,0.843,721,58.0,7.41,2.25,5.16,76.0
M30,AUDCAD,96,1.5,time_only_2x,0.55,0.45,0.723,556,63.8,8.08,2.78,5.31,108.0
M30,AUDCAD,96,1.5,sl3atr_tp2R,-0.357,-0.539,-0.02,857,53.8,-0.51,2.17,-2.68,71.1
M30,AUDCAD,96,1.5,sl4atr_tp3R,-0.057,-0.27,0.334,733,60.2,1.88,2.37,-0.49,83.5
M30,AUDCAD,96,2.0,time_only,0.574,0.622,0.494,545,53.9,7.3,2.39,4.91,84.6
M30,AUDCAD,96,2.0,time_only_2x,0.382,0.315,0.494,426,60.3,7.85,3.17,4.67,132.0
M30,AUDCAD,96,2.0,sl3atr_tp2R,-0.361,-0.491,-0.11,622,49.2,-1.07,2.43,-3.51,87.3
M30,AUDCAD,96,2.0,sl4atr_tp3R,-0.125,-0.244,0.102,550,55.3,1.34,2.68,-1.33,102.0
M30,AUDCAD,96,2.5,time_only,0.601,0.608,0.59,345,52.5,9.75,2.51,7.25,91.9
M30,AUDCAD,96,2.5,time_only_2x,0.269,0.227,0.343,282,56.0,8.32,3.66,4.66,161.4
M30,AUDCAD,96,2.5,sl3atr_tp2R,-0.171,-0.293,0.061,370,44.1,0.19,2.75,-2.56,106.4
M30,AUDCAD,96,2.5,sl4atr_tp3R,-0.286,-0.247,-0.373,338,50.6,-1.51,3.09,-4.61,127.2
M30,AUDCAD,192,1.5,time_only,0.169,0.074,0.332,372,57.0,5.83,3.45,2.38,149.0
M30,AUDCAD,192,1.5,time_only_2x,0.307,0.041,0.76,287,62.4,9.76,4.46,5.3,209.8
M30,AUDCAD,192,1.5,sl3atr_tp2R,-0.59,-0.822,-0.141,554,43.5,-4.03,2.8,-6.83,109.3
M30,AUDCAD,192,1.5,sl4atr_tp3R,-0.364,-0.613,0.098,453,53.0,-1.83,3.23,-5.06,135.6
M30,AUDCAD,192,2.0,time_only,-0.035,-0.491,0.683,282,49.6,3.14,3.74,-0.6,166.3
M30,AUDCAD,192,2.0,time_only_2x,-0.019,-0.633,0.99,217,58.5,4.91,5.33,-0.42,262.7
M30,AUDCAD,192,2.0,sl3atr_tp2R,-0.381,-1.036,0.735,413,40.4,-2.58,3.1,-5.68,127.7
M30,AUDCAD,192,2.0,sl4atr_tp3R,-0.524,-1.095,0.422,335,47.2,-5.32,3.83,-9.15,171.5
M30,AUDCAD,192,2.5,time_only,0.339,-0.034,0.968,196,50.5,11.45,3.96,7.5,179.3
M30,AUDCAD,192,2.5,time_only_2x,0.338,-0.011,0.894,158,54.4,15.01,5.97,9.04,301.4
M30,AUDCAD,192,2.5,sl3atr_tp2R,0.093,-0.284,0.818,248,41.1,5.49,3.47,2.02,150.0
M30,AUDCAD,192,2.5,sl4atr_tp3R,-0.245,-0.645,0.583,214,43.5,-1.7,4.38,-6.08,205.0
M30,NZDCAD,24,1.5,time_only,-0.46,-0.724,0.047,2221,51.1,-0.03,1.08,-1.11,21.5
M30,NZDCAD,24,1.5,time_only_2x,-0.135,-0.053,-0.288,1700,58.8,0.8,1.27,-0.47,33.4
M30,NZDCAD,24,1.5,sl3atr_tp2R,-1.154,-1.261,-0.969,2004,56.1,-2.55,1.2,-3.75,29.0
M30,NZDCAD,24,1.5,sl4atr_tp3R,-0.629,-0.754,-0.4,1847,58.3,-0.85,1.24,-2.09,31.3
M30,NZDCAD,24,2.0,time_only,-0.126,-0.192,-0.005,1384,50.1,0.7,1.1,-0.4,23.2
M30,NZDCAD,24,2.0,time_only_2x,0.04,-0.056,0.222,1119,51.7,1.59,1.4,0.19,41.0
M30,NZDCAD,24,2.0,sl3atr_tp2R,-0.833,-0.856,-0.797,1262,48.4,-2.4,1.32,-3.71,36.0
M30,NZDCAD,24,2.0,sl4atr_tp3R,-0.522,-0.523,-0.526,1191,50.4,-1.08,1.36,-2.44,38.7
M30,NZDCAD,24,2.5,time_only,0.205,0.059,0.479,484,53.3,2.22,1.12,1.1,23.9
M30,NZDCAD,24,2.5,time_only_2x,-0.107,-0.196,0.097,440,47.3,0.66,1.49,-0.83,46.3
M30,NZDCAD,24,2.5,sl3atr_tp2R,-0.612,-0.581,-0.715,461,44.3,-3.47,1.4,-4.87,40.9
M30,NZDCAD,24,2.5,sl4atr_tp3R,-0.354,-0.347,-0.385,450,46.0,-1.36,1.45,-2.82,44.2
M30,NZDCAD,48,1.5,time_only,0.364,0.655,-0.21,1305,54.1,2.99,1.4,1.59,40.8
M30,NZDCAD,48,1.5,time_only_2x,0.15,0.468,-0.456,986,60.0,2.6,1.71,0.89,59.9
M30,NZDCAD,48,1.5,sl3atr_tp2R,-0.785,-0.633,-1.124,1338,54.9,-2.55,1.47,-4.02,45.2
M30,NZDCAD,48,1.5,sl4atr_tp3R,-0.364,-0.222,-0.661,1175,58.6,-0.44,1.57,-2.02,51.5
M30,NZDCAD,48,2.0,time_only,0.825,0.953,0.584,961,52.3,5.89,1.45,4.44,44.0
M30,NZDCAD,48,2.0,time_only_2x,0.792,0.967,0.476,746,59.8,8.05,1.91,6.15,71.6
M30,NZDCAD,48,2.0,sl3atr_tp2R,-0.228,-0.295,-0.098,953,52.0,0.21,1.64,-1.43,55.3
M30,NZDCAD,48,2.0,sl4atr_tp3R,0.262,0.368,0.069,844,57.1,3.61,1.77,1.85,63.2
M30,NZDCAD,48,2.5,time_only,0.72,0.934,0.322,526,51.3,6.62,1.49,5.12,46.6
M30,NZDCAD,48,2.5,time_only_2x,0.572,0.805,0.146,442,56.3,8.01,2.13,5.88,85.0
M30,NZDCAD,48,2.5,sl3atr_tp2R,-0.339,-0.217,-0.582,517,48.4,-1.28,1.81,-3.08,65.8
M30,NZDCAD,48,2.5,sl4atr_tp3R,0.118,0.337,-0.327,481,53.2,3.12,1.98,1.14,76.4
M30,NZDCAD,96,1.5,time_only,0.65,0.692,0.579,721,59.9,7.04,1.99,5.05,76.9
M30,NZDCAD,96,1.5,time_only_2x,0.697,0.631,0.834,561,66.0,9.51,2.49,7.02,106.9
M30,NZDCAD,96,1.5,sl3atr_tp2R,-0.427,-0.677,0.054,884,51.5,-1.3,1.86,-3.16,69.1
M30,NZDCAD,96,1.5,sl4atr_tp3R,-0.124,-0.308,0.244,743,60.4,1.02,2.09,-1.07,82.5
M30,NZDCAD,96,2.0,time_only,0.64,0.673,0.583,555,55.0,7.89,2.11,5.79,83.8
M30,NZDCAD,96,2.0,time_only_2x,0.589,0.57,0.631,432,60.6,10.43,2.87,7.56,130.2
M30,NZDCAD,96,2.0,sl3atr_tp2R,-0.361,-0.546,0.004,661,47.0,-1.32,2.08,-3.4,81.9
M30,NZDCAD,96,2.0,sl4atr_tp3R,0.083,0.022,0.201,555,55.1,3.3,2.41,0.89,102.0
M30,NZDCAD,96,2.5,time_only,0.51,0.545,0.449,344,51.7,8.47,2.25,6.22,92.5
M30,NZDCAD,96,2.5,time_only_2x,0.581,0.458,0.837,285,58.2,13.54,3.37,10.17,160.3
M30,NZDCAD,96,2.5,sl3atr_tp2R,0.117,0.109,0.134,382,47.1,4.03,2.4,1.62,101.8
M30,NZDCAD,96,2.5,sl4atr_tp3R,0.289,0.263,0.356,347,54.2,7.47,2.83,4.64,127.6
M30,NZDCAD,192,1.5,time_only,0.337,0.037,0.887,385,57.4,7.76,3.14,4.62,146.0
M30,NZDCAD,192,1.5,time_only_2x,0.27,-0.062,0.921,297,64.3,9.1,4.09,5.01,203.9
M30,NZDCAD,192,1.5,sl3atr_tp2R,-0.613,-0.972,0.09,604,43.0,-4.26,2.37,-6.63,99.8
M30,NZDCAD,192,1.5,sl4atr_tp3R,-0.316,-0.707,0.426,481,52.6,-1.29,2.83,-4.12,127.7
M30,NZDCAD,192,2.0,time_only,0.691,0.408,1.21,307,56.7,14.54,3.41,11.13,162.4
M30,NZDCAD,192,2.0,time_only_2x,0.495,0.2,1.042,235,63.0,16.18,4.79,11.4,245.9
M30,NZDCAD,192,2.0,sl3atr_tp2R,-0.138,-0.454,0.553,425,42.8,0.8,2.78,-1.98,124.4
M30,NZDCAD,192,2.0,sl4atr_tp3R,0.139,-0.224,0.857,352,51.1,5.86,3.36,2.5,159.7
M30,NZDCAD,192,2.5,time_only,0.539,0.262,1.028,208,53.4,15.22,3.68,11.54,179.1
M30,NZDCAD,192,2.5,time_only_2x,0.411,0.029,1.168,162,56.8,18.44,5.66,12.78,298.9
M30,NZDCAD,192,2.5,sl3atr_tp2R,0.031,-0.423,0.923,258,40.7,3.73,3.08,0.65,142.7
M30,NZDCAD,192,2.5,sl4atr_tp3R,0.037,-0.395,0.851,218,45.0,5.1,4.14,0.96,206.7
M30,CHFJPY,24,1.5,time_only,-0.825,-1.261,-0.045,2205,49.9,-0.96,1.06,-2.02,21.4
M30,CHFJPY,24,1.5,time_only_2x,-0.654,-1.015,0.006,1676,56.8,-1.08,1.27,-2.35,33.9
M30,CHFJPY,24,1.5,sl3atr_tp2R,-1.841,-1.954,-1.646,2048,53.4,-4.58,1.17,-5.75,28.2
M30,CHFJPY,24,1.5,sl4atr_tp3R,-1.436,-1.7,-0.972,1836,55.0,-3.62,1.22,-4.85,31.3
M30,CHFJPY,24,2.0,time_only,-0.267,-0.505,0.163,1408,49.6,0.22,1.09,-0.87,23.1
M30,CHFJPY,24,2.0,time_only_2x,-0.135,-0.428,0.424,1121,53.0,0.71,1.38,-0.68,40.8
M30,CHFJPY,24,2.0,sl3atr_tp2R,-1.163,-1.243,-1.026,1302,49.8,-3.77,1.27,-5.05,34.1
M30,CHFJPY,24,2.0,sl4atr_tp3R,-0.846,-1.08,-0.441,1210,52.0,-2.6,1.33,-3.93,37.6
M30,CHFJPY,24,2.5,time_only,-0.347,-0.89,0.644,556,47.7,-0.82,1.1,-1.92,23.8
M30,CHFJPY,24,2.5,time_only_2x,-0.07,-0.293,0.317,505,51.7,0.93,1.46,-0.53,45.8
M30,CHFJPY,24,2.5,sl3atr_tp2R,-0.668,-0.928,-0.197,531,47.5,-3.66,1.34,-5.0,38.2
M30,CHFJPY,24,2.5,sl4atr_tp3R,-0.364,-0.649,0.145,519,50.7,-1.35,1.41,-2.76,42.5
M30,CHFJPY,48,1.5,time_only,-0.559,-1.062,0.337,1282,51.9,-1.17,1.38,-2.55,40.8
M30,CHFJPY,48,1.5,time_only_2x,-0.318,-0.725,0.418,993,59.0,-0.2,1.7,-1.9,60.0
M30,CHFJPY,48,1.5,sl3atr_tp2R,-1.455,-1.805,-0.85,1414,51.9,-5.47,1.41,-6.88,42.5
M30,CHFJPY,48,1.5,sl4atr_tp3R,-0.995,-1.351,-0.385,1223,56.7,-3.75,1.53,-5.27,49.4
M30,CHFJPY,48,2.0,time_only,-0.004,-0.214,0.385,943,51.1,1.42,1.44,-0.02,44.5
M30,CHFJPY,48,2.0,time_only_2x,0.073,-0.084,0.39,729,56.8,2.5,1.92,0.58,73.5
M30,CHFJPY,48,2.0,sl3atr_tp2R,-0.887,-0.921,-0.832,991,48.3,-3.83,1.58,-5.41,52.8
M30,CHFJPY,48,2.0,sl4atr_tp3R,-0.477,-0.58,-0.291,871,54.0,-1.65,1.72,-3.37,61.3
M30,CHFJPY,48,2.5,time_only,0.226,0.179,0.317,528,50.4,3.37,1.48,1.89,46.7
M30,CHFJPY,48,2.5,time_only_2x,0.233,0.234,0.235,450,52.9,4.7,2.11,2.59,85.1
M30,CHFJPY,48,2.5,sl3atr_tp2R,-0.424,-0.612,-0.105,543,45.3,-2.04,1.74,-3.78,62.2
M30,CHFJPY,48,2.5,sl4atr_tp3R,0.117,0.162,0.041,502,51.2,3.07,1.92,1.15,73.2
M30,CHFJPY,96,1.5,time_only,-0.036,-0.607,0.962,707,55.0,1.69,1.99,-0.3,77.6
M30,CHFJPY,96,1.5,time_only_2x,0.037,-0.378,0.787,539,62.7,2.94,2.55,0.39,111.3
M30,CHFJPY,96,1.5,sl3atr_tp2R,-0.976,-1.236,-0.503,953,46.4,-5.18,1.76,-6.94,63.6
M30,CHFJPY,96,1.5,sl4atr_tp3R,-0.619,-1.0,0.024,783,54.3,-3.13,2.0,-5.14,78.3
M30,CHFJPY,96,2.0,time_only,-0.311,-0.63,0.295,525,49.1,-0.89,2.15,-3.04,87.2
M30,CHFJPY,96,2.0,time_only_2x,-0.025,-0.361,0.608,408,55.6,2.65,2.99,-0.34,137.9
M30,CHFJPY,96,2.0,sl3atr_tp2R,-0.851,-1.255,-0.157,677,41.4,-5.74,2.02,-7.76,79.4
M30,CHFJPY,96,2.0,sl4atr_tp3R,-0.872,-1.193,-0.316,570,46.8,-7.05,2.33,-9.38,98.1
M30,CHFJPY,96,2.5,time_only,-0.094,-0.424,0.512,327,48.6,0.96,2.23,-1.27,91.9
M30,CHFJPY,96,2.5,time_only_2x,-0.219,-0.295,-0.076,263,51.3,-0.81,3.37,-4.18,160.7
M30,CHFJPY,96,2.5,sl3atr_tp2R,-0.712,-1.055,-0.17,380,36.6,-7.19,2.23,-9.43,92.2
M30,CHFJPY,96,2.5,sl4atr_tp3R,-0.606,-0.785,-0.333,337,43.3,-6.4,2.66,-9.06,118.3
M30,CHFJPY,192,1.5,time_only,0.202,0.314,-0.013,368,57.1,6.3,3.2,3.09,151.0
M30,CHFJPY,192,1.5,time_only_2x,-0.075,0.072,-0.358,271,60.9,2.76,4.39,-1.62,222.4
M30,CHFJPY,192,1.5,sl3atr_tp2R,-0.597,-0.552,-0.683,618,39.2,-4.18,2.28,-6.46,94.9
M30,CHFJPY,192,1.5,sl4atr_tp3R,-0.443,-0.317,-0.675,495,46.9,-3.3,2.76,-6.06,124.3
M30,CHFJPY,192,2.0,time_only,-0.243,-0.34,-0.047,274,50.7,-0.98,3.52,-4.5,170.3
M30,CHFJPY,192,2.0,time_only_2x,-0.589,-0.557,-0.653,205,50.2,-9.96,5.35,-15.31,280.5
M30,CHFJPY,192,2.0,sl3atr_tp2R,-0.61,-0.567,-0.694,457,35.4,-5.62,2.5,-8.12,108.4
M30,CHFJPY,192,2.0,sl4atr_tp3R,-0.856,-0.864,-0.847,358,39.4,-11.05,3.28,-14.32,155.4
M30,CHFJPY,192,2.5,time_only,-0.128,-0.005,-0.377,187,52.9,0.78,3.73,-2.95,182.7
M30,CHFJPY,192,2.5,time_only_2x,-0.046,0.213,-0.52,150,54.0,4.5,6.02,-1.52,321.1
M30,CHFJPY,192,2.5,sl3atr_tp2R,-0.339,-0.02,-0.92,269,34.6,-3.69,2.82,-6.5,127.5
M30,CHFJPY,192,2.5,sl4atr_tp3R,-0.2,0.188,-0.816,218,41.3,-0.98,3.87,-4.84,191.0
M30,CADCHF,24,1.5,time_only,-0.706,-0.527,-1.044,2222,51.0,0.92,2.56,-1.64,20.9
M30,CADCHF,24,1.5,time_only_2x,-0.336,-0.291,-0.422,1724,58.2,1.58,2.76,-1.18,33.3
M30,CADCHF,24,1.5,sl3atr_tp2R,-1.237,-1.189,-1.337,2089,53.9,-1.03,2.67,-3.7,27.6
M30,CADCHF,24,1.5,sl4atr_tp3R,-0.87,-0.962,-0.704,1903,56.5,-0.16,2.71,-2.87,30.5
M30,CADCHF,24,2.0,time_only,-0.52,-0.449,-0.651,1443,47.8,0.99,2.59,-1.6,22.7
M30,CADCHF,24,2.0,time_only_2x,-0.129,-0.102,-0.179,1163,54.9,2.27,2.87,-0.6,39.8
M30,CADCHF,24,2.0,sl3atr_tp2R,-0.968,-0.833,-1.239,1370,51.0,-1.22,2.76,-3.98,33.2
M30,CADCHF,24,2.0,sl4atr_tp3R,-0.63,-0.475,-0.936,1273,53.9,0.06,2.81,-2.75,36.5
M30,CADCHF,24,2.5,time_only,-0.65,-0.696,-0.568,588,48.0,-0.65,2.6,-3.25,23.7
M30,CADCHF,24,2.5,time_only_2x,-0.641,-0.804,-0.356,510,48.0,-1.89,2.96,-4.85,45.5
M30,CADCHF,24,2.5,sl3atr_tp2R,-0.964,-1.166,-0.631,556,45.9,-3.99,2.82,-6.81,37.1
M30,CADCHF,24,2.5,sl4atr_tp3R,-0.886,-1.067,-0.58,536,46.8,-3.68,2.89,-6.57,41.2
M30,CADCHF,48,1.5,time_only,-0.162,-0.443,0.347,1309,54.5,2.16,2.88,-0.72,40.6
M30,CADCHF,48,1.5,time_only_2x,-0.191,-0.329,0.061,994,60.4,2.09,3.2,-1.11,59.8
M30,CADCHF,48,1.5,sl3atr_tp2R,-0.943,-1.167,-0.527,1395,53.8,-1.43,2.92,-4.36,43.2
M30,CADCHF,48,1.5,sl4atr_tp3R,-0.702,-0.979,-0.199,1225,58.5,-0.7,3.03,-3.73,49.3
M30,CADCHF,48,2.0,time_only,-0.028,-0.143,0.185,960,53.3,2.79,2.94,-0.15,44.3
M30,CADCHF,48,2.0,time_only_2x,0.015,0.054,-0.06,753,57.8,3.52,3.4,0.11,72.2
M30,CADCHF,48,2.0,sl3atr_tp2R,-0.507,-0.491,-0.539,1011,50.5,0.13,3.07,-2.94,52.1
M30,CADCHF,48,2.0,sl4atr_tp3R,-0.42,-0.28,-0.672,903,54.8,0.43,3.19,-2.76,59.5
M30,CADCHF,48,2.5,time_only,-0.233,-0.497,0.222,554,50.2,1.32,2.99,-1.67,47.0
M30,CADCHF,48,2.5,time_only_2x,-0.413,-0.76,0.166,457,53.0,-0.52,3.64,-4.16,86.2
M30,CADCHF,48,2.5,sl3atr_tp2R,-0.995,-1.214,-0.616,549,44.6,-5.37,3.25,-8.62,62.9
M30,CADCHF,48,2.5,sl4atr_tp3R,-0.951,-1.215,-0.499,516,49.2,-5.2,3.43,-8.63,73.5
M30,CADCHF,96,1.5,time_only,0.321,0.18,0.603,712,55.8,5.92,3.48,2.44,76.7
M30,CADCHF,96,1.5,time_only_2x,0.445,0.304,0.728,549,65.4,8.54,4.03,4.51,110.3
M30,CADCHF,96,1.5,sl3atr_tp2R,-0.508,-0.713,-0.128,918,48.4,-0.14,3.3,-3.44,66.0
M30,CADCHF,96,1.5,sl4atr_tp3R,-0.224,-0.361,0.033,758,57.4,1.73,3.54,-1.81,80.7
M30,CADCHF,96,2.0,time_only,-0.097,-0.217,0.16,541,50.8,2.74,3.62,-0.88,85.3
M30,CADCHF,96,2.0,time_only_2x,0.044,0.027,0.084,417,58.0,5.02,4.45,0.57,135.4
M30,CADCHF,96,2.0,sl3atr_tp2R,-0.839,-0.918,-0.698,689,43.4,-3.55,3.51,-7.06,78.5
M30,CADCHF,96,2.0,sl4atr_tp3R,-0.641,-0.615,-0.702,576,50.2,-2.73,3.83,-6.56,98.0
M30,CADCHF,96,2.5,time_only,0.301,0.219,0.479,352,53.4,7.6,3.72,3.87,91.6
M30,CADCHF,96,2.5,time_only_2x,0.031,-0.207,0.523,281,55.9,5.49,4.91,0.58,163.0
M30,CADCHF,96,2.5,sl3atr_tp2R,-0.377,-0.469,-0.208,389,40.9,-0.91,3.89,-4.8,101.3
M30,CADCHF,96,2.5,sl4atr_tp3R,-0.289,-0.397,-0.105,349,47.6,-0.01,4.26,-4.27,124.0
M30,CADCHF,192,1.5,time_only,-0.138,0.06,-0.548,366,58.5,2.7,4.75,-2.05,153.4
M30,CADCHF,192,1.5,time_only_2x,0.031,0.312,-0.49,280,65.0,6.35,5.75,0.6,214.3
M30,CADCHF,192,1.5,sl3atr_tp2R,-0.368,-0.281,-0.544,613,41.9,0.14,3.8,-3.66,96.1
M30,CADCHF,192,1.5,sl4atr_tp3R,-0.437,-0.329,-0.643,489,49.1,-1.26,4.3,-5.56,126.2
M30,CADCHF,192,2.0,time_only,0.12,0.007,0.351,292,54.8,7.13,4.99,2.13,168.3
M30,CADCHF,192,2.0,time_only_2x,0.238,0.205,0.303,225,62.2,12.08,6.44,5.64,255.7
M30,CADCHF,192,2.0,sl3atr_tp2R,-0.249,-0.367,-0.031,464,39.4,0.83,3.99,-3.17,107.9
M30,CADCHF,192,2.0,sl4atr_tp3R,-0.188,-0.376,0.14,371,45.6,1.76,4.75,-2.99,153.4
M30,CADCHF,192,2.5,time_only,-0.057,0.001,-0.184,200,50.5,3.86,5.21,-1.34,181.1
M30,CADCHF,192,2.5,time_only_2x,0.068,0.034,0.139,160,53.1,9.49,7.36,2.13,311.4
M30,CADCHF,192,2.5,sl3atr_tp2R,-0.456,-0.513,-0.359,273,35.2,-3.46,4.37,-7.82,130.5
M30,CADCHF,192,2.5,sl4atr_tp3R,-0.283,-0.24,-0.352,237,40.9,-0.78,5.35,-6.13,189.7
M30,EURUSD,24,1.5,time_only,-0.281,-0.208,-0.417,2696,51.8,0.52,1.08,-0.56,20.7
M30,EURUSD,24,1.5,time_only_2x,-0.057,0.061,-0.262,2125,58.7,1.03,1.18,-0.15,32.9
M30,EURUSD,24,1.5,sl3atr_tp2R,-0.333,-0.393,-0.224,3154,49.7,0.51,1.09,-0.58,22.1
M30,EURUSD,24,1.5,sl4atr_tp3R,-0.337,-0.351,-0.313,2744,53.4,0.44,1.12,-0.68,25.8
M30,EURUSD,24,2.0,time_only,-0.391,0.009,-1.152,1798,48.9,0.11,1.09,-0.99,22.5
M30,EURUSD,24,2.0,time_only_2x,-0.303,-0.021,-0.8,1453,52.9,0.14,1.24,-1.1,40.0
M30,EURUSD,24,2.0,sl3atr_tp2R,-0.474,-0.243,-0.948,2014,44.9,0.05,1.12,-1.07,25.9
M30,EURUSD,24,2.0,sl4atr_tp3R,-0.506,-0.301,-0.904,1814,48.7,-0.17,1.17,-1.33,31.2
M30,EURUSD,24,2.5,time_only,-0.813,-0.622,-1.156,830,45.9,-1.91,1.1,-3.02,23.6
M30,EURUSD,24,2.5,time_only_2x,-0.831,-0.657,-1.109,712,48.5,-3.31,1.29,-4.6,45.6
M30,EURUSD,24,2.5,sl3atr_tp2R,-0.913,-0.86,-1.02,849,39.7,-2.22,1.14,-3.36,28.3
M30,EURUSD,24,2.5,sl4atr_tp3R,-0.889,-0.871,-0.94,807,43.5,-2.55,1.2,-3.75,35.2
M30,EURUSD,48,1.5,time_only,-0.211,-0.109,-0.393,1580,53.2,0.5,1.24,-0.74,40.4
M30,EURUSD,48,1.5,time_only_2x,-0.325,-0.329,-0.319,1184,60.3,-0.18,1.41,-1.59,60.8
M30,EURUSD,48,1.5,sl3atr_tp2R,-0.516,-0.604,-0.356,2190,44.0,-0.13,1.18,-1.31,32.6
M30,EURUSD,48,1.5,sl4atr_tp3R,-0.444,-0.508,-0.33,1822,50.4,-0.15,1.24,-1.39,40.2
M30,EURUSD,48,2.0,time_only,-0.624,-0.504,-0.836,1145,48.7,-1.34,1.28,-2.61,44.7
M30,EURUSD,48,2.0,time_only_2x,-0.648,-0.499,-0.922,856,52.9,-2.5,1.54,-4.04,75.9
M30,EURUSD,48,2.0,sl3atr_tp2R,-0.66,-0.611,-0.754,1480,39.8,-0.91,1.24,-2.14,39.6
M30,EURUSD,48,2.0,sl4atr_tp3R,-0.696,-0.479,-1.087,1279,44.6,-1.5,1.32,-2.82,50.1
M30,EURUSD,48,2.5,time_only,-0.441,-0.316,-0.659,741,48.9,-1.03,1.29,-2.32,46.7
M30,EURUSD,48,2.5,time_only_2x,-0.552,-0.612,-0.447,591,50.6,-2.85,1.61,-4.46,85.5
M30,EURUSD,48,2.5,sl3atr_tp2R,-0.746,-0.87,-0.522,848,36.7,-2.08,1.28,-3.35,44.4
M30,EURUSD,48,2.5,sl4atr_tp3R,-0.534,-0.455,-0.689,780,40.9,-1.62,1.39,-3.01,58.5
M30,EURUSD,96,1.5,time_only,-0.445,-0.428,-0.481,830,51.8,-1.44,1.56,-3.01,79.4
M30,EURUSD,96,1.5,time_only_2x,-0.383,-0.449,-0.265,635,61.3,-1.66,1.86,-3.52,115.4
M30,EURUSD,96,1.5,sl3atr_tp2R,-0.551,-0.55,-0.556,1558,37.0,-0.69,1.27,-1.96,43.4
M30,EURUSD,96,1.5,sl4atr_tp3R,-0.404,-0.49,-0.252,1233,42.8,-0.55,1.41,-1.96,60.3
M30,EURUSD,96,2.0,time_only,-0.163,-0.198,-0.1,660,50.6,0.32,1.61,-1.29,85.4
M30,EURUSD,96,2.0,time_only_2x,-0.175,-0.225,-0.086,509,60.9,0.04,2.02,-1.98,134.6
M30,EURUSD,96,2.0,sl3atr_tp2R,-0.154,-0.278,0.057,1081,37.7,0.63,1.33,-0.7,50.7
M30,EURUSD,96,2.0,sl4atr_tp3R,-0.229,-0.282,-0.135,889,41.1,0.1,1.51,-1.41,72.6
M30,EURUSD,96,2.5,time_only,-0.132,-0.31,0.168,448,51.6,0.38,1.66,-1.29,91.3
M30,EURUSD,96,2.5,time_only_2x,-0.246,-0.376,-0.012,350,56.9,-1.39,2.24,-3.63,161.1
M30,EURUSD,96,2.5,sl3atr_tp2R,-0.351,-0.474,-0.153,623,34.8,-0.82,1.36,-2.18,54.7
M30,EURUSD,96,2.5,sl4atr_tp3R,0.263,0.337,0.137,541,39.9,3.89,1.63,2.26,86.8
M30,EURUSD,192,1.5,time_only,-0.217,-0.322,-0.027,441,55.8,-0.41,2.18,-2.59,154.0
M30,EURUSD,192,1.5,time_only_2x,-0.148,-0.219,-0.019,339,62.2,0.26,2.7,-2.44,217.0
M30,EURUSD,192,1.5,sl3atr_tp2R,-0.333,-0.481,-0.072,1139,34.7,-0.17,1.34,-1.5,51.6
M30,EURUSD,192,1.5,sl4atr_tp3R,-0.102,-0.162,0.006,830,36.0,0.94,1.64,-0.7,88.5
M30,EURUSD,192,2.0,time_only,0.004,-0.15,0.294,367,52.3,2.33,2.28,0.05,166.1
M30,EURUSD,192,2.0,time_only_2x,0.024,-0.009,0.09,278,61.9,3.49,3.0,0.48,253.5
M30,EURUSD,192,2.0,sl3atr_tp2R,-0.318,-0.425,-0.137,794,34.5,-0.43,1.38,-1.81,56.9
M30,EURUSD,192,2.0,sl4atr_tp3R,-0.023,-0.188,0.287,619,33.8,1.56,1.76,-0.2,103.2
M30,EURUSD,192,2.5,time_only,-0.034,-0.126,0.137,254,48.0,1.81,2.4,-0.6,180.6
M30,EURUSD,192,2.5,time_only_2x,0.275,0.351,0.136,206,56.3,10.54,3.42,7.11,304.3
M30,EURUSD,192,2.5,sl3atr_tp2R,-0.009,0.033,-0.075,428,35.7,1.36,1.44,-0.08,63.9
M30,EURUSD,192,2.5,sl4atr_tp3R,0.238,0.421,-0.108,362,33.4,5.14,2.0,3.15,131.9
M30,USDCHF,24,1.5,time_only,-1.091,-0.719,-1.736,2525,49.3,-0.55,1.9,-2.45,21.1
M30,USDCHF,24,1.5,time_only_2x,-0.818,-0.583,-1.18,1942,57.9,-0.54,2.0,-2.55,33.5
M30,USDCHF,24,1.5,sl3atr_tp2R,-1.199,-1.156,-1.271,3001,47.2,-0.39,1.91,-2.3,21.9
M30,USDCHF,24,1.5,sl4atr_tp3R,-0.916,-0.829,-1.062,2587,52.6,-0.11,1.94,-2.05,25.7
M30,USDCHF,24,2.0,time_only,-0.792,-0.337,-1.551,1638,47.7,-0.36,1.91,-2.27,22.8
M30,USDCHF,24,2.0,time_only_2x,-0.592,-0.416,-0.866,1314,53.3,-0.45,2.06,-2.51,40.7
M30,USDCHF,24,2.0,sl3atr_tp2R,-0.646,-0.76,-0.451,1836,43.8,0.22,1.94,-1.73,26.4
M30,USDCHF,24,2.0,sl4atr_tp3R,-0.588,-0.623,-0.531,1656,48.2,0.13,1.99,-1.86,31.7
M30,USDCHF,24,2.5,time_only,-0.5,-0.369,-0.712,737,47.2,-0.27,1.92,-2.19,23.7
M30,USDCHF,24,2.5,time_only_2x,-0.601,-0.618,-0.573,653,48.1,-1.81,2.11,-3.91,45.8
M30,USDCHF,24,2.5,sl3atr_tp2R,-0.696,-1.022,-0.121,755,40.8,-1.06,1.96,-3.02,28.6
M30,USDCHF,24,2.5,sl4atr_tp3R,-0.565,-0.795,-0.155,716,44.1,-0.89,2.02,-2.91,35.7
M30,USDCHF,48,1.5,time_only,-0.394,-0.671,0.028,1481,52.9,0.5,2.06,-1.57,40.7
M30,USDCHF,48,1.5,time_only_2x,-0.462,-0.656,-0.166,1106,60.3,-0.3,2.23,-2.53,61.2
M30,USDCHF,48,1.5,sl3atr_tp2R,-0.809,-1.198,-0.202,2045,43.1,-0.29,2.0,-2.29,32.5
M30,USDCHF,48,1.5,sl4atr_tp3R,-0.423,-0.83,0.235,1713,50.8,0.6,2.06,-1.46,40.3
M30,USDCHF,48,2.0,time_only,-0.51,-0.362,-0.748,1093,49.1,-0.35,2.09,-2.44,44.5
M30,USDCHF,48,2.0,time_only_2x,-0.721,-0.452,-1.175,830,52.7,-2.63,2.34,-4.97,74.1
M30,USDCHF,48,2.0,sl3atr_tp2R,-0.956,-0.752,-1.292,1401,38.7,-1.41,2.04,-3.45,38.3
M30,USDCHF,48,2.0,sl4atr_tp3R,-0.49,-0.085,-1.144,1212,45.5,-0.06,2.13,-2.2,49.2
M30,USDCHF,48,2.5,time_only,-0.381,-0.39,-0.368,660,47.1,-0.42,2.11,-2.54,46.7
M30,USDCHF,48,2.5,time_only_2x,-0.328,-0.302,-0.372,538,50.4,-0.7,2.43,-3.13,85.1
M30,USDCHF,48,2.5,sl3atr_tp2R,-0.44,-0.49,-0.359,748,38.5,-0.29,2.08,-2.37,42.5
M30,USDCHF,48,2.5,sl4atr_tp3R,-0.034,-0.051,-0.007,688,43.6,1.98,2.22,-0.23,59.2
M30,USDCHF,96,1.5,time_only,-0.65,-0.655,-0.643,797,52.6,-2.32,2.37,-4.7,78.4
M30,USDCHF,96,1.5,time_only_2x,-0.504,-0.525,-0.473,602,61.0,-2.35,2.67,-5.02,114.6
M30,USDCHF,96,1.5,sl3atr_tp2R,-0.736,-0.869,-0.522,1532,37.3,-0.65,2.06,-2.72,40.5
M30,USDCHF,96,1.5,sl4atr_tp3R,-0.594,-0.658,-0.495,1198,42.7,-0.74,2.21,-2.95,58.0
M30,USDCHF,96,2.0,time_only,-0.608,-0.564,-0.69,607,48.1,-2.87,2.44,-5.31,86.5
M30,USDCHF,96,2.0,time_only_2x,-0.272,-0.286,-0.25,479,57.8,-0.57,2.85,-3.42,136.2
M30,USDCHF,96,2.0,sl3atr_tp2R,-0.244,-0.479,0.128,1045,37.8,0.98,2.11,-1.13,46.7
M30,USDCHF,96,2.0,sl4atr_tp3R,-0.289,-0.54,0.108,862,39.9,0.48,2.32,-1.85,72.2
M30,USDCHF,96,2.5,time_only,-0.453,-0.554,-0.299,414,48.1,-2.39,2.49,-4.88,92.1
M30,USDCHF,96,2.5,time_only_2x,-0.316,-0.453,-0.11,332,52.1,-2.04,3.08,-5.11,163.5
M30,USDCHF,96,2.5,sl3atr_tp2R,-0.17,-0.189,-0.141,571,37.3,1.04,2.18,-1.13,54.3
M30,USDCHF,96,2.5,sl4atr_tp3R,-0.235,-0.312,-0.12,495,37.0,0.33,2.46,-2.13,88.9
M30,USDCHF,192,1.5,time_only,-0.405,-0.724,0.082,420,54.5,-2.73,2.99,-5.73,153.4
M30,USDCHF,192,1.5,time_only_2x,-0.388,-0.642,0.004,319,63.3,-4.24,3.52,-7.76,216.9
M30,USDCHF,192,1.5,sl3atr_tp2R,-0.443,-0.67,-0.094,1123,34.5,-0.03,2.12,-2.15,47.2
M30,USDCHF,192,1.5,sl4atr_tp3R,-0.426,-0.791,0.139,813,34.6,-0.65,2.43,-3.08,85.5
M30,USDCHF,192,2.0,time_only,-0.183,-0.39,0.136,333,51.1,0.11,3.1,-2.99,166.6
M30,USDCHF,192,2.0,time_only_2x,-0.338,-0.413,-0.218,248,58.9,-4.12,3.88,-8.01,260.7
M30,USDCHF,192,2.0,sl3atr_tp2R,-0.288,-0.563,0.145,761,34.8,0.38,2.15,-1.78,51.5
M30,USDCHF,192,2.0,sl4atr_tp3R,-0.189,-0.56,0.357,578,33.0,0.81,2.59,-1.78,104.6
M30,USDCHF,192,2.5,time_only,-0.224,-0.35,-0.018,220,48.6,-1.48,3.23,-4.71,182.1
M30,USDCHF,192,2.5,time_only_2x,-0.147,-0.257,0.006,182,55.5,-0.33,4.28,-4.61,309.0
M30,USDCHF,192,2.5,sl3atr_tp2R,-0.313,-0.533,0.007,403,34.0,-0.63,2.2,-2.83,57.2
M30,USDCHF,192,2.5,sl4atr_tp3R,-0.149,-0.477,0.293,339,31.6,0.66,2.74,-2.07,122.0
H1,EURGBP,24,1.5,time_only,0.109,-0.059,0.541,1042,52.2,1.66,1.23,0.43,21.3
H1,EURGBP,24,1.5,time_only_2x,0.314,0.232,0.558,816,61.6,3.36,1.6,1.76,32.6
H1,EURGBP,24,1.5,sl3atr_tp2R,-0.235,-0.284,-0.128,909,60.3,0.13,1.5,-1.37,29.5
H1,EURGBP,24,1.5,sl4atr_tp3R,0.125,0.102,0.197,863,62.1,2.3,1.55,0.75,31.2
H1,EURGBP,24,2.0,time_only,0.142,0.032,0.416,654,51.8,2.02,1.29,0.74,23.1
H1,EURGBP,24,2.0,time_only_2x,-0.144,-0.134,-0.176,519,54.5,0.77,1.88,-1.11,41.1
H1,EURGBP,24,2.0,sl3atr_tp2R,-0.429,-0.318,-0.761,568,54.4,-1.57,1.75,-3.32,37.2
H1,EURGBP,24,2.0,sl4atr_tp3R,-0.199,-0.159,-0.312,542,54.6,0.28,1.83,-1.55,39.4
H1,EURGBP,24,2.5,time_only,-0.039,-0.028,-0.069,240,50.4,1.0,1.32,-0.32,24.0
H1,EURGBP,24,2.5,time_only_2x,-0.165,0.081,-0.659,223,46.6,0.2,2.07,-1.86,46.6
H1,EURGBP,24,2.5,sl3atr_tp2R,-0.665,-0.496,-1.076,231,46.3,-6.08,1.92,-8.01,42.3
H1,EURGBP,24,2.5,sl4atr_tp3R,-0.447,-0.257,-0.854,227,47.1,-3.5,2.0,-5.5,44.8
H1,EURGBP,48,1.5,time_only,0.226,0.306,0.036,609,54.4,3.48,1.85,1.63,40.1
H1,EURGBP,48,1.5,time_only_2x,0.332,0.503,-0.125,463,64.8,6.1,2.47,3.63,58.8
H1,EURGBP,48,1.5,sl3atr_tp2R,-0.296,-0.073,-0.935,581,58.3,-0.66,2.11,-2.77,47.9
H1,EURGBP,48,1.5,sl4atr_tp3R,-0.005,0.259,-0.716,516,61.6,2.24,2.3,-0.05,53.6
H1,EURGBP,48,2.0,time_only,0.32,0.457,-0.016,434,55.3,4.96,1.97,2.99,43.8
H1,EURGBP,48,2.0,time_only_2x,0.523,0.766,-0.069,346,63.3,9.42,2.9,6.52,71.8
H1,EURGBP,48,2.0,sl3atr_tp2R,-0.1,0.173,-0.812,424,56.4,1.24,2.43,-1.19,57.5
H1,EURGBP,48,2.0,sl4atr_tp3R,0.188,0.462,-0.549,382,60.5,5.1,2.67,2.43,64.8
H1,EURGBP,48,2.5,time_only,0.064,0.316,-0.499,242,52.1,2.81,2.08,0.74,47.0
H1,EURGBP,48,2.5,time_only_2x,0.215,0.443,-0.248,213,55.9,6.6,3.37,3.24,86.0
H1,EURGBP,48,2.5,sl3atr_tp2R,-0.124,0.026,-0.499,239,50.6,0.82,2.83,-2.0,69.7
H1,EURGBP,48,2.5,sl4atr_tp3R,0.039,0.197,-0.335,228,54.8,3.8,3.12,0.68,78.5
H1,EURGBP,96,1.5,time_only,0.111,0.138,0.054,321,55.1,4.57,3.1,1.48,77.8
H1,EURGBP,96,1.5,time_only_2x,-0.053,-0.048,-0.063,243,60.5,3.35,4.26,-0.92,113.1
H1,EURGBP,96,1.5,sl3atr_tp2R,-0.649,-0.62,-0.769,382,51.8,-6.32,2.98,-9.29,74.2
H1,EURGBP,96,1.5,sl4atr_tp3R,-0.365,-0.344,-0.461,311,56.9,-2.69,3.52,-6.21,90.5
H1,EURGBP,96,2.0,time_only,0.139,0.371,-0.489,246,54.1,5.68,3.35,2.33,85.6
H1,EURGBP,96,2.0,time_only_2x,0.012,0.292,-0.646,188,59.0,5.35,5.07,0.28,137.4
H1,EURGBP,96,2.0,sl3atr_tp2R,-0.197,0.042,-0.837,281,49.5,-0.05,3.48,-3.52,89.3
H1,EURGBP,96,2.0,sl4atr_tp3R,-0.165,0.066,-0.804,235,56.2,0.76,4.21,-3.45,111.4
H1,EURGBP,96,2.5,time_only,-0.052,-0.045,-0.079,161,52.8,2.25,3.52,-1.28,90.7
H1,EURGBP,96,2.5,time_only_2x,0.022,0.278,-0.619,129,55.0,6.49,5.89,0.6,162.4
H1,EURGBP,96,2.5,sl3atr_tp2R,0.283,0.507,-0.272,170,51.2,11.56,4.23,7.33,112.0
H1,EURGBP,96,2.5,sl4atr_tp3R,0.176,0.475,-0.592,154,57.1,10.01,4.88,5.13,131.8
H1,EURGBP,192,1.5,time_only,0.403,0.61,-0.132,179,60.9,15.49,5.37,10.12,146.6
H1,EURGBP,192,1.5,time_only_2x,0.551,0.742,0.087,144,70.1,23.51,7.03,16.48,196.7
H1,EURGBP,192,1.5,sl3atr_tp2R,0.096,0.258,-0.3,248,52.4,6.42,4.32,2.1,114.9
H1,EURGBP,192,1.5,sl4atr_tp3R,0.195,0.333,-0.157,205,62.0,10.31,5.15,5.16,139.8
H1,EURGBP,192,2.0,time_only,0.179,0.463,-0.565,136,58.8,11.08,6.05,5.03,167.1
H1,EURGBP,192,2.0,time_only_2x,0.281,0.426,-0.121,109,65.1,20.31,8.87,11.45,252.3
H1,EURGBP,192,2.0,sl3atr_tp2R,0.028,0.275,-0.639,183,47.0,5.89,5.08,0.81,137.8
H1,EURGBP,192,2.0,sl4atr_tp3R,-0.004,0.233,-0.719,149,55.0,6.44,6.58,-0.14,183.2
H1,EURGBP,192,2.5,time_only,0.32,0.444,0.029,103,63.1,16.84,6.38,10.45,177.2
H1,EURGBP,192,2.5,time_only_2x,0.088,0.017,0.347,80,58.8,14.81,10.47,4.34,300.7
H1,EURGBP,192,2.5,sl3atr_tp2R,0.096,0.304,-0.413,123,44.7,9.72,5.88,3.84,162.0
H1,EURGBP,192,2.5,sl4atr_tp3R,0.087,0.293,-0.532,104,54.8,11.74,7.69,4.05,216.8
H1,AUDNZD,24,1.5,time_only,-0.482,-1.151,0.755,1032,49.7,-0.34,1.27,-1.61,21.6
H1,AUDNZD,24,1.5,time_only_2x,-0.62,-1.203,0.464,785,57.1,-1.34,1.67,-3.01,33.7
H1,AUDNZD,24,1.5,sl3atr_tp2R,-1.44,-2.037,-0.325,837,54.8,-6.0,1.6,-7.6,31.6
H1,AUDNZD,24,1.5,sl4atr_tp3R,-0.832,-1.457,0.34,795,56.1,-2.64,1.66,-4.29,33.4
H1,AUDNZD,24,2.0,time_only,-0.295,-0.737,0.422,612,46.1,-0.07,1.32,-1.4,23.2
H1,AUDNZD,24,2.0,time_only_2x,-0.326,-0.846,0.592,499,49.9,-0.27,1.93,-2.2,41.6
H1,AUDNZD,24,2.0,sl3atr_tp2R,-1.137,-1.718,-0.042,526,48.5,-6.71,1.83,-8.54,38.7
H1,AUDNZD,24,2.0,sl4atr_tp3R,-0.68,-1.24,0.33,508,49.0,-2.95,1.91,-4.85,40.9
H1,AUDNZD,24,2.5,time_only,0.045,-0.314,0.584,207,45.9,1.7,1.34,0.36,23.9
H1,AUDNZD,24,2.5,time_only_2x,0.168,0.107,0.272,194,49.5,3.88,2.09,1.79,46.5
H1,AUDNZD,24,2.5,sl3atr_tp2R,-0.296,-0.448,-0.035,198,49.0,-1.59,2.0,-3.6,43.8
H1,AUDNZD,24,2.5,sl4atr_tp3R,-0.057,-0.115,0.041,196,48.5,1.42,2.06,-0.65,45.7
H1,AUDNZD,48,1.5,time_only,-0.288,-0.717,0.486,608,51.8,0.12,1.88,-1.76,40.2
H1,AUDNZD,48,1.5,time_only_2x,-0.258,-0.604,0.359,460,59.3,0.39,2.54,-2.15,60.0
H1,AUDNZD,48,1.5,sl3atr_tp2R,-1.219,-1.541,-0.622,542,55.9,-8.59,2.25,-10.84,51.3
H1,AUDNZD,48,1.5,sl4atr_tp3R,-0.734,-1.03,-0.197,480,57.9,-4.35,2.45,-6.8,57.3
H1,AUDNZD,48,2.0,time_only,-0.27,-0.217,-0.381,422,47.9,-0.07,2.03,-2.1,44.7
H1,AUDNZD,48,2.0,time_only_2x,-0.669,-0.65,-0.724,320,48.8,-4.32,3.1,-7.42,77.1
H1,AUDNZD,48,2.0,sl3atr_tp2R,-1.357,-1.356,-1.393,369,47.4,-13.48,2.7,-16.18,64.8
H1,AUDNZD,48,2.0,sl4atr_tp3R,-1.051,-0.979,-1.208,340,48.2,-9.57,2.93,-12.5,71.7
H1,AUDNZD,48,2.5,time_only,-0.125,-0.005,-0.373,242,45.0,0.94,2.12,-1.18,47.2
H1,AUDNZD,48,2.5,time_only_2x,-0.345,-0.242,-0.548,203,46.3,-1.57,3.45,-5.02,87.7
H1,AUDNZD,48,2.5,sl3atr_tp2R,-1.177,-0.998,-1.578,221,42.1,-15.67,3.05,-18.72,75.4
H1,AUDNZD,48,2.5,sl4atr_tp3R,-0.641,-0.597,-0.741,212,45.3,-6.46,3.33,-9.79,83.9
H1,AUDNZD,96,1.5,time_only,-0.611,-0.17,-1.514,313,47.6,-3.75,3.23,-6.98,81.0
H1,AUDNZD,96,1.5,time_only_2x,-0.531,-0.133,-1.283,236,57.6,-4.56,4.45,-9.0,117.7
H1,AUDNZD,96,1.5,sl3atr_tp2R,-1.243,-0.938,-1.915,333,52.0,-14.81,3.33,-18.14,84.1
H1,AUDNZD,96,1.5,sl4atr_tp3R,-0.904,-0.619,-1.51,278,55.8,-11.23,3.91,-15.14,101.6
H1,AUDNZD,96,2.0,time_only,-0.426,-0.118,-1.06,247,44.9,-1.75,3.47,-5.22,88.2
H1,AUDNZD,96,2.0,time_only_2x,-0.347,-0.063,-0.878,188,54.3,-1.67,5.22,-6.89,141.1
H1,AUDNZD,96,2.0,sl3atr_tp2R,-0.933,-0.58,-1.722,244,50.0,-12.85,4.07,-16.92,106.4
H1,AUDNZD,96,2.0,sl4atr_tp3R,-0.804,-0.47,-1.479,218,53.2,-12.14,4.56,-16.69,121.0
H1,AUDNZD,96,2.5,time_only,-0.025,0.389,-0.98,150,47.3,3.22,3.64,-0.42,93.3
H1,AUDNZD,96,2.5,time_only_2x,-0.024,0.219,-0.511,122,52.5,5.42,6.12,-0.7,168.3
H1,AUDNZD,96,2.5,sl3atr_tp2R,-0.509,-0.272,-1.061,146,45.2,-9.27,4.6,-13.87,122.4
H1,AUDNZD,96,2.5,sl4atr_tp3R,-0.268,-0.088,-0.686,132,50.8,-2.07,5.5,-7.57,149.6
H1,AUDNZD,192,1.5,time_only,-0.27,-0.281,-0.251,171,55.0,-0.07,5.53,-5.61,150.6
H1,AUDNZD,192,1.5,time_only_2x,-0.353,-0.319,-0.411,130,57.7,-2.42,7.67,-10.1,215.3
H1,AUDNZD,192,1.5,sl3atr_tp2R,-1.124,-1.175,-1.042,227,46.7,-19.16,4.65,-23.81,123.9
H1,AUDNZD,192,1.5,sl4atr_tp3R,-0.83,-0.799,-0.909,183,52.5,-15.58,5.66,-21.24,154.3
H1,AUDNZD,192,2.0,time_only,0.225,0.515,-0.335,140,52.1,11.86,6.03,5.83,165.5
H1,AUDNZD,192,2.0,time_only_2x,-0.023,0.276,-0.573,105,57.1,8.09,8.9,-0.81,252.4
H1,AUDNZD,192,2.0,sl3atr_tp2R,-0.733,-0.528,-1.177,168,42.9,-14.08,5.6,-19.69,152.7
H1,AUDNZD,192,2.0,sl4atr_tp3R,-0.318,-0.126,-0.765,140,54.3,-3.72,6.7,-10.42,186.0
H1,AUDNZD,192,2.5,time_only,0.106,0.429,-0.587,88,50.0,10.09,6.44,3.65,178.0
H1,AUDNZD,192,2.5,time_only_2x,-0.047,0.198,-0.532,72,54.2,8.38,10.62,-2.24,304.4
H1,AUDNZD,192,2.5,sl3atr_tp2R,-0.628,-0.28,-1.397,94,36.2,-18.54,6.37,-24.91,175.9
H1,AUDNZD,192,2.5,sl4atr_tp3R,-0.54,-0.335,-0.963,82,46.3,-15.51,8.42,-23.93,237.8
H1,EURCHF,24,1.5,time_only,0.133,0.065,0.256,1023,52.3,1.66,1.17,0.49,21.6
H1,EURCHF,24,1.5,time_only_2x,0.252,0.1,0.535,789,60.7,2.81,1.57,1.24,33.7
H1,EURCHF,24,1.5,sl3atr_tp2R,-0.689,-0.596,-0.852,883,58.3,-2.08,1.45,-3.53,29.9
H1,EURCHF,24,1.5,sl4atr_tp3R,-0.042,-0.134,0.12,823,60.1,1.32,1.53,-0.21,32.4
H1,EURCHF,24,2.0,time_only,0.406,0.4,0.42,639,52.0,3.17,1.22,1.95,23.1
H1,EURCHF,24,2.0,time_only_2x,0.53,0.488,0.604,523,57.7,5.53,1.81,3.72,40.7
H1,EURCHF,24,2.0,sl3atr_tp2R,-0.047,0.077,-0.262,561,56.5,1.35,1.68,-0.33,36.9
H1,EURCHF,24,2.0,sl4atr_tp3R,0.348,0.316,0.408,541,57.7,4.17,1.77,2.4,39.6
H1,EURCHF,24,2.5,time_only,0.077,-0.318,0.769,252,49.2,1.88,1.25,0.63,23.8
H1,EURCHF,24,2.5,time_only_2x,-0.136,-0.229,0.036,223,51.6,0.36,1.97,-1.61,45.8
H1,EURCHF,24,2.5,sl3atr_tp2R,-0.296,-0.313,-0.269,234,50.4,-1.58,1.8,-3.38,40.4
H1,EURCHF,24,2.5,sl4atr_tp3R,-0.241,-0.307,-0.12,230,51.3,-0.9,1.92,-2.81,44.1
H1,EURCHF,48,1.5,time_only,0.301,0.263,0.366,596,56.7,3.73,1.81,1.93,40.7
H1,EURCHF,48,1.5,time_only_2x,0.226,0.263,0.163,459,63.6,4.37,2.43,1.94,59.5
H1,EURCHF,48,1.5,sl3atr_tp2R,-0.747,-0.662,-0.89,576,56.4,-4.02,2.04,-6.06,47.9
H1,EURCHF,48,1.5,sl4atr_tp3R,-0.278,-0.2,-0.411,512,61.5,-0.2,2.26,-2.46,54.4
H1,EURCHF,48,2.0,time_only,-0.14,-0.006,-0.37,414,51.9,0.84,1.94,-1.1,44.8
H1,EURCHF,48,2.0,time_only_2x,-0.23,-0.124,-0.407,317,54.6,0.33,2.94,-2.61,75.1
H1,EURCHF,48,2.0,sl3atr_tp2R,-0.959,-0.769,-1.291,395,47.6,-7.93,2.44,-10.37,59.8
H1,EURCHF,48,2.0,sl4atr_tp3R,-0.716,-0.607,-0.893,352,52.3,-5.27,2.77,-8.04,69.8
H1,EURCHF,48,2.5,time_only,-0.355,-0.269,-0.507,224,48.2,-2.01,2.0,-4.01,46.4
H1,EURCHF,48,2.5,time_only_2x,-0.588,-0.448,-0.785,187,45.5,-6.35,3.32,-9.67,86.4
H1,EURCHF,48,2.5,sl3atr_tp2R,-1.061,-0.991,-1.185,213,39.9,-13.54,2.72,-16.26,68.3
H1,EURCHF,48,2.5,sl4atr_tp3R,-1.014,-0.804,-1.327,203,41.9,-13.37,3.01,-16.38,77.1
H1,EURCHF,96,1.5,time_only,-0.515,-0.147,-1.138,321,51.4,-3.0,3.04,-6.05,78.0
H1,EURCHF,96,1.5,time_only_2x,-0.587,-0.025,-1.376,236,55.1,-4.96,4.39,-9.35,118.8
H1,EURCHF,96,1.5,sl3atr_tp2R,-1.226,-0.828,-1.947,374,47.9,-12.1,2.96,-15.06,75.7
H1,EURCHF,96,1.5,sl4atr_tp3R,-1.066,-0.75,-1.669,308,51.0,-12.38,3.48,-15.86,91.2
H1,EURCHF,96,2.0,time_only,-0.595,-0.502,-0.75,240,46.7,-4.62,3.36,-7.98,87.6
H1,EURCHF,96,2.0,time_only_2x,-0.286,-0.188,-0.419,187,55.6,-0.3,5.19,-5.49,143.0
H1,EURCHF,96,2.0,sl3atr_tp2R,-0.792,-0.72,-0.912,280,44.6,-8.87,3.52,-12.4,92.6
H1,EURCHF,96,2.0,sl4atr_tp3R,-0.584,-0.503,-0.723,233,51.5,-6.6,4.17,-10.76,112.1
H1,EURCHF,96,2.5,time_only,-0.864,-0.607,-1.288,147,40.1,-11.67,3.52,-15.19,92.5
H1,EURCHF,96,2.5,time_only_2x,-0.43,-0.478,-0.362,125,48.8,-5.46,5.99,-11.45,167.3
H1,EURCHF,96,2.5,sl3atr_tp2R,-0.992,-0.836,-1.268,167,38.3,-17.38,3.92,-21.31,104.8
H1,EURCHF,96,2.5,sl4atr_tp3R,-0.877,-0.929,-0.788,147,44.9,-15.87,4.82,-20.69,131.8
H1,EURCHF,192,1.5,time_only,-0.077,-0.081,-0.071,176,60.8,3.85,5.45,-1.6,150.8
H1,EURCHF,192,1.5,time_only_2x,-0.13,-0.204,0.013,132,64.4,4.45,7.52,-3.08,213.5
H1,EURCHF,192,1.5,sl3atr_tp2R,-0.714,-0.715,-0.719,251,44.2,-8.68,4.16,-12.84,111.9
H1,EURCHF,192,1.5,sl4atr_tp3R,-0.464,-0.567,-0.277,195,53.8,-5.24,5.31,-10.56,146.7
H1,EURCHF,192,2.0,time_only,-0.043,-0.294,0.327,136,58.8,4.84,5.99,-1.15,167.1
H1,EURCHF,192,2.0,time_only_2x,0.315,-0.108,1.052,109,65.1,17.69,8.48,9.21,242.4
H1,EURCHF,192,2.0,sl3atr_tp2R,-0.452,-0.708,-0.036,190,44.2,-5.23,4.76,-9.98,129.9
H1,EURCHF,192,2.0,sl4atr_tp3R,-0.146,-0.504,0.443,157,53.5,2.19,6.12,-3.93,171.2
H1,EURCHF,192,2.5,time_only,-0.284,-0.324,-0.226,92,48.9,-2.59,6.35,-8.94,178.0
H1,EURCHF,192,2.5,time_only_2x,-0.025,-0.016,-0.04,74,58.1,9.44,10.52,-1.08,304.2
H1,EURCHF,192,2.5,sl3atr_tp2R,-0.342,-0.564,-0.0,120,41.7,-4.66,5.54,-10.2,153.7
H1,EURCHF,192,2.5,sl4atr_tp3R,-0.466,-0.547,-0.313,105,47.6,-9.18,7.34,-16.52,208.0
H1,AUDCAD,24,1.5,time_only,0.245,0.162,0.392,1060,52.8,2.85,1.7,1.16,21.3
H1,AUDCAD,24,1.5,time_only_2x,0.418,0.33,0.573,813,60.9,4.88,2.08,2.8,32.9
H1,AUDCAD,24,1.5,sl3atr_tp2R,-0.345,-0.44,-0.182,953,58.9,-0.31,1.93,-2.24,28.4
H1,AUDCAD,24,1.5,sl4atr_tp3R,0.087,0.034,0.186,864,61.0,2.62,2.03,0.6,31.3
H1,AUDCAD,24,2.0,time_only,-0.005,-0.483,0.832,629,47.9,1.72,1.76,-0.03,23.1
H1,AUDCAD,24,2.0,time_only_2x,0.251,0.013,0.642,513,52.2,4.7,2.36,2.35,41.3
H1,AUDCAD,24,2.0,sl3atr_tp2R,-0.496,-0.92,0.247,574,50.0,-2.62,2.2,-4.81,36.4
H1,AUDCAD,24,2.0,sl4atr_tp3R,-0.199,-0.505,0.355,544,52.0,0.37,2.29,-1.92,39.3
H1,AUDCAD,24,2.5,time_only,0.164,0.262,-0.011,203,51.7,3.91,1.78,2.13,23.8
H1,AUDCAD,24,2.5,time_only_2x,0.149,0.205,0.059,193,48.7,5.12,2.52,2.6,46.4
H1,AUDCAD,24,2.5,sl3atr_tp2R,-0.239,-0.348,-0.055,197,46.2,-1.9,2.35,-4.25,41.1
H1,AUDCAD,24,2.5,sl4atr_tp3R,0.073,-0.067,0.339,195,47.7,3.7,2.47,1.22,44.8
H1,AUDCAD,48,1.5,time_only,0.729,0.811,0.592,613,56.4,8.52,2.32,6.2,40.2
H1,AUDCAD,48,1.5,time_only_2x,0.577,0.587,0.561,470,63.4,9.79,2.94,6.85,58.9
H1,AUDCAD,48,1.5,sl3atr_tp2R,-0.075,-0.251,0.259,622,59.6,1.69,2.5,-0.81,45.5
H1,AUDCAD,48,1.5,sl4atr_tp3R,0.149,0.08,0.283,543,62.8,4.47,2.7,1.77,51.8
H1,AUDCAD,48,2.0,time_only,0.511,0.567,0.417,444,51.6,7.89,2.45,5.44,44.0
H1,AUDCAD,48,2.0,time_only_2x,0.564,0.537,0.611,353,58.4,11.49,3.36,8.14,71.6
H1,AUDCAD,48,2.0,sl3atr_tp2R,-0.09,-0.294,0.289,442,52.0,1.58,2.85,-1.27,56.4
H1,AUDCAD,48,2.0,sl4atr_tp3R,0.155,0.053,0.356,400,57.8,5.45,3.1,2.35,63.9
H1,AUDCAD,48,2.5,time_only,0.557,0.397,0.815,234,50.9,11.95,2.54,9.41,46.8
H1,AUDCAD,48,2.5,time_only_2x,0.175,-0.197,0.832,198,54.0,7.81,3.83,3.98,85.8
H1,AUDCAD,48,2.5,sl3atr_tp2R,-0.099,-0.373,0.472,230,49.6,0.86,3.18,-2.32,66.3
H1,AUDCAD,48,2.5,sl4atr_tp3R,-0.22,-0.683,0.841,217,51.6,-1.69,3.5,-5.18,75.8
H1,AUDCAD,96,1.5,time_only,0.205,-0.005,0.566,324,56.2,6.83,3.56,3.27,77.7
H1,AUDCAD,96,1.5,time_only_2x,0.289,-0.01,0.787,253,62.5,10.02,4.64,5.38,110.2
H1,AUDCAD,96,1.5,sl3atr_tp2R,-0.474,-0.817,0.194,399,52.1,-4.51,3.33,-7.84,70.7
H1,AUDCAD,96,1.5,sl4atr_tp3R,-0.164,-0.526,0.549,323,60.7,0.81,3.89,-3.07,87.6
H1,AUDCAD,96,2.0,time_only,0.437,0.124,0.93,250,54.4,12.06,3.83,8.23,86.0
H1,AUDCAD,96,2.0,time_only_2x,0.478,0.149,1.029,194,60.3,16.61,5.4,11.21,133.2
H1,AUDCAD,96,2.0,sl3atr_tp2R,-0.259,-0.66,0.476,295,47.1,-1.69,3.86,-5.55,86.7
H1,AUDCAD,96,2.0,sl4atr_tp3R,-0.148,-0.542,0.643,242,55.4,0.85,4.5,-3.65,106.2
H1,AUDCAD,96,2.5,time_only,0.538,0.184,1.17,155,57.4,18.89,3.96,14.93,89.6
H1,AUDCAD,96,2.5,time_only_2x,0.893,0.559,1.522,136,58.8,33.06,5.99,27.08,151.0
H1,AUDCAD,96,2.5,sl3atr_tp2R,0.252,-0.11,0.904,176,47.7,12.26,4.36,7.9,101.9
H1,AUDCAD,96,2.5,sl4atr_tp3R,0.283,-0.043,0.953,162,52.5,14.64,5.09,9.55,124.0
H1,AUDCAD,192,1.5,time_only,0.201,0.075,0.429,174,58.0,11.3,6.04,5.26,152.6
H1,AUDCAD,192,1.5,time_only_2x,0.178,-0.067,0.627,137,67.9,14.09,7.78,6.31,205.3
H1,AUDCAD,192,1.5,sl3atr_tp2R,-0.361,-0.677,0.249,264,45.1,-4.44,4.48,-8.93,105.6
H1,AUDCAD,192,1.5,sl4atr_tp3R,-0.263,-0.497,0.258,202,54.0,-2.28,5.68,-7.97,141.9
H1,AUDCAD,192,2.0,time_only,0.187,-0.179,0.823,132,51.5,12.38,6.73,5.65,173.5
H1,AUDCAD,192,2.0,time_only_2x,0.202,-0.305,1.144,105,62.9,18.04,9.36,8.69,253.0
H1,AUDCAD,192,2.0,sl3atr_tp2R,-0.082,-0.441,0.608,196,42.3,2.51,5.14,-2.64,125.5
H1,AUDCAD,192,2.0,sl4atr_tp3R,0.049,-0.337,0.859,155,52.9,8.68,6.83,1.85,176.5
H1,AUDCAD,192,2.5,time_only,0.532,0.435,0.705,96,56.2,28.37,7.04,21.32,183.0
H1,AUDCAD,192,2.5,time_only_2x,0.275,0.084,0.698,72,55.6,27.08,11.82,15.26,327.5
H1,AUDCAD,192,2.5,sl3atr_tp2R,0.201,-0.015,0.626,118,43.2,16.07,6.32,9.76,161.0
H1,AUDCAD,192,2.5,sl4atr_tp3R,0.1,-0.085,0.519,99,50.5,14.26,8.6,5.65,230.2
H1,NZDCAD,24,1.5,time_only,0.248,0.508,-0.26,1082,52.7,2.65,1.42,1.22,21.2
H1,NZDCAD,24,1.5,time_only_2x,0.379,0.618,-0.07,823,60.1,4.41,1.79,2.62,32.4
H1,NZDCAD,24,1.5,sl3atr_tp2R,-0.335,-0.3,-0.414,945,57.5,-0.59,1.67,-2.26,28.7
H1,NZDCAD,24,1.5,sl4atr_tp3R,-0.1,0.09,-0.459,876,58.9,1.04,1.74,-0.7,30.8
H1,NZDCAD,24,2.0,time_only,0.615,0.85,0.132,666,52.7,5.65,1.48,4.17,22.9
H1,NZDCAD,24,2.0,time_only_2x,0.7,0.758,0.598,535,57.8,8.77,2.03,6.74,39.7
H1,NZDCAD,24,2.0,sl3atr_tp2R,0.094,0.203,-0.122,593,55.1,2.77,1.89,0.88,35.3
H1,NZDCAD,24,2.0,sl4atr_tp3R,0.421,0.465,0.341,562,56.6,6.0,1.98,4.02,38.0
H1,NZDCAD,24,2.5,time_only,0.177,0.569,-0.739,228,50.9,3.67,1.51,2.16,23.7
H1,NZDCAD,24,2.5,time_only_2x,0.174,0.329,-0.111,210,51.4,5.13,2.23,2.9,45.6
H1,NZDCAD,24,2.5,sl3atr_tp2R,-0.106,-0.021,-0.291,221,48.9,0.34,2.08,-1.74,41.0
H1,NZDCAD,24,2.5,sl4atr_tp3R,0.08,0.198,-0.129,214,51.4,3.52,2.17,1.35,43.7
H1,NZDCAD,48,1.5,time_only,0.635,0.594,0.717,620,58.2,7.63,2.04,5.58,40.0
H1,NZDCAD,48,1.5,time_only_2x,0.614,0.601,0.642,474,64.3,10.01,2.64,7.37,57.9
H1,NZDCAD,48,1.5,sl3atr_tp2R,-0.271,-0.391,-0.037,633,58.1,-0.66,2.19,-2.85,44.3
H1,NZDCAD,48,1.5,sl4atr_tp3R,0.001,-0.012,0.028,560,62.0,2.4,2.38,0.02,50.2
H1,NZDCAD,48,2.0,time_only,0.577,0.506,0.72,444,54.3,8.47,2.19,6.28,44.3
H1,NZDCAD,48,2.0,time_only_2x,0.701,0.506,1.096,355,60.6,14.03,3.07,10.96,71.1
H1,NZDCAD,48,2.0,sl3atr_tp2R,0.161,-0.002,0.478,448,55.8,4.79,2.58,2.21,56.3
H1,NZDCAD,48,2.0,sl4atr_tp3R,0.425,0.244,0.808,404,60.9,9.36,2.78,6.58,62.2
H1,NZDCAD,48,2.5,time_only,0.679,0.506,1.002,239,55.6,12.76,2.28,10.49,47.0
H1,NZDCAD,48,2.5,time_only_2x,0.881,0.734,1.178,208,60.6,23.65,3.51,20.15,84.2
H1,NZDCAD,48,2.5,sl3atr_tp2R,0.403,0.115,1.053,240,57.1,11.73,2.87,8.86,65.0
H1,NZDCAD,48,2.5,sl4atr_tp3R,0.422,0.202,0.84,221,59.3,13.11,3.21,9.91,75.2
H1,NZDCAD,96,1.5,time_only,0.442,0.178,0.931,347,59.1,10.29,3.18,7.12,74.3
H1,NZDCAD,96,1.5,time_only_2x,0.212,0.032,0.571,259,63.3,8.69,4.29,4.4,107.9
H1,NZDCAD,96,1.5,sl3atr_tp2R,-0.471,-0.682,-0.071,415,50.8,-4.46,2.95,-7.41,67.4
H1,NZDCAD,96,1.5,sl4atr_tp3R,-0.157,-0.36,0.212,343,58.9,0.59,3.46,-2.86,82.7
H1,NZDCAD,96,2.0,time_only,0.429,0.016,1.267,257,52.5,12.34,3.55,8.8,85.4
H1,NZDCAD,96,2.0,time_only_2x,0.117,-0.289,0.908,190,61.1,8.36,5.12,3.24,132.9
H1,NZDCAD,96,2.0,sl3atr_tp2R,-0.153,-0.626,0.849,292,47.3,0.19,3.5,-3.32,84.1
H1,NZDCAD,96,2.0,sl4atr_tp3R,-0.285,-0.696,0.507,241,54.4,-2.82,4.16,-6.98,104.1
H1,NZDCAD,96,2.5,time_only,0.244,-0.12,0.889,152,48.7,10.15,3.75,6.4,91.7
H1,NZDCAD,96,2.5,time_only_2x,0.238,-0.101,0.932,122,53.3,15.31,6.06,9.25,161.3
H1,NZDCAD,96,2.5,sl3atr_tp2R,-0.23,-0.635,0.586,164,42.1,-3.24,4.05,-7.28,100.5
H1,NZDCAD,96,2.5,sl4atr_tp3R,0.04,-0.292,0.609,146,52.1,6.48,4.97,1.51,128.4
H1,NZDCAD,192,1.5,time_only,0.108,-0.021,0.344,177,53.7,8.94,5.61,3.33,147.9
H1,NZDCAD,192,1.5,time_only_2x,0.11,-0.057,0.489,137,65.7,12.02,7.55,4.46,206.6
H1,NZDCAD,192,1.5,sl3atr_tp2R,-0.436,-0.55,-0.208,283,41.7,-6.21,4.02,-10.23,99.8
H1,NZDCAD,192,1.5,sl4atr_tp3R,-0.267,-0.403,-0.004,228,50.9,-2.79,4.88,-7.68,125.8
H1,NZDCAD,192,2.0,time_only,-0.026,-0.382,0.563,135,51.9,5.27,6.24,-0.97,167.0
H1,NZDCAD,192,2.0,time_only_2x,0.258,-0.212,1.332,107,63.6,21.62,8.92,12.71,247.9
H1,NZDCAD,192,2.0,sl3atr_tp2R,-0.047,-0.516,0.866,211,40.8,3.08,4.5,-1.42,114.2
H1,NZDCAD,192,2.0,sl4atr_tp3R,-0.122,-0.597,0.665,169,49.1,1.67,5.89,-4.22,156.3
H1,NZDCAD,192,2.5,time_only,0.283,0.113,0.601,88,51.1,20.38,6.68,13.7,180.1
H1,NZDCAD,192,2.5,time_only_2x,0.392,0.342,0.555,72,56.9,37.68,10.95,26.73,309.3
H1,NZDCAD,192,2.5,sl3atr_tp2R,0.236,0.011,0.704,119,40.3,16.17,5.12,11.04,133.1
H1,NZDCAD,192,2.5,sl4atr_tp3R,0.274,0.183,0.461,102,47.1,21.9,7.12,14.77,193.6
H1,GBPUSD,24,1.5,time_only,-0.393,-0.374,-0.446,1345,50.9,-0.2,1.55,-1.75,21.3
H1,GBPUSD,24,1.5,time_only_2x,-0.554,-0.6,-0.478,1003,57.4,-1.97,1.76,-3.72,33.8
H1,GBPUSD,24,1.5,sl3atr_tp2R,-0.535,-0.564,-0.498,1490,49.0,-0.77,1.57,-2.34,22.5
H1,GBPUSD,24,1.5,sl4atr_tp3R,-0.562,-0.49,-0.758,1310,54.3,-1.19,1.63,-2.82,26.3
H1,GBPUSD,24,2.0,time_only,-0.531,-0.389,-0.909,857,48.3,-1.53,1.58,-3.11,23.2
H1,GBPUSD,24,2.0,time_only_2x,-0.322,-0.102,-0.856,672,51.6,-0.96,1.88,-2.83,41.0
H1,GBPUSD,24,2.0,sl3atr_tp2R,-0.386,-0.246,-0.759,923,45.0,-0.71,1.65,-2.36,27.4
H1,GBPUSD,24,2.0,sl4atr_tp3R,-0.311,-0.057,-0.94,833,49.5,-0.51,1.73,-2.24,32.3
H1,GBPUSD,24,2.5,time_only,-0.374,-0.448,-0.216,373,48.8,-1.77,1.59,-3.37,24.0
H1,GBPUSD,24,2.5,time_only_2x,-0.254,-0.319,-0.11,328,49.7,-1.79,1.96,-3.74,46.0
H1,GBPUSD,24,2.5,sl3atr_tp2R,-0.206,-0.318,0.04,375,43.7,-0.32,1.72,-2.04,31.6
H1,GBPUSD,24,2.5,sl4atr_tp3R,-0.139,-0.263,0.146,364,47.5,0.22,1.82,-1.6,37.6
H1,GBPUSD,48,1.5,time_only,-0.027,-0.097,0.138,759,55.7,1.65,1.87,-0.22,40.6
H1,GBPUSD,48,1.5,time_only_2x,0.003,-0.079,0.196,591,64.5,2.22,2.19,0.03,59.9
H1,GBPUSD,48,1.5,sl3atr_tp2R,-0.047,-0.007,-0.139,1093,44.5,1.44,1.72,-0.28,31.5
H1,GBPUSD,48,1.5,sl4atr_tp3R,0.036,0.088,-0.078,906,52.3,2.12,1.85,0.27,39.4
H1,GBPUSD,48,2.0,time_only,-0.123,-0.276,0.235,548,51.5,0.64,1.93,-1.29,44.3
H1,GBPUSD,48,2.0,time_only_2x,-0.114,-0.191,0.065,435,59.1,0.63,2.4,-1.77,72.6
H1,GBPUSD,48,2.0,sl3atr_tp2R,-0.179,-0.124,-0.308,719,39.5,0.34,1.81,-1.47,37.0
H1,GBPUSD,48,2.0,sl4atr_tp3R,0.079,0.041,0.167,625,47.5,2.8,2.0,0.81,48.4
H1,GBPUSD,48,2.5,time_only,0.156,0.081,0.327,306,52.9,4.12,1.98,2.14,47.3
H1,GBPUSD,48,2.5,time_only_2x,0.369,0.318,0.49,264,56.1,10.02,2.63,7.38,86.8
H1,GBPUSD,48,2.5,sl3atr_tp2R,0.395,0.411,0.378,354,40.7,7.08,1.93,5.15,44.1
H1,GBPUSD,48,2.5,sl4atr_tp3R,0.48,0.503,0.451,319,46.7,9.99,2.23,7.76,62.6
H1,GBPUSD,96,1.5,time_only,0.025,-0.161,0.42,411,55.5,2.9,2.51,0.39,79.1
H1,GBPUSD,96,1.5,time_only_2x,0.069,-0.074,0.381,316,64.2,4.54,3.05,1.49,112.1
H1,GBPUSD,96,1.5,sl3atr_tp2R,-0.018,0.017,-0.097,780,37.7,1.73,1.89,-0.15,41.7
H1,GBPUSD,96,1.5,sl4atr_tp3R,0.052,-0.018,0.213,610,43.4,2.78,2.17,0.61,59.1
H1,GBPUSD,96,2.0,time_only,0.268,0.192,0.433,318,52.2,7.51,2.64,4.87,87.2
H1,GBPUSD,96,2.0,time_only_2x,0.335,0.235,0.576,252,63.5,12.42,3.39,9.03,132.8
H1,GBPUSD,96,2.0,sl3atr_tp2R,0.272,0.045,0.736,545,38.5,4.84,1.99,2.85,47.7
H1,GBPUSD,96,2.0,sl4atr_tp3R,0.375,0.28,0.622,439,41.2,8.32,2.42,5.89,74.1
H1,GBPUSD,96,2.5,time_only,0.093,-0.194,0.818,206,52.4,5.19,2.74,2.45,93.3
H1,GBPUSD,96,2.5,time_only_2x,-0.078,-0.16,0.1,159,51.6,1.12,3.94,-2.82,165.8
H1,GBPUSD,96,2.5,sl3atr_tp2R,0.045,-0.352,0.93,282,36.5,2.8,2.09,0.71,54.0
H1,GBPUSD,96,2.5,sl4atr_tp3R,-0.117,-0.35,0.461,241,34.4,-0.06,2.69,-2.75,90.2
H1,GBPUSD,192,1.5,time_only,-0.063,-0.122,0.07,219,56.6,1.86,3.74,-1.88,153.6
H1,GBPUSD,192,1.5,time_only_2x,0.004,-0.047,0.125,165,62.4,4.94,4.79,0.15,217.2
H1,GBPUSD,192,1.5,sl3atr_tp2R,0.147,0.124,0.21,583,36.2,3.55,1.97,1.58,46.7
H1,GBPUSD,192,1.5,sl4atr_tp3R,0.106,0.164,-0.031,418,35.4,4.46,2.63,1.84,86.4
H1,GBPUSD,192,2.0,time_only,0.005,-0.145,0.325,170,50.0,4.17,3.99,0.18,168.8
H1,GBPUSD,192,2.0,time_only_2x,0.134,0.001,0.381,130,60.8,11.69,5.58,6.11,265.2
H1,GBPUSD,192,2.0,sl3atr_tp2R,-0.027,-0.107,0.144,394,35.0,1.68,2.04,-0.36,51.0
H1,GBPUSD,192,2.0,sl4atr_tp3R,0.131,0.085,0.245,296,32.8,6.01,2.94,3.07,105.1
H1,GBPUSD,192,2.5,time_only,0.216,0.213,0.232,108,44.4,15.15,4.21,10.94,182.2
H1,GBPUSD,192,2.5,time_only_2x,0.39,0.551,0.038,87,51.7,31.74,6.51,25.23,321.3
H1,GBPUSD,192,2.5,sl3atr_tp2R,0.382,0.393,0.371,193,38.9,9.84,2.12,7.72,55.6
H1,GBPUSD,192,2.5,sl4atr_tp3R,0.437,0.536,0.227,156,34.0,20.42,3.25,17.17,123.8
H1,USDCHF,24,1.5,time_only,-0.553,-0.717,-0.304,1226,49.9,-0.49,2.07,-2.57,21.3
H1,USDCHF,24,1.5,time_only_2x,-0.739,-0.82,-0.609,904,56.3,-2.58,2.29,-4.87,34.1
H1,USDCHF,24,1.5,sl3atr_tp2R,-0.715,-0.877,-0.475,1352,47.5,-0.96,2.1,-3.06,22.8
H1,USDCHF,24,1.5,sl4atr_tp3R,-0.774,-0.849,-0.665,1178,52.1,-1.76,2.16,-3.92,26.6
H1,USDCHF,24,2.0,time_only,-0.643,-0.713,-0.539,773,47.9,-1.8,2.1,-3.9,22.9
H1,USDCHF,24,2.0,time_only_2x,-0.44,-0.481,-0.369,625,51.8,-1.47,2.39,-3.86,40.4
H1,USDCHF,24,2.0,sl3atr_tp2R,-0.401,-0.437,-0.344,842,44.5,-0.19,2.17,-2.36,26.8
H1,USDCHF,24,2.0,sl4atr_tp3R,-0.443,-0.351,-0.593,765,48.8,-0.83,2.25,-3.08,32.1
H1,USDCHF,24,2.5,time_only,-0.774,-0.762,-0.793,316,45.3,-5.4,2.12,-7.51,23.8
H1,USDCHF,24,2.5,time_only_2x,-0.302,-0.316,-0.278,294,48.6,-1.49,2.48,-3.97,45.8
H1,USDCHF,24,2.5,sl3atr_tp2R,-0.125,0.016,-0.378,322,43.8,0.95,2.23,-1.28,30.5
H1,USDCHF,24,2.5,sl4atr_tp3R,-0.272,-0.151,-0.489,315,46.7,-0.8,2.33,-3.13,37.0
H1,USDCHF,48,1.5,time_only,-0.853,-0.976,-0.653,671,51.0,-4.64,2.41,-7.05,41.4
H1,USDCHF,48,1.5,time_only_2x,-0.435,-0.583,-0.215,513,59.3,-2.31,2.75,-5.06,61.9
H1,USDCHF,48,1.5,sl3atr_tp2R,-0.656,-0.832,-0.384,998,41.7,-1.54,2.24,-3.79,31.6
H1,USDCHF,48,1.5,sl4atr_tp3R,-0.625,-0.813,-0.332,833,47.8,-2.11,2.37,-4.48,39.1
H1,USDCHF,48,2.0,time_only,-0.646,-0.735,-0.501,498,48.2,-3.73,2.46,-6.19,44.9
H1,USDCHF,48,2.0,time_only_2x,-0.348,-0.459,-0.182,382,56.5,-2.17,2.98,-5.15,76.0
H1,USDCHF,48,2.0,sl3atr_tp2R,-0.563,-0.79,-0.244,657,38.4,-1.87,2.34,-4.21,37.4
H1,USDCHF,48,2.0,sl4atr_tp3R,-0.326,-0.46,-0.127,575,44.7,-0.52,2.54,-3.06,49.2
H1,USDCHF,48,2.5,time_only,-0.352,-0.619,0.066,306,49.7,-2.19,2.5,-4.69,46.8
H1,USDCHF,48,2.5,time_only_2x,-0.37,-0.524,-0.145,252,49.6,-4.16,3.14,-7.31,85.9
H1,USDCHF,48,2.5,sl3atr_tp2R,-0.124,-0.342,0.171,355,39.2,1.05,2.41,-1.36,41.6
H1,USDCHF,48,2.5,sl4atr_tp3R,-0.087,-0.353,0.284,317,42.9,1.44,2.66,-1.22,57.0
H1,USDCHF,96,1.5,time_only,-0.204,-0.34,0.012,367,55.0,-0.14,3.04,-3.17,79.4
H1,USDCHF,96,1.5,time_only_2x,-0.105,-0.243,0.105,288,63.2,1.3,3.58,-2.28,112.0
H1,USDCHF,96,1.5,sl3atr_tp2R,-0.148,-0.432,0.289,722,37.5,1.22,2.39,-1.17,40.2
H1,USDCHF,96,1.5,sl4atr_tp3R,-0.111,-0.275,0.141,569,43.2,1.52,2.68,-1.16,57.8
H1,USDCHF,96,2.0,time_only,-0.404,-0.518,-0.23,276,49.6,-4.52,3.18,-7.71,88.2
H1,USDCHF,96,2.0,time_only_2x,-0.354,-0.439,-0.219,205,56.1,-6.23,4.13,-10.36,145.4
H1,USDCHF,96,2.0,sl3atr_tp2R,-0.327,-0.411,-0.2,496,35.1,-0.89,2.45,-3.34,44.2
H1,USDCHF,96,2.0,sl4atr_tp3R,-0.355,-0.433,-0.237,397,36.5,-2.09,2.92,-5.01,72.5
H1,USDCHF,96,2.5,time_only,-0.174,-0.243,-0.062,181,49.2,-0.91,3.27,-4.17,93.3
H1,USDCHF,96,2.5,time_only_2x,-0.412,-0.546,-0.204,150,52.0,-11.15,4.4,-15.55,162.0
H1,USDCHF,96,2.5,sl3atr_tp2R,-0.274,-0.543,0.105,274,34.3,-1.58,2.48,-4.06,45.8
H1,USDCHF,96,2.5,sl4atr_tp3R,-0.076,-0.577,0.619,231,35.5,1.55,3.1,-1.55,83.6
H1,USDCHF,192,1.5,time_only,0.064,0.211,-0.191,204,56.9,6.04,4.11,1.93,144.4
H1,USDCHF,192,1.5,time_only_2x,-0.04,0.187,-0.383,157,63.7,3.69,5.16,-1.48,208.2
H1,USDCHF,192,1.5,sl3atr_tp2R,0.127,0.055,0.239,541,36.8,3.67,2.42,1.25,42.2
H1,USDCHF,192,1.5,sl4atr_tp3R,-0.069,0.022,-0.222,394,35.0,2.04,3.1,-1.06,83.2
H1,USDCHF,192,2.0,time_only,0.152,0.102,0.232,157,54.8,10.29,4.45,5.84,165.0
H1,USDCHF,192,2.0,time_only_2x,0.028,0.163,-0.179,118,57.6,7.42,6.01,1.41,259.3
H1,USDCHF,192,2.0,sl3atr_tp2R,-0.02,-0.226,0.291,375,36.0,2.24,2.48,-0.25,46.1
H1,USDCHF,192,2.0,sl4atr_tp3R,-0.073,-0.12,0.001,280,31.8,1.78,3.28,-1.49,94.0
H1,USDCHF,192,2.5,time_only,-0.023,-0.173,0.199,106,50.9,3.66,4.76,-1.1,183.6
H1,USDCHF,192,2.5,time_only_2x,-0.113,0.113,-0.516,83,51.8,-0.27,7.0,-7.27,319.4
H1,USDCHF,192,2.5,sl3atr_tp2R,0.141,0.158,0.115,204,36.3,5.13,2.58,2.56,51.8
H1,USDCHF,192,2.5,sl4atr_tp3R,-0.032,-0.092,0.058,165,29.7,2.78,3.71,-0.92,119.9
