công cụ,biên,N,k,ts,ALL,FORM,OOS,n,thắng%,net,t,năm+,nến/lệnh
AUDNZD,7.649,24,1.5,1.0,0.01,-0.308,0.656,1145,64.4,0.02,0.03,4/7,13.0
AUDNZD,7.649,24,1.5,2.0,0.081,-0.241,0.736,1025,64.8,0.23,0.25,3/7,16.0
AUDNZD,7.649,24,1.5,3.0,0.094,-0.204,0.707,1011,64.8,0.27,0.29,4/7,16.0
AUDNZD,7.649,24,2.0,1.0,-0.334,-0.763,0.495,634,59.1,-1.18,-1.03,3/7,15.0
AUDNZD,7.649,24,2.0,2.0,-0.164,-0.604,0.674,597,60.0,-0.62,-0.51,3/7,18.0
AUDNZD,7.649,24,2.0,3.0,-0.165,-0.595,0.635,592,60.0,-0.62,-0.51,3/7,18.0
AUDNZD,7.649,24,2.5,1.0,0.15,-0.244,0.964,208,57.7,0.88,0.46,4/7,16.0
AUDNZD,7.649,24,2.5,2.0,0.325,0.002,0.88,204,59.3,1.95,1.0,5/7,20.0
AUDNZD,7.649,24,2.5,3.0,0.342,0.053,0.812,204,59.3,2.03,1.05,5/7,20.0
AUDNZD,7.649,24,3.0,1.0,-0.211,-0.977,0.75,46,50.0,-2.47,-0.63,4/7,19.0
AUDNZD,7.649,24,3.0,2.0,-0.1,-0.812,0.458,46,54.3,-1.26,-0.3,4/7,22.0
AUDNZD,7.649,24,3.0,3.0,-0.094,-0.812,0.482,46,54.3,-1.17,-0.28,5/7,22.0
AUDNZD,7.649,48,1.5,1.0,-0.183,-0.528,0.453,678,63.1,-0.84,-0.57,4/7,26.0
AUDNZD,7.649,48,1.5,2.0,-0.181,-0.406,0.225,609,64.0,-0.91,-0.55,3/7,30.0
AUDNZD,7.649,48,1.5,3.0,-0.169,-0.415,0.298,602,64.0,-0.88,-0.52,3/7,31.0
AUDNZD,7.649,48,2.0,1.0,-0.337,-0.375,-0.266,455,61.5,-1.93,-1.04,2/7,29.0
AUDNZD,7.649,48,2.0,2.0,-0.376,-0.357,-0.417,419,62.1,-2.42,-1.16,2/7,34.0
AUDNZD,7.649,48,2.0,3.0,-0.381,-0.386,-0.381,416,62.3,-2.65,-1.18,2/7,35.0
AUDNZD,7.649,48,2.5,1.0,-0.146,-0.128,-0.183,247,59.5,-1.12,-0.45,4/7,31.0
AUDNZD,7.649,48,2.5,2.0,-0.294,-0.277,-0.34,237,61.6,-2.66,-0.9,3/7,37.0
AUDNZD,7.649,48,2.5,3.0,-0.342,-0.297,-0.452,234,61.5,-3.21,-1.05,2/7,38.0
AUDNZD,7.649,48,3.0,1.0,0.136,0.106,0.181,93,59.1,1.63,0.41,2/7,34.0
AUDNZD,7.649,48,3.0,2.0,0.031,0.06,-0.02,92,63.0,0.41,0.09,3/7,40.0
AUDNZD,7.649,48,3.0,3.0,0.036,0.046,0.017,92,63.0,0.48,0.11,3/7,41.0
AUDNZD,7.649,96,1.5,1.0,-0.343,-0.264,-0.494,371,63.3,-2.84,-1.06,2/7,51.0
AUDNZD,7.649,96,1.5,2.0,-0.341,-0.309,-0.402,330,63.0,-3.18,-1.04,2/7,58.0
AUDNZD,7.649,96,1.5,3.0,-0.35,-0.305,-0.427,325,62.8,-3.37,-1.08,2/7,59.0
AUDNZD,7.649,96,2.0,1.0,-0.203,-0.163,-0.278,275,62.9,-1.96,-0.63,2/7,55.0
AUDNZD,7.649,96,2.0,2.0,-0.29,-0.278,-0.315,247,62.3,-3.23,-0.88,2/7,65.0
AUDNZD,7.649,96,2.0,3.0,-0.319,-0.265,-0.407,244,61.9,-3.69,-0.98,2/7,66.0
AUDNZD,7.649,96,2.5,1.0,-0.021,0.069,-0.176,158,59.5,-0.27,-0.07,2/7,59.0
AUDNZD,7.649,96,2.5,2.0,-0.171,0.017,-0.481,149,59.1,-2.57,-0.52,2/7,69.0
AUDNZD,7.649,96,2.5,3.0,-0.176,0.045,-0.518,148,58.8,-2.68,-0.54,2/7,71.0
AUDNZD,7.649,96,3.0,1.0,0.11,0.164,0.021,74,60.8,2.31,0.34,3/7,64.0
AUDNZD,7.649,96,3.0,2.0,0.095,0.241,-0.136,72,59.7,2.12,0.29,4/7,76.0
AUDNZD,7.649,96,3.0,3.0,0.06,0.282,-0.237,71,59.2,1.43,0.18,4/7,77.0
AUDNZD,7.649,192,1.5,1.0,-0.458,-0.349,-0.639,204,62.3,-6.98,-1.4,1/7,98.0
AUDNZD,7.649,192,1.5,2.0,-0.495,-0.385,-0.663,178,60.7,-8.76,-1.52,0/7,114.0
AUDNZD,7.649,192,1.5,3.0,-0.487,-0.381,-0.659,178,60.7,-8.38,-1.48,0/7,114.0
AUDNZD,7.649,192,2.0,1.0,-0.132,0.073,-0.458,153,64.7,-2.38,-0.4,3/7,107.0
AUDNZD,7.649,192,2.0,2.0,-0.25,-0.041,-0.587,137,62.8,-5.11,-0.77,2/7,126.0
AUDNZD,7.649,192,2.0,3.0,-0.242,-0.035,-0.578,137,62.8,-4.88,-0.74,2/7,127.0
AUDNZD,7.649,192,2.5,1.0,-0.314,0.011,-0.954,91,57.1,-7.74,-0.96,2/7,119.0
AUDNZD,7.649,192,2.5,2.0,-0.224,0.122,-0.825,87,57.5,-5.61,-0.69,3/7,135.0
AUDNZD,7.649,192,2.5,3.0,-0.217,0.122,-0.824,87,57.5,-5.39,-0.66,3/7,135.0
AUDNZD,7.649,192,3.0,1.0,0.024,0.23,-0.349,43,55.8,0.85,0.07,3/7,119.0
AUDNZD,7.649,192,3.0,2.0,0.002,0.26,-0.37,42,54.8,0.09,0.01,4/7,136.0
AUDNZD,7.649,192,3.0,3.0,0.002,0.26,-0.37,42,54.8,0.09,0.01,4/7,136.0
AUDNZD,7.649,384,1.5,1.0,-0.426,-0.35,-0.554,103,61.2,-12.26,-1.31,2/7,195.0
AUDNZD,7.649,384,1.5,2.0,-0.467,-0.471,-0.462,95,61.1,-14.53,-1.43,3/7,215.0
AUDNZD,7.649,384,1.5,3.0,-0.48,-0.471,-0.493,94,60.6,-14.89,-1.48,3/7,218.0
AUDNZD,7.649,384,2.0,1.0,-0.181,-0.063,-0.39,83,61.4,-5.56,-0.55,3/7,202.0
AUDNZD,7.649,384,2.0,2.0,-0.255,-0.141,-0.415,77,61.0,-8.82,-0.78,3/7,223.0
AUDNZD,7.649,384,2.0,3.0,-0.292,-0.141,-0.502,76,60.5,-10.25,-0.89,3/7,227.0
AUDNZD,7.649,384,2.5,1.0,0.178,0.391,-0.225,58,62.1,7.21,0.54,4/7,208.0
AUDNZD,7.649,384,2.5,2.0,0.185,0.517,-0.292,56,62.5,7.66,0.56,4/7,230.0
AUDNZD,7.649,384,2.5,3.0,0.195,0.517,-0.279,56,62.5,8.0,0.59,4/7,231.0
EURCHF,4.267,24,1.5,1.0,0.775,0.811,0.717,1128,69.9,2.17,2.41,5/7,13.0
EURCHF,4.267,24,1.5,2.0,0.728,0.758,0.678,1039,70.5,2.25,2.3,5/7,15.0
EURCHF,4.267,24,1.5,3.0,0.791,0.816,0.749,1028,70.5,2.42,2.49,5/7,15.0
EURCHF,4.267,24,2.0,1.0,0.746,0.789,0.678,667,67.3,2.74,2.28,5/7,14.0
EURCHF,4.267,24,2.0,2.0,0.684,0.686,0.68,633,67.9,2.75,2.1,6/7,16.0
EURCHF,4.267,24,2.0,3.0,0.795,0.848,0.708,630,67.9,3.14,2.45,6/7,17.0
EURCHF,4.267,24,2.5,1.0,0.106,-0.201,0.681,254,63.4,0.75,0.33,4/7,16.0
EURCHF,4.267,24,2.5,2.0,0.142,-0.147,0.724,247,64.0,1.08,0.44,3/7,19.0
EURCHF,4.267,24,2.5,3.0,0.171,-0.115,0.751,247,64.0,1.3,0.53,4/7,19.0
EURCHF,4.267,24,3.0,1.0,0.178,-0.415,1.378,49,63.3,3.14,0.53,4/7,17.0
EURCHF,4.267,24,3.0,2.0,0.299,-0.324,1.565,49,65.3,4.97,0.89,4/7,20.0
EURCHF,4.267,24,3.0,3.0,0.299,-0.324,1.565,49,65.3,4.97,0.89,4/7,20.0
EURCHF,4.267,48,1.5,1.0,0.506,0.569,0.403,686,69.2,2.35,1.55,5/7,24.0
EURCHF,4.267,48,1.5,2.0,0.508,0.507,0.509,631,69.4,2.55,1.57,5/7,26.0
EURCHF,4.267,48,1.5,3.0,0.477,0.496,0.447,625,69.4,2.43,1.48,5/7,27.0
EURCHF,4.267,48,2.0,1.0,0.193,-0.065,0.59,448,65.8,1.17,0.6,4/7,27.0
EURCHF,4.267,48,2.0,2.0,0.277,0.023,0.656,427,66.3,1.73,0.85,4/7,30.0
EURCHF,4.267,48,2.0,3.0,0.278,0.078,0.559,424,66.3,1.74,0.86,4/7,30.0
EURCHF,4.267,48,2.5,1.0,-0.182,-0.459,0.238,229,63.3,-1.68,-0.56,3/7,30.0
EURCHF,4.267,48,2.5,2.0,-0.037,-0.28,0.322,222,64.0,-0.35,-0.11,3/7,34.0
EURCHF,4.267,48,2.5,3.0,-0.022,-0.259,0.319,222,64.0,-0.21,-0.07,3/7,35.0
EURCHF,4.267,48,3.0,1.0,0.177,0.104,0.292,86,61.6,2.48,0.54,4/7,32.0
EURCHF,4.267,48,3.0,2.0,0.205,0.116,0.356,84,61.9,3.06,0.63,4/7,36.0
EURCHF,4.267,48,3.0,3.0,0.231,0.153,0.356,84,61.9,3.35,0.71,4/7,36.0
EURCHF,4.267,96,1.5,1.0,0.01,0.262,-0.388,380,68.4,0.08,0.03,3/7,46.0
EURCHF,4.267,96,1.5,2.0,0.094,0.412,-0.379,348,68.1,0.86,0.29,4/7,52.0
EURCHF,4.267,96,1.5,3.0,0.106,0.442,-0.355,344,68.3,0.99,0.33,4/7,53.0
EURCHF,4.267,96,2.0,1.0,0.133,0.28,-0.1,277,65.3,1.38,0.42,3/7,51.0
EURCHF,4.267,96,2.0,2.0,0.214,0.406,-0.063,262,65.6,2.3,0.67,3/7,57.0
EURCHF,4.267,96,2.0,3.0,0.203,0.412,-0.074,259,65.6,2.25,0.64,3/7,58.0
EURCHF,4.267,96,2.5,1.0,-0.227,-0.12,-0.38,160,58.8,-3.17,-0.7,3/7,56.0
EURCHF,4.267,96,2.5,2.0,-0.127,-0.028,-0.256,157,59.2,-1.82,-0.39,3/7,63.0
EURCHF,4.267,96,2.5,3.0,-0.106,-0.002,-0.233,156,59.6,-1.55,-0.32,3/7,64.0
EURCHF,4.267,96,3.0,1.0,-0.134,-0.117,-0.164,78,53.8,-2.7,-0.41,2/7,63.0
EURCHF,4.267,96,3.0,2.0,-0.212,-0.148,-0.299,77,54.5,-4.81,-0.64,3/7,74.0
EURCHF,4.267,96,3.0,3.0,-0.191,-0.111,-0.296,77,54.5,-4.25,-0.58,3/7,75.0
EURCHF,4.267,192,1.5,1.0,0.111,0.286,-0.139,220,68.2,1.54,0.34,4/7,86.0
EURCHF,4.267,192,1.5,2.0,0.064,0.219,-0.177,200,67.0,0.95,0.2,4/7,97.0
EURCHF,4.267,192,1.5,3.0,0.08,0.209,-0.104,198,67.7,1.23,0.25,4/7,98.0
EURCHF,4.267,192,2.0,1.0,-0.075,0.025,-0.205,155,63.9,-1.42,-0.23,4/7,98.0
EURCHF,4.267,192,2.0,2.0,0.046,0.039,0.055,144,63.9,0.87,0.14,4/7,109.0
EURCHF,4.267,192,2.0,3.0,0.032,0.037,0.024,142,64.8,0.63,0.1,4/7,111.0
EURCHF,4.267,192,2.5,1.0,-0.307,-0.104,-0.597,98,59.2,-7.75,-0.97,3/7,113.0
EURCHF,4.267,192,2.5,2.0,-0.209,-0.089,-0.412,91,60.4,-5.57,-0.66,3/7,127.0
EURCHF,4.267,192,2.5,3.0,-0.215,-0.092,-0.401,90,61.1,-6.04,-0.68,3/7,131.0
EURCHF,4.267,192,3.0,1.0,-0.453,-0.234,-0.829,53,56.6,-15.92,-1.36,2/7,126.0
EURCHF,4.267,192,3.0,2.0,-0.398,-0.214,-0.722,48,56.2,-15.64,-1.19,2/7,147.0
EURCHF,4.267,192,3.0,3.0,-0.373,-0.197,-0.701,48,56.2,-13.83,-1.12,2/7,150.0
EURCHF,4.267,384,1.5,1.0,0.496,0.496,0.497,119,70.6,11.63,1.53,5/7,158.0
EURCHF,4.267,384,1.5,2.0,0.486,0.464,0.533,112,71.4,12.4,1.49,5/7,168.0
EURCHF,4.267,384,1.5,3.0,0.439,0.395,0.533,111,72.1,11.84,1.35,5/7,171.0
EURCHF,4.267,384,2.0,1.0,0.358,0.576,-0.011,82,69.5,11.0,1.09,4/7,183.0
EURCHF,4.267,384,2.0,2.0,0.31,0.487,-0.036,77,70.1,10.63,0.94,4/7,201.0
EURCHF,4.267,384,2.0,3.0,0.252,0.391,-0.036,76,69.7,9.21,0.77,4/7,206.0
EURCHF,4.267,384,2.5,1.0,0.67,0.612,0.773,55,74.5,28.37,2.09,6/7,179.0
EURCHF,4.267,384,2.5,2.0,0.735,0.66,0.914,53,75.5,31.58,2.32,5/7,192.0
EURCHF,4.267,384,2.5,3.0,0.653,0.553,0.914,53,75.5,29.96,2.04,5/7,198.0
EURGBP,3.563,24,1.5,1.0,0.081,-0.09,0.549,1140,65.1,0.25,0.25,4/7,13.0
EURGBP,3.563,24,1.5,2.0,0.26,0.099,0.695,1049,65.3,0.88,0.81,5/7,15.0
EURGBP,3.563,24,1.5,3.0,0.247,0.076,0.756,1036,65.3,0.86,0.77,5/7,16.0
EURGBP,3.563,24,2.0,1.0,-0.039,-0.249,0.527,681,62.6,-0.17,-0.12,4/7,15.0
EURGBP,3.563,24,2.0,2.0,0.042,-0.087,0.358,638,62.2,0.2,0.13,4/7,17.0
EURGBP,3.563,24,2.0,3.0,0.059,-0.078,0.436,633,62.2,0.29,0.18,4/7,18.0
EURGBP,3.563,24,2.5,1.0,-0.082,-0.206,0.226,244,62.7,-0.58,-0.25,5/7,16.0
EURGBP,3.563,24,2.5,2.0,-0.001,0.019,-0.037,239,62.8,-0.01,-0.0,5/7,19.0
EURGBP,3.563,24,2.5,3.0,-0.011,-0.043,0.06,237,63.3,-0.09,-0.03,5/7,19.0
EURGBP,3.563,24,3.0,1.0,0.237,0.094,0.513,52,63.5,3.28,0.72,4/7,17.0
EURGBP,3.563,24,3.0,2.0,0.252,0.31,0.174,52,63.5,3.38,0.76,4/7,20.0
EURGBP,3.563,24,3.0,3.0,0.338,0.362,0.303,52,63.5,4.33,1.03,4/7,20.0
EURGBP,3.563,48,1.5,1.0,0.359,0.294,0.557,698,68.6,1.94,1.12,6/7,25.0
EURGBP,3.563,48,1.5,2.0,0.438,0.425,0.521,639,68.7,2.6,1.37,7/7,28.0
EURGBP,3.563,48,1.5,3.0,0.435,0.426,0.509,634,68.6,2.6,1.36,6/7,28.0
EURGBP,3.563,48,2.0,1.0,0.379,0.329,0.553,471,67.3,2.72,1.16,6/7,27.0
EURGBP,3.563,48,2.0,2.0,0.43,0.459,0.4,441,66.9,3.24,1.32,5/7,31.0
EURGBP,3.563,48,2.0,3.0,0.419,0.437,0.419,437,66.8,3.18,1.29,5/7,31.0
EURGBP,3.563,48,2.5,1.0,0.057,0.186,-0.197,250,63.6,0.53,0.17,4/7,31.0
EURGBP,3.563,48,2.5,2.0,0.211,0.454,-0.247,244,63.5,1.91,0.65,5/7,35.0
EURGBP,3.563,48,2.5,3.0,0.205,0.43,-0.224,242,63.6,1.85,0.63,5/7,35.0
EURGBP,3.563,48,3.0,1.0,-0.033,0.21,-0.347,87,63.2,-0.58,-0.1,4/7,32.0
EURGBP,3.563,48,3.0,2.0,0.075,0.349,-0.272,86,62.8,1.24,0.23,4/7,36.0
EURGBP,3.563,48,3.0,3.0,0.024,0.242,-0.272,86,62.8,0.41,0.07,4/7,37.0
EURGBP,3.563,96,1.5,1.0,0.13,0.139,0.12,375,67.5,1.3,0.4,4/7,47.0
EURGBP,3.563,96,1.5,2.0,0.125,0.14,0.1,346,66.5,1.31,0.39,3/7,53.0
EURGBP,3.563,96,1.5,3.0,0.12,0.133,0.1,345,66.4,1.26,0.37,3/7,54.0
EURGBP,3.563,96,2.0,1.0,0.139,0.276,-0.218,274,66.1,1.81,0.43,3/7,52.0
EURGBP,3.563,96,2.0,2.0,0.167,0.274,-0.111,260,65.0,2.17,0.51,4/7,58.0
EURGBP,3.563,96,2.0,3.0,0.175,0.285,-0.111,260,65.0,2.26,0.54,4/7,58.0
EURGBP,3.563,96,2.5,1.0,0.014,0.165,-0.408,168,67.3,0.28,0.04,4/7,55.0
EURGBP,3.563,96,2.5,2.0,0.221,0.421,-0.246,164,67.1,3.69,0.68,4/7,61.0
EURGBP,3.563,96,2.5,3.0,0.226,0.429,-0.246,164,67.1,3.77,0.69,4/7,62.0
EURGBP,3.563,96,3.0,1.0,-0.194,0.17,-0.791,81,59.3,-4.63,-0.59,3/7,61.0
EURGBP,3.563,96,3.0,2.0,-0.125,0.26,-0.811,80,58.8,-2.86,-0.38,4/7,70.0
EURGBP,3.563,96,3.0,3.0,-0.122,0.266,-0.811,80,58.8,-2.78,-0.37,5/7,70.0
EURGBP,3.563,192,1.5,1.0,0.52,0.748,-0.019,226,73.9,8.77,1.6,6/7,81.0
EURGBP,3.563,192,1.5,2.0,0.549,0.713,0.143,215,73.5,10.15,1.7,5/7,86.0
EURGBP,3.563,192,1.5,3.0,0.534,0.69,0.143,214,73.4,10.06,1.65,5/7,87.0
EURGBP,3.563,192,2.0,1.0,0.452,0.735,-0.207,157,72.6,9.28,1.39,6/7,94.0
EURGBP,3.563,192,2.0,2.0,0.365,0.518,-0.081,151,72.8,9.53,1.12,5/7,101.0
EURGBP,3.563,192,2.0,3.0,0.417,0.595,-0.081,150,72.7,10.28,1.28,6/7,102.0
EURGBP,3.563,192,2.5,1.0,0.465,0.722,-0.133,111,72.1,11.29,1.44,6/7,101.0
EURGBP,3.563,192,2.5,2.0,0.348,0.472,-0.012,110,73.6,11.5,1.07,5/7,105.0
EURGBP,3.563,192,2.5,3.0,0.412,0.566,-0.012,109,73.4,12.42,1.27,6/7,106.0
EURGBP,3.563,192,3.0,1.0,0.038,0.158,-0.23,56,66.1,1.42,0.11,4/7,109.0
EURGBP,3.563,192,3.0,2.0,-0.03,-0.008,-0.135,55,69.1,-1.91,-0.09,4/7,116.0
EURGBP,3.563,192,3.0,3.0,0.061,0.127,-0.135,55,69.1,3.08,0.19,4/7,117.0
EURGBP,3.563,384,1.5,1.0,0.511,0.626,0.245,129,79.1,17.35,1.57,5/7,143.0
EURGBP,3.563,384,1.5,2.0,0.696,0.867,0.307,121,80.2,19.43,2.16,6/7,153.0
EURGBP,3.563,384,1.5,3.0,0.713,0.891,0.307,121,80.2,19.68,2.21,6/7,154.0
EURGBP,3.563,384,2.0,1.0,0.474,0.54,0.364,86,74.4,19.86,1.46,5/7,160.0
EURGBP,3.563,384,2.0,2.0,0.607,0.724,0.358,81,75.3,24.02,1.88,6/7,172.0
EURGBP,3.563,384,2.0,3.0,0.624,0.748,0.358,81,75.3,24.41,1.94,6/7,173.0
EURGBP,3.563,384,2.5,1.0,0.181,0.156,0.315,51,72.5,10.95,0.55,4/7,189.0
EURGBP,3.563,384,2.5,2.0,0.234,0.258,0.201,48,72.9,13.03,0.71,4/7,214.0
EURGBP,3.563,384,2.5,3.0,0.234,0.258,0.201,48,72.9,13.03,0.71,4/7,214.0
GBPCHF,2.216,24,1.5,1.0,-0.052,-0.234,0.347,1107,64.4,-0.21,-0.16,2/7,14.0
GBPCHF,2.216,24,1.5,2.0,0.007,-0.172,0.386,1017,64.9,0.03,0.02,2/7,16.0
GBPCHF,2.216,24,1.5,3.0,0.037,-0.105,0.308,1009,65.1,0.17,0.11,2/7,16.0
GBPCHF,2.216,24,2.0,1.0,-0.162,-0.319,0.159,664,61.7,-0.9,-0.5,2/7,15.0
GBPCHF,2.216,24,2.0,2.0,-0.126,-0.278,0.169,629,62.2,-0.8,-0.39,3/7,18.0
GBPCHF,2.216,24,2.0,3.0,-0.087,-0.256,0.254,627,62.2,-0.56,-0.27,3/7,18.0
GBPCHF,2.216,24,2.5,1.0,0.15,0.059,0.328,256,61.7,1.42,0.46,4/7,16.0
GBPCHF,2.216,24,2.5,2.0,0.099,0.141,0.029,254,61.8,1.12,0.31,4/7,18.0
GBPCHF,2.216,24,2.5,3.0,0.083,0.084,0.082,254,61.8,0.95,0.25,3/7,19.0
GBPCHF,2.216,24,3.0,1.0,0.178,-0.498,1.451,50,54.0,3.41,0.54,4/7,18.0
GBPCHF,2.216,24,3.0,2.0,0.091,-0.462,1.497,50,54.0,2.16,0.28,4/7,20.0
GBPCHF,2.216,24,3.0,3.0,-0.015,-0.497,1.497,50,54.0,-0.43,-0.05,4/7,21.0
GBPCHF,2.216,48,1.5,1.0,0.197,0.193,0.206,670,68.2,1.45,0.61,4/7,25.0
GBPCHF,2.216,48,1.5,2.0,0.303,0.42,0.083,613,68.7,2.33,0.91,4/7,29.0
GBPCHF,2.216,48,1.5,3.0,0.335,0.436,0.144,609,68.6,2.51,1.01,4/7,29.0
GBPCHF,2.216,48,2.0,1.0,0.053,0.022,0.109,447,65.8,0.5,0.16,3/7,28.0
GBPCHF,2.216,48,2.0,2.0,0.132,0.202,0.016,424,65.8,1.32,0.41,4/7,32.0
GBPCHF,2.216,48,2.0,3.0,0.142,0.195,0.053,422,65.9,1.4,0.44,4/7,32.0
GBPCHF,2.216,48,2.5,1.0,0.105,0.199,-0.072,255,64.3,1.4,0.32,4/7,30.0
GBPCHF,2.216,48,2.5,2.0,0.192,0.29,0.015,248,65.3,2.62,0.59,4/7,34.0
GBPCHF,2.216,48,2.5,3.0,0.222,0.338,0.02,248,65.3,2.97,0.68,4/7,34.0
GBPCHF,2.216,48,3.0,1.0,0.1,0.114,0.08,107,63.6,2.02,0.3,5/7,32.0
GBPCHF,2.216,48,3.0,2.0,0.216,0.233,0.194,107,66.4,4.21,0.66,5/7,36.0
GBPCHF,2.216,48,3.0,3.0,0.225,0.233,0.214,107,66.4,4.36,0.68,5/7,36.0
GBPCHF,2.216,96,1.5,1.0,0.133,0.197,-0.009,384,69.0,1.72,0.4,4/7,46.0
GBPCHF,2.216,96,1.5,2.0,0.072,0.225,-0.235,347,68.9,1.05,0.22,4/7,52.0
GBPCHF,2.216,96,1.5,3.0,0.073,0.234,-0.237,342,68.7,1.01,0.23,4/7,53.0
GBPCHF,2.216,96,2.0,1.0,-0.053,-0.056,-0.048,268,66.0,-0.96,-0.16,3/7,52.0
GBPCHF,2.216,96,2.0,2.0,-0.035,0.039,-0.198,246,66.7,-0.67,-0.11,3/7,59.0
GBPCHF,2.216,96,2.0,3.0,-0.031,0.049,-0.19,243,66.7,-0.55,-0.1,3/7,60.0
GBPCHF,2.216,96,2.5,1.0,0.151,0.292,-0.09,162,68.5,3.19,0.47,6/7,55.0
GBPCHF,2.216,96,2.5,2.0,0.157,0.171,0.132,158,69.0,4.17,0.49,5/7,63.0
GBPCHF,2.216,96,2.5,3.0,0.159,0.175,0.132,156,69.2,3.69,0.5,5/7,64.0
GBPCHF,2.216,96,3.0,1.0,0.204,0.372,0.004,83,67.5,5.59,0.61,6/7,58.0
GBPCHF,2.216,96,3.0,2.0,0.426,0.725,0.152,82,69.5,11.63,1.3,6/7,63.0
GBPCHF,2.216,96,3.0,3.0,0.426,0.725,0.152,82,69.5,11.63,1.3,6/7,63.0
GBPCHF,2.216,192,1.5,1.0,-0.115,0.119,-0.563,217,70.0,-2.41,-0.36,4/7,86.0
GBPCHF,2.216,192,1.5,2.0,-0.031,0.161,-0.43,200,70.5,-0.71,-0.09,5/7,95.0
GBPCHF,2.216,192,1.5,3.0,-0.037,0.138,-0.437,199,70.9,-0.9,-0.11,5/7,96.0
GBPCHF,2.216,192,2.0,1.0,-0.242,-0.101,-0.509,152,63.2,-7.0,-0.74,3/7,100.0
GBPCHF,2.216,192,2.0,2.0,-0.125,-0.01,-0.374,142,63.4,-3.91,-0.38,3/7,113.0
GBPCHF,2.216,192,2.0,3.0,-0.109,-0.005,-0.352,141,63.8,-3.56,-0.33,3/7,114.0
GBPCHF,2.216,192,2.5,1.0,-0.334,-0.357,-0.294,97,59.8,-12.77,-1.02,1/7,110.0
GBPCHF,2.216,192,2.5,2.0,-0.248,-0.3,-0.145,92,60.9,-10.97,-0.76,2/7,124.0
GBPCHF,2.216,192,2.5,3.0,-0.209,-0.255,-0.116,91,61.5,-9.19,-0.64,2/7,125.0
GBPCHF,2.216,192,3.0,1.0,-0.291,-0.344,-0.223,52,53.8,-16.26,-0.87,2/7,123.0
GBPCHF,2.216,192,3.0,2.0,-0.249,-0.362,0.031,51,56.9,-19.37,-0.74,3/7,137.0
GBPCHF,2.216,192,3.0,3.0,-0.211,-0.321,0.031,51,56.9,-14.29,-0.63,3/7,140.0
GBPCHF,2.216,384,1.5,1.0,0.356,0.35,0.425,116,71.6,15.39,1.09,6/7,157.0
GBPCHF,2.216,384,1.5,2.0,0.303,0.289,0.371,111,73.9,13.6,0.93,6/7,165.0
GBPCHF,2.216,384,1.5,3.0,0.366,0.371,0.371,110,73.6,14.32,1.12,6/7,166.0
GBPCHF,2.216,384,2.0,1.0,0.256,0.167,0.539,85,71.8,13.57,0.78,4/7,173.0
GBPCHF,2.216,384,2.0,2.0,0.369,0.357,0.451,82,74.4,21.16,1.13,5/7,182.0
GBPCHF,2.216,384,2.0,3.0,0.414,0.409,0.451,81,74.1,20.8,1.27,5/7,184.0
GBPCHF,2.216,384,2.5,1.0,0.047,-0.039,0.306,54,64.8,3.43,0.14,4/7,199.0
GBPCHF,2.216,384,2.5,2.0,0.005,-0.045,0.148,52,65.4,0.41,0.02,5/7,216.0
GBPCHF,2.216,384,2.5,3.0,0.115,0.103,0.148,52,65.4,7.45,0.35,5/7,216.0
GBPCAD,2.185,24,1.5,1.0,0.359,0.311,0.502,1130,65.8,1.36,1.12,5/7,14.0
GBPCAD,2.185,24,1.5,2.0,0.501,0.562,0.387,1039,66.6,2.08,1.56,5/7,15.0
GBPCAD,2.185,24,1.5,3.0,0.538,0.608,0.405,1024,66.3,2.18,1.66,6/7,16.0
GBPCAD,2.185,24,2.0,1.0,0.593,0.406,1.119,699,65.4,2.88,1.86,6/7,15.0
GBPCAD,2.185,24,2.0,2.0,0.624,0.515,0.942,664,66.0,3.25,1.95,6/7,17.0
GBPCAD,2.185,24,2.0,3.0,0.643,0.546,0.894,658,65.8,3.2,1.95,6/7,17.0
GBPCAD,2.185,24,2.5,1.0,0.086,0.23,-0.256,269,59.1,0.69,0.26,3/7,17.0
GBPCAD,2.185,24,2.5,2.0,0.046,0.139,-0.181,263,60.1,0.4,0.14,4/7,19.0
GBPCAD,2.185,24,2.5,3.0,0.043,0.138,-0.187,262,60.3,0.37,0.13,5/7,19.0
GBPCAD,2.185,24,3.0,1.0,0.638,0.597,0.789,50,72.0,10.85,1.99,6/7,17.0
GBPCAD,2.185,24,3.0,2.0,0.533,0.435,0.885,50,70.0,9.83,1.64,6/7,19.0
GBPCAD,2.185,24,3.0,3.0,0.586,0.5,0.885,50,70.0,10.35,1.82,6/7,19.0
GBPCAD,2.185,48,1.5,1.0,0.165,0.26,-0.042,671,65.9,1.05,0.5,5/7,25.0
GBPCAD,2.185,48,1.5,2.0,0.145,0.247,-0.085,607,66.9,1.03,0.45,6/7,29.0
GBPCAD,2.185,48,1.5,3.0,0.147,0.243,-0.077,600,66.8,1.05,0.45,6/7,29.0
GBPCAD,2.185,48,2.0,1.0,0.498,0.685,0.11,467,65.1,4.03,1.55,4/7,27.0
GBPCAD,2.185,48,2.0,2.0,0.478,0.675,0.062,438,65.8,4.14,1.48,5/7,31.0
GBPCAD,2.185,48,2.0,3.0,0.467,0.649,0.071,435,65.5,4.1,1.44,6/7,32.0
GBPCAD,2.185,48,2.5,1.0,0.523,0.463,0.68,256,60.9,5.79,1.63,7/7,30.0
GBPCAD,2.185,48,2.5,2.0,0.523,0.387,0.883,250,62.8,6.11,1.62,6/7,35.0
GBPCAD,2.185,48,2.5,3.0,0.503,0.367,0.878,249,62.7,6.08,1.56,6/7,35.0
GBPCAD,2.185,48,3.0,1.0,0.584,0.735,0.344,98,69.4,11.36,1.82,5/7,31.0
GBPCAD,2.185,48,3.0,2.0,0.667,0.754,0.518,98,72.4,13.17,2.09,5/7,36.0
GBPCAD,2.185,48,3.0,3.0,0.618,0.679,0.513,98,72.4,12.55,1.93,4/7,36.0
GBPCAD,2.185,96,1.5,1.0,-0.033,0.203,-0.52,383,69.2,-0.37,-0.1,4/7,47.0
GBPCAD,2.185,96,1.5,2.0,-0.006,0.293,-0.584,350,69.4,-0.07,-0.02,4/7,53.0
GBPCAD,2.185,96,1.5,3.0,0.028,0.299,-0.506,345,69.3,0.33,0.09,4/7,54.0
GBPCAD,2.185,96,2.0,1.0,0.028,0.34,-0.608,267,67.0,0.39,0.09,3/7,54.0
GBPCAD,2.185,96,2.0,2.0,0.101,0.419,-0.519,249,68.3,1.49,0.31,4/7,61.0
GBPCAD,2.185,96,2.0,3.0,0.114,0.418,-0.457,249,68.3,1.69,0.35,4/7,62.0
GBPCAD,2.185,96,2.5,1.0,0.151,0.429,-0.343,176,66.5,2.57,0.46,5/7,57.0
GBPCAD,2.185,96,2.5,2.0,0.099,0.26,-0.184,168,67.3,1.79,0.3,3/7,66.0
GBPCAD,2.185,96,2.5,3.0,0.068,0.261,-0.262,167,67.1,1.26,0.21,3/7,67.0
GBPCAD,2.185,96,3.0,1.0,0.705,1.098,-0.059,74,71.6,16.8,2.19,6/7,58.0
GBPCAD,2.185,96,3.0,2.0,0.401,0.716,-0.208,73,74.0,11.78,1.22,4/7,68.0
GBPCAD,2.185,96,3.0,3.0,0.4,0.72,-0.214,73,74.0,11.8,1.21,5/7,70.0
GBPCAD,2.185,192,1.5,1.0,0.097,0.416,-0.499,204,62.3,1.77,0.3,2/7,94.0
GBPCAD,2.185,192,1.5,2.0,-0.002,0.258,-0.556,189,61.9,-0.04,-0.01,2/7,104.0
GBPCAD,2.185,192,1.5,3.0,-0.0,0.267,-0.556,187,61.5,-0.01,-0.0,2/7,105.0
GBPCAD,2.185,192,2.0,1.0,0.181,0.269,0.018,151,64.9,4.07,0.55,4/7,103.0
GBPCAD,2.185,192,2.0,2.0,0.084,0.131,-0.015,141,64.5,2.02,0.26,4/7,114.0
GBPCAD,2.185,192,2.0,3.0,0.088,0.138,-0.015,141,64.5,2.11,0.27,4/7,115.0
GBPCAD,2.185,192,2.5,1.0,0.097,0.301,-0.278,100,66.0,2.81,0.29,4/7,113.0
GBPCAD,2.185,192,2.5,2.0,0.083,0.146,-0.058,97,66.0,2.59,0.25,3/7,125.0
GBPCAD,2.185,192,2.5,3.0,0.095,0.164,-0.058,97,66.0,2.91,0.29,3/7,126.0
GBPCAD,2.185,192,3.0,1.0,0.67,0.553,1.014,50,72.0,28.28,2.09,6/7,107.0
GBPCAD,2.185,192,3.0,2.0,0.805,0.664,1.235,50,72.0,32.05,2.56,6/7,114.0
GBPCAD,2.185,192,3.0,3.0,0.805,0.664,1.235,50,72.0,32.05,2.56,6/7,114.0
GBPCAD,2.185,384,1.5,1.0,0.608,0.534,0.841,115,68.7,19.23,1.88,5/7,160.0
GBPCAD,2.185,384,1.5,2.0,0.686,0.634,0.864,110,68.2,20.98,2.14,5/7,168.0
GBPCAD,2.185,384,1.5,3.0,0.686,0.634,0.864,110,68.2,20.98,2.14,5/7,168.0
GBPCAD,2.185,384,2.0,1.0,0.55,0.444,0.857,84,72.6,21.32,1.7,6/7,179.0
GBPCAD,2.185,384,2.0,2.0,0.621,0.503,0.962,82,72.0,23.24,1.93,6/7,188.0
GBPCAD,2.185,384,2.0,3.0,0.621,0.503,0.962,82,72.0,23.24,1.93,6/7,188.0
GBPCAD,2.185,384,2.5,1.0,0.745,0.651,1.071,57,73.7,29.6,2.36,6/7,186.0
GBPCAD,2.185,384,2.5,2.0,0.726,0.621,1.071,56,73.2,29.12,2.3,6/7,195.0
GBPCAD,2.185,384,2.5,3.0,0.726,0.621,1.071,56,73.2,29.12,2.3,6/7,195.0
GBPNZD,2.028,24,1.5,1.0,0.452,0.506,0.349,1143,66.1,1.74,1.4,5/7,13.0
GBPNZD,2.028,24,1.5,2.0,0.461,0.481,0.433,1044,66.2,1.95,1.45,5/7,15.0
GBPNZD,2.028,24,1.5,3.0,0.469,0.509,0.399,1033,66.0,1.98,1.48,4/7,15.0
GBPNZD,2.028,24,2.0,1.0,0.577,0.614,0.519,662,65.3,3.05,1.78,6/7,14.0
GBPNZD,2.028,24,2.0,2.0,0.643,0.675,0.598,632,65.7,3.63,1.99,6/7,16.0
GBPNZD,2.028,24,2.0,3.0,0.664,0.73,0.545,631,65.8,3.74,2.06,6/7,17.0
GBPNZD,2.028,24,2.5,1.0,0.299,0.353,0.19,211,63.0,3.2,0.92,3/7,16.0
GBPNZD,2.028,24,2.5,2.0,0.499,0.689,0.133,209,64.6,5.27,1.54,5/7,18.0
GBPNZD,2.028,24,2.5,3.0,0.466,0.689,0.055,209,64.6,5.0,1.44,5/7,18.0
GBPNZD,2.028,48,1.5,1.0,0.941,1.249,0.355,697,69.7,6.17,2.99,6/7,24.0
GBPNZD,2.028,48,1.5,2.0,0.882,1.167,0.337,640,69.7,6.38,2.83,6/7,27.0
GBPNZD,2.028,48,1.5,3.0,0.871,1.145,0.339,633,69.5,6.37,2.79,6/7,27.0
GBPNZD,2.028,48,2.0,1.0,0.731,1.195,-0.086,473,68.9,5.84,2.27,5/7,26.0
GBPNZD,2.028,48,2.0,2.0,0.836,1.271,0.086,452,69.5,7.04,2.6,6/7,29.0
GBPNZD,2.028,48,2.0,3.0,0.83,1.238,0.11,451,69.6,7.06,2.59,6/7,30.0
GBPNZD,2.028,48,2.5,1.0,0.829,1.13,0.256,246,69.9,10.16,2.58,6/7,28.0
GBPNZD,2.028,48,2.5,2.0,0.805,1.147,0.176,237,70.9,10.63,2.5,6/7,32.0
GBPNZD,2.028,48,2.5,3.0,0.799,1.106,0.214,236,71.2,10.71,2.48,6/7,32.0
GBPNZD,2.028,48,3.0,1.0,0.24,0.673,-0.629,77,63.6,6.04,0.73,2/7,32.0
GBPNZD,2.028,48,3.0,2.0,0.129,0.589,-0.721,76,64.5,3.77,0.39,3/7,38.0
GBPNZD,2.028,48,3.0,3.0,0.175,0.644,-0.699,76,64.5,4.92,0.53,3/7,40.0
GBPNZD,2.028,96,1.5,1.0,0.978,1.493,-0.119,405,73.3,12.23,3.34,5/7,44.0
GBPNZD,2.028,96,1.5,2.0,1.021,1.593,-0.174,376,74.5,13.57,3.5,5/7,48.0
GBPNZD,2.028,96,1.5,3.0,1.013,1.557,-0.111,374,74.9,13.95,3.45,5/7,48.0
GBPNZD,2.028,96,2.0,1.0,0.97,1.493,-0.187,283,74.6,14.09,3.12,4/7,47.0
GBPNZD,2.028,96,2.0,2.0,0.926,1.501,-0.293,265,75.1,14.61,2.98,4/7,53.0
GBPNZD,2.028,96,2.0,3.0,0.889,1.488,-0.27,263,75.3,14.51,2.85,4/7,54.0
GBPNZD,2.028,96,2.5,1.0,0.846,1.112,0.397,164,70.7,16.59,2.65,6/7,51.0
GBPNZD,2.028,96,2.5,2.0,0.738,1.036,0.242,158,72.8,16.43,2.3,6/7,58.0
GBPNZD,2.028,96,2.5,3.0,0.785,1.081,0.287,158,72.8,17.05,2.45,6/7,58.0
GBPNZD,2.028,96,3.0,1.0,0.988,1.638,-0.067,71,76.1,33.42,3.22,6/7,51.0
GBPNZD,2.028,96,3.0,2.0,0.926,1.708,-0.137,71,76.1,32.87,2.99,5/7,57.0
GBPNZD,2.028,96,3.0,3.0,0.959,1.708,-0.107,71,76.1,33.39,3.11,5/7,58.0
GBPNZD,2.028,192,1.5,1.0,0.964,1.301,0.293,245,75.1,18.13,3.07,6/7,75.0
GBPNZD,2.028,192,1.5,2.0,0.9,1.258,0.19,229,76.0,18.71,2.86,7/7,83.0
GBPNZD,2.028,192,1.5,3.0,0.89,1.244,0.19,228,75.9,18.59,2.83,7/7,84.0
GBPNZD,2.028,192,2.0,1.0,0.688,0.89,0.307,165,73.3,16.98,2.14,7/7,85.0
GBPNZD,2.028,192,2.0,2.0,0.685,0.929,0.244,159,74.2,17.64,2.13,7/7,96.0
GBPNZD,2.028,192,2.0,3.0,0.693,0.942,0.244,159,74.2,17.77,2.15,7/7,96.0
GBPNZD,2.028,192,2.5,1.0,0.77,0.894,0.563,107,74.8,24.74,2.4,5/7,93.0
GBPNZD,2.028,192,2.5,2.0,0.661,0.796,0.447,103,74.8,22.63,2.05,7/7,104.0
GBPNZD,2.028,192,2.5,3.0,0.671,0.812,0.447,103,74.8,22.85,2.08,7/7,104.0
GBPNZD,2.028,192,3.0,1.0,0.459,0.631,0.185,48,72.9,25.2,1.4,6/7,98.0
GBPNZD,2.028,192,3.0,2.0,0.327,0.392,0.205,46,71.7,19.28,0.99,5/7,114.0
GBPNZD,2.028,192,3.0,3.0,0.346,0.423,0.205,46,71.7,20.14,1.05,5/7,115.0
GBPNZD,2.028,384,1.5,1.0,0.564,0.459,0.847,134,76.1,19.61,1.76,7/7,140.0
GBPNZD,2.028,384,1.5,2.0,0.485,0.354,0.927,124,76.6,19.02,1.51,6/7,154.0
GBPNZD,2.028,384,1.5,3.0,0.515,0.387,0.927,123,76.4,19.64,1.6,6/7,156.0
GBPNZD,2.028,384,2.0,1.0,0.567,0.618,0.511,99,74.7,26.66,1.78,7/7,159.0
GBPNZD,2.028,384,2.0,2.0,0.497,0.485,0.644,92,75.0,25.9,1.55,7/7,175.0
GBPNZD,2.028,384,2.0,3.0,0.54,0.54,0.644,92,75.0,27.3,1.69,7/7,177.0
GBPNZD,2.028,384,2.5,1.0,0.298,0.153,0.647,65,69.2,18.28,0.9,6/7,187.0
GBPNZD,2.028,384,2.5,2.0,0.328,0.162,0.823,64,71.9,21.69,0.99,6/7,208.0
GBPNZD,2.028,384,2.5,3.0,0.374,0.217,0.823,64,71.9,23.84,1.14,6/7,211.0
GBPUSD,1.772,24,1.5,1.0,0.043,0.059,0.01,1460,64.2,0.16,0.13,4/7,14.0
GBPUSD,1.772,24,1.5,2.0,0.062,0.04,0.114,1332,65.0,0.26,0.19,5/7,16.0
GBPUSD,1.772,24,1.5,3.0,0.116,0.092,0.175,1314,64.9,0.48,0.36,5/7,16.0
GBPUSD,1.772,24,2.0,1.0,-0.19,-0.037,-0.573,891,60.9,-0.97,-0.59,2/7,15.0
GBPUSD,1.772,24,2.0,2.0,-0.076,0.043,-0.355,842,61.2,-0.4,-0.23,2/7,18.0
GBPUSD,1.772,24,2.0,3.0,-0.059,0.055,-0.331,837,61.4,-0.32,-0.18,3/7,18.0
GBPUSD,1.772,24,2.5,1.0,-0.239,-0.24,-0.259,375,62.4,-1.95,-0.74,3/7,17.0
GBPUSD,1.772,24,2.5,2.0,-0.077,-0.012,-0.236,366,62.3,-0.64,-0.24,3/7,20.0
GBPUSD,1.772,24,2.5,3.0,-0.079,-0.03,-0.21,366,62.3,-0.68,-0.24,3/7,20.0
GBPUSD,1.772,24,3.0,1.0,-0.139,-0.107,-0.205,90,58.9,-2.02,-0.43,2/7,18.0
GBPUSD,1.772,24,3.0,2.0,-0.141,-0.105,-0.213,90,60.0,-2.29,-0.43,3/7,20.0
GBPUSD,1.772,24,3.0,3.0,-0.125,-0.072,-0.221,90,60.0,-1.96,-0.38,3/7,21.0
GBPUSD,1.772,48,1.5,1.0,-0.091,-0.048,-0.206,847,64.5,-0.6,-0.28,5/7,26.0
GBPUSD,1.772,48,1.5,2.0,-0.024,0.024,-0.139,773,64.9,-0.17,-0.07,5/7,30.0
GBPUSD,1.772,48,1.5,3.0,-0.036,-0.005,-0.118,762,64.8,-0.29,-0.11,5/7,30.0
GBPUSD,1.772,48,2.0,1.0,-0.149,-0.249,0.087,597,63.0,-1.24,-0.46,3/7,28.0
GBPUSD,1.772,48,2.0,2.0,-0.008,-0.078,0.166,561,64.0,-0.08,-0.03,3/7,33.0
GBPUSD,1.772,48,2.0,3.0,0.039,-0.019,0.205,558,64.3,0.4,0.12,4/7,33.0
GBPUSD,1.772,48,2.5,1.0,0.021,0.077,-0.1,322,61.8,0.24,0.07,3/7,31.0
GBPUSD,1.772,48,2.5,2.0,0.023,0.096,-0.139,312,62.8,0.29,0.07,4/7,36.0
GBPUSD,1.772,48,2.5,3.0,-0.042,-0.028,-0.086,311,63.3,-0.64,-0.13,4/7,36.0
GBPUSD,1.772,48,3.0,1.0,0.337,0.2,0.754,146,66.4,5.78,1.04,5/7,32.0
GBPUSD,1.772,48,3.0,2.0,0.291,0.143,0.818,145,66.2,5.71,0.89,4/7,35.0
GBPUSD,1.772,48,3.0,3.0,0.093,-0.062,0.877,145,66.2,2.53,0.28,5/7,36.0
GBPUSD,1.772,96,1.5,1.0,0.221,0.208,0.256,485,69.3,2.52,0.68,4/7,48.0
GBPUSD,1.772,96,1.5,2.0,0.243,0.226,0.294,446,69.3,3.15,0.75,4/7,53.0
GBPUSD,1.772,96,1.5,3.0,0.235,0.238,0.241,441,69.2,3.03,0.73,4/7,54.0
GBPUSD,1.772,96,2.0,1.0,0.235,0.291,0.122,357,66.9,3.18,0.72,4/7,53.0
GBPUSD,1.772,96,2.0,2.0,0.24,0.273,0.177,337,67.4,3.77,0.74,4/7,58.0
GBPUSD,1.772,96,2.0,3.0,0.243,0.293,0.14,334,67.1,3.76,0.75,4/7,59.0
GBPUSD,1.772,96,2.5,1.0,-0.063,-0.18,0.261,219,66.7,-1.31,-0.19,4/7,56.0
GBPUSD,1.772,96,2.5,2.0,0.094,0.089,0.111,210,66.7,1.88,0.29,4/7,63.0
GBPUSD,1.772,96,2.5,3.0,0.119,0.117,0.129,210,66.7,2.34,0.36,4/7,64.0
GBPUSD,1.772,96,3.0,1.0,0.331,0.203,0.639,114,68.4,8.6,1.02,5/7,58.0
GBPUSD,1.772,96,3.0,2.0,0.679,0.651,0.738,113,69.0,14.94,2.12,6/7,65.0
GBPUSD,1.772,96,3.0,3.0,0.676,0.651,0.727,113,69.0,14.87,2.11,6/7,65.0
GBPUSD,1.772,192,1.5,1.0,0.294,0.285,0.342,279,69.2,5.8,0.92,5/7,86.0
GBPUSD,1.772,192,1.5,2.0,0.361,0.374,0.358,251,68.9,7.17,1.13,5/7,97.0
GBPUSD,1.772,192,1.5,3.0,0.369,0.386,0.358,251,68.9,7.32,1.16,5/7,97.0
GBPUSD,1.772,192,2.0,1.0,0.368,0.35,0.452,203,69.0,9.08,1.14,4/7,95.0
GBPUSD,1.772,192,2.0,2.0,0.438,0.424,0.524,183,67.8,10.72,1.37,4/7,109.0
GBPUSD,1.772,192,2.0,3.0,0.438,0.424,0.524,183,67.8,10.72,1.37,4/7,109.0
GBPUSD,1.772,192,2.5,1.0,0.402,0.343,0.576,122,68.9,13.09,1.23,4/7,100.0
GBPUSD,1.772,192,2.5,2.0,0.557,0.463,0.848,120,69.2,17.04,1.72,5/7,113.0
GBPUSD,1.772,192,2.5,3.0,0.557,0.463,0.848,120,69.2,17.04,1.72,5/7,113.0
GBPUSD,1.772,192,3.0,1.0,0.267,0.269,0.301,68,67.6,11.43,0.81,4/7,106.0
GBPUSD,1.772,192,3.0,2.0,0.388,0.378,0.493,67,67.2,15.7,1.19,4/7,122.0
GBPUSD,1.772,192,3.0,3.0,0.388,0.378,0.493,67,67.2,15.7,1.19,4/7,122.0
GBPUSD,1.772,384,1.5,1.0,0.121,-0.047,0.51,149,70.5,3.95,0.37,6/7,170.0
GBPUSD,1.772,384,1.5,2.0,0.15,-0.021,0.531,137,68.6,4.69,0.46,6/7,187.0
GBPUSD,1.772,384,1.5,3.0,0.15,-0.021,0.531,137,68.6,4.69,0.46,6/7,187.0
GBPUSD,1.772,384,2.0,1.0,0.148,0.016,0.49,111,67.6,5.91,0.45,5/7,189.0
GBPUSD,1.772,384,2.0,2.0,0.186,-0.007,0.652,104,65.4,7.01,0.57,6/7,210.0
GBPUSD,1.772,384,2.0,3.0,0.186,-0.007,0.652,104,65.4,7.01,0.57,6/7,210.0
GBPUSD,1.772,384,2.5,1.0,0.187,-0.011,0.622,82,69.5,8.57,0.57,4/7,198.0
GBPUSD,1.772,384,2.5,2.0,0.34,0.087,0.885,80,68.8,14.06,1.04,5/7,218.0
GBPUSD,1.772,384,2.5,3.0,0.34,0.087,0.885,80,68.8,14.06,1.04,5/7,218.0
GBPUSD,1.772,384,3.0,1.0,0.314,0.15,0.807,44,72.7,20.7,0.96,6/7,206.0
GBPUSD,1.772,384,3.0,2.0,0.477,0.285,1.1,44,72.7,28.33,1.47,6/7,222.0
GBPUSD,1.772,384,3.0,3.0,0.477,0.285,1.1,44,72.7,28.33,1.47,6/7,222.0
EURCAD,1.769,24,1.5,1.0,0.142,-0.031,0.531,1133,65.1,0.49,0.43,3/7,14.0
EURCAD,1.769,24,1.5,2.0,0.245,0.056,0.643,1032,66.0,0.92,0.76,3/7,16.0
EURCAD,1.769,24,1.5,3.0,0.26,0.094,0.626,1016,66.4,0.97,0.79,3/7,16.0
EURCAD,1.769,24,2.0,1.0,0.491,0.542,0.398,692,64.9,2.2,1.52,3/7,15.0
EURCAD,1.769,24,2.0,2.0,0.663,0.735,0.532,659,66.5,3.27,2.07,5/7,17.0
EURCAD,1.769,24,2.0,3.0,0.571,0.628,0.47,652,66.6,2.89,1.76,4/7,17.0
EURCAD,1.769,24,2.5,1.0,0.052,0.235,-0.424,259,63.7,0.44,0.16,3/7,16.0
EURCAD,1.769,24,2.5,2.0,0.203,0.569,-0.485,255,64.7,1.74,0.62,3/7,18.0
EURCAD,1.769,24,2.5,3.0,0.152,0.482,-0.512,252,64.3,1.33,0.47,3/7,19.0
EURCAD,1.769,24,3.0,1.0,0.245,0.309,0.092,45,71.1,5.0,0.74,6/7,16.0
EURCAD,1.769,24,3.0,2.0,0.447,0.67,-0.025,45,71.1,7.85,1.37,5/7,18.0
EURCAD,1.769,24,3.0,3.0,0.396,0.67,-0.132,45,71.1,7.18,1.21,5/7,19.0
EURCAD,1.769,48,1.5,1.0,0.281,0.082,0.718,691,66.9,1.75,0.88,5/7,25.0
EURCAD,1.769,48,1.5,2.0,0.406,0.184,0.942,625,67.0,2.67,1.28,4/7,28.0
EURCAD,1.769,48,1.5,3.0,0.385,0.175,0.891,617,67.1,2.58,1.22,5/7,29.0
EURCAD,1.769,48,2.0,1.0,0.449,0.531,0.292,471,66.0,3.34,1.37,5/7,27.0
EURCAD,1.769,48,2.0,2.0,0.402,0.397,0.438,442,66.5,3.24,1.24,4/7,31.0
EURCAD,1.769,48,2.0,3.0,0.4,0.394,0.437,438,66.2,3.22,1.23,4/7,32.0
EURCAD,1.769,48,2.5,1.0,0.264,0.353,0.086,227,64.3,3.14,0.81,5/7,30.0
EURCAD,1.769,48,2.5,2.0,0.321,0.322,0.335,220,65.0,3.96,0.99,5/7,34.0
EURCAD,1.769,48,2.5,3.0,0.323,0.344,0.289,219,64.8,3.96,0.99,5/7,35.0
EURCAD,1.769,48,3.0,1.0,0.043,0.223,-0.217,89,62.9,0.77,0.13,3/7,33.0
EURCAD,1.769,48,3.0,2.0,0.131,0.253,-0.068,88,62.5,2.31,0.4,3/7,37.0
EURCAD,1.769,48,3.0,3.0,0.125,0.243,-0.068,88,62.5,2.21,0.38,3/7,38.0
EURCAD,1.769,96,1.5,1.0,0.176,0.08,0.376,392,69.1,1.87,0.54,6/7,46.0
EURCAD,1.769,96,1.5,2.0,0.183,0.106,0.361,360,70.3,2.24,0.56,5/7,52.0
EURCAD,1.769,96,1.5,3.0,0.154,0.08,0.346,353,70.8,2.06,0.47,5/7,53.0
EURCAD,1.769,96,2.0,1.0,0.501,0.532,0.447,288,70.1,6.71,1.56,5/7,49.0
EURCAD,1.769,96,2.0,2.0,0.426,0.445,0.405,270,71.5,6.74,1.32,5/7,55.0
EURCAD,1.769,96,2.0,3.0,0.382,0.384,0.405,267,71.5,6.47,1.18,5/7,56.0
EURCAD,1.769,96,2.5,1.0,0.527,0.791,0.051,168,69.0,9.98,1.62,5/7,51.0
EURCAD,1.769,96,2.5,2.0,0.323,0.451,0.054,164,68.9,7.32,0.99,4/7,58.0
EURCAD,1.769,96,2.5,3.0,0.304,0.417,0.054,163,69.3,7.42,0.93,4/7,60.0
EURCAD,1.769,96,3.0,1.0,0.36,0.648,-0.171,72,69.4,10.35,1.07,3/7,55.0
EURCAD,1.769,96,3.0,2.0,0.409,0.732,-0.149,72,69.4,11.67,1.22,2/7,63.0
EURCAD,1.769,96,3.0,3.0,0.409,0.732,-0.149,72,69.4,11.67,1.22,2/7,63.0
EURCAD,1.769,192,1.5,1.0,0.409,0.447,0.343,229,71.6,7.99,1.26,5/7,79.0
EURCAD,1.769,192,1.5,2.0,0.39,0.42,0.343,214,72.0,8.19,1.2,5/7,85.0
EURCAD,1.769,192,1.5,3.0,0.389,0.42,0.343,214,72.4,8.47,1.2,5/7,86.0
EURCAD,1.769,192,2.0,1.0,0.422,0.396,0.538,163,72.4,10.69,1.3,4/7,91.0
EURCAD,1.769,192,2.0,2.0,0.354,0.333,0.433,155,72.9,9.62,1.09,5/7,100.0
EURCAD,1.769,192,2.0,3.0,0.327,0.298,0.433,154,73.4,9.28,1.0,4/7,101.0
EURCAD,1.769,192,2.5,1.0,0.359,0.231,0.781,101,72.3,13.98,1.1,5/7,95.0
EURCAD,1.769,192,2.5,2.0,0.311,0.192,0.606,98,74.5,12.28,0.95,4/7,105.0
EURCAD,1.769,192,2.5,3.0,0.257,0.125,0.606,98,74.5,10.68,0.79,4/7,107.0
EURCAD,1.769,192,3.0,1.0,0.089,0.036,0.217,50,66.0,5.62,0.27,4/7,99.0
EURCAD,1.769,192,3.0,2.0,0.039,-0.044,0.219,48,68.8,2.48,0.12,4/7,111.0
EURCAD,1.769,192,3.0,3.0,-0.008,-0.106,0.219,48,68.8,-0.56,-0.02,4/7,115.0
EURCAD,1.769,384,1.5,1.0,0.293,0.186,0.594,122,75.4,9.76,0.9,6/7,150.0
EURCAD,1.769,384,1.5,2.0,0.372,0.253,0.736,117,76.1,12.24,1.15,6/7,160.0
EURCAD,1.769,384,1.5,3.0,0.372,0.253,0.736,117,76.1,12.24,1.15,6/7,160.0
EURCAD,1.769,384,2.0,1.0,0.262,0.201,0.486,86,74.4,11.74,0.8,5/7,171.0
EURCAD,1.769,384,2.0,2.0,0.381,0.333,0.574,84,75.0,16.13,1.17,6/7,182.0
EURCAD,1.769,384,2.0,3.0,0.381,0.333,0.574,84,75.0,16.13,1.17,6/7,182.0
EURCAD,1.769,384,2.5,1.0,0.214,0.231,0.207,59,71.2,12.41,0.65,4/7,179.0
EURCAD,1.769,384,2.5,2.0,0.343,0.38,0.298,59,71.2,18.64,1.05,4/7,191.0
EURCAD,1.769,384,2.5,3.0,0.343,0.38,0.298,59,71.2,18.64,1.05,4/7,191.0
EURAUD,1.523,24,1.5,1.0,0.075,0.057,0.114,1122,63.9,0.32,0.23,3/7,13.0
EURAUD,1.523,24,1.5,2.0,0.171,0.14,0.239,1031,65.4,0.81,0.52,4/7,15.0
EURAUD,1.523,24,1.5,3.0,0.194,0.173,0.245,1012,65.1,0.93,0.59,4/7,16.0
EURAUD,1.523,24,2.0,1.0,-0.032,0.167,-0.41,659,63.1,-0.19,-0.1,3/7,15.0
EURAUD,1.523,24,2.0,2.0,-0.051,0.04,-0.228,632,63.4,-0.33,-0.16,3/7,17.0
EURAUD,1.523,24,2.0,3.0,0.026,0.152,-0.226,627,63.8,0.17,0.08,2/7,18.0
EURAUD,1.523,24,2.5,1.0,-0.068,0.234,-0.52,210,60.5,-0.82,-0.21,3/7,16.0
EURAUD,1.523,24,2.5,2.0,-0.073,0.27,-0.527,206,60.7,-0.93,-0.22,2/7,19.0
EURAUD,1.523,24,2.5,3.0,-0.054,0.276,-0.506,205,60.5,-0.68,-0.16,2/7,19.0
EURAUD,1.523,48,1.5,1.0,-0.108,-0.009,-0.28,673,65.8,-0.81,-0.33,2/7,26.0
EURAUD,1.523,48,1.5,2.0,0.009,0.048,-0.065,611,66.9,0.08,0.03,3/7,29.0
EURAUD,1.523,48,1.5,3.0,0.007,0.049,-0.072,604,67.2,0.06,0.02,2/7,29.0
EURAUD,1.523,48,2.0,1.0,0.09,0.105,0.063,464,64.9,0.81,0.28,4/7,28.0
EURAUD,1.523,48,2.0,2.0,0.127,0.055,0.285,436,65.8,1.3,0.39,6/7,32.0
EURAUD,1.523,48,2.0,3.0,0.136,0.071,0.277,429,66.4,1.48,0.42,6/7,32.0
EURAUD,1.523,48,2.5,1.0,0.072,-0.015,0.262,227,61.7,0.96,0.22,6/7,30.0
EURAUD,1.523,48,2.5,2.0,0.122,0.022,0.407,223,63.7,2.0,0.37,6/7,35.0
EURAUD,1.523,48,2.5,3.0,0.056,-0.019,0.232,219,64.4,0.94,0.17,6/7,35.0
EURAUD,1.523,48,3.0,1.0,0.555,0.478,0.677,76,68.4,11.72,1.69,4/7,31.0
EURAUD,1.523,48,3.0,2.0,0.696,0.723,0.665,76,69.7,14.07,2.15,6/7,34.0
EURAUD,1.523,48,3.0,3.0,0.563,0.723,0.395,76,69.7,12.48,1.72,5/7,35.0
EURAUD,1.523,96,1.5,1.0,0.111,0.504,-0.569,390,67.9,1.49,0.28,3/7,47.0
EURAUD,1.523,96,1.5,2.0,0.09,0.313,-0.374,353,68.3,1.4,0.22,3/7,53.0
EURAUD,1.523,96,1.5,3.0,0.107,0.347,-0.389,348,67.8,1.64,0.33,3/7,54.0
EURAUD,1.523,96,2.0,1.0,-0.084,0.302,-0.798,280,65.0,-1.37,-0.26,3/7,53.0
EURAUD,1.523,96,2.0,2.0,0.013,0.241,-0.533,264,65.9,0.25,0.04,3/7,58.0
EURAUD,1.523,96,2.0,3.0,0.027,0.293,-0.571,260,65.8,0.49,0.08,3/7,60.0
EURAUD,1.523,96,2.5,1.0,0.212,0.51,-0.571,167,64.1,4.46,0.65,4/7,57.0
EURAUD,1.523,96,2.5,2.0,-0.015,0.224,-0.605,161,64.6,-0.41,-0.05,3/7,65.0
EURAUD,1.523,96,2.5,3.0,0.049,0.322,-0.579,161,64.6,1.25,0.15,4/7,66.0
EURAUD,1.523,96,3.0,1.0,0.613,0.849,-0.052,73,71.2,24.82,1.9,5/7,58.0
EURAUD,1.523,96,3.0,2.0,0.156,0.34,-0.246,71,70.4,6.31,0.47,4/7,68.0
EURAUD,1.523,96,3.0,3.0,0.194,0.34,-0.16,71,70.4,7.64,0.59,4/7,69.0
EURAUD,1.523,192,1.5,1.0,0.006,0.131,-0.239,212,70.3,0.16,0.02,4/7,87.0
EURAUD,1.523,192,1.5,2.0,-0.006,0.111,-0.273,192,70.8,-0.17,-0.02,5/7,97.0
EURAUD,1.523,192,1.5,3.0,0.001,0.123,-0.251,191,70.7,0.02,0.0,5/7,98.0
EURAUD,1.523,192,2.0,1.0,0.019,0.123,-0.166,154,69.5,0.57,0.06,3/7,97.0
EURAUD,1.523,192,2.0,2.0,0.021,0.122,-0.187,146,69.9,0.76,0.06,4/7,109.0
EURAUD,1.523,192,2.0,3.0,0.037,0.142,-0.158,146,70.5,1.37,0.11,4/7,109.0
EURAUD,1.523,192,2.5,1.0,0.383,0.523,0.095,99,69.7,16.19,1.17,6/7,100.0
EURAUD,1.523,192,2.5,2.0,0.134,0.255,-0.108,97,69.1,5.58,0.41,4/7,114.0
EURAUD,1.523,192,2.5,3.0,0.093,0.255,-0.161,97,69.1,4.22,0.28,4/7,115.0
EURAUD,1.523,192,3.0,1.0,0.719,0.846,0.429,47,76.6,49.87,2.23,6/7,104.0
EURAUD,1.523,192,3.0,2.0,0.623,0.898,-0.016,46,76.1,44.74,1.91,6/7,117.0
EURAUD,1.523,192,3.0,3.0,0.444,0.898,-0.344,45,75.6,35.93,1.33,6/7,123.0
EURAUD,1.523,384,1.5,1.0,0.184,0.217,0.12,118,74.6,8.0,0.56,4/7,152.0
EURAUD,1.523,384,1.5,2.0,0.073,0.132,-0.049,113,73.5,3.12,0.22,4/7,162.0
EURAUD,1.523,384,1.5,3.0,0.073,0.132,-0.049,113,73.5,3.12,0.22,4/7,162.0
EURAUD,1.523,384,2.0,1.0,0.017,0.059,-0.095,83,74.7,1.04,0.05,4/7,178.0
EURAUD,1.523,384,2.0,2.0,0.036,0.112,-0.123,80,73.8,1.95,0.11,4/7,190.0
EURAUD,1.523,384,2.0,3.0,0.036,0.112,-0.123,80,73.8,1.95,0.11,4/7,190.0
EURAUD,1.523,384,2.5,1.0,0.06,0.089,-0.006,56,67.9,4.74,0.18,3/7,188.0
EURAUD,1.523,384,2.5,2.0,0.159,0.322,-0.177,55,67.3,10.85,0.48,3/7,202.0
EURAUD,1.523,384,2.5,3.0,0.159,0.322,-0.177,55,67.3,10.85,0.48,3/7,202.0
EURNZD,1.175,24,1.5,1.0,0.168,0.385,-0.258,1127,65.7,0.68,0.52,4/7,13.0
EURNZD,1.175,24,1.5,2.0,0.099,0.227,-0.153,1025,66.1,0.46,0.31,4/7,15.0
EURNZD,1.175,24,1.5,3.0,0.171,0.326,-0.122,1013,66.1,0.77,0.53,4/7,16.0
EURNZD,1.175,24,2.0,1.0,0.251,0.322,0.117,660,62.3,1.41,0.78,5/7,15.0
EURNZD,1.175,24,2.0,2.0,0.008,0.058,-0.089,624,63.0,0.05,0.02,2/7,17.0
EURNZD,1.175,24,2.0,3.0,0.115,0.207,-0.054,619,63.3,0.71,0.35,3/7,17.0
EURNZD,1.175,24,2.5,1.0,0.305,0.463,0.04,242,60.7,2.63,0.94,5/7,16.0
EURNZD,1.175,24,2.5,2.0,0.056,0.154,-0.116,238,61.8,0.54,0.17,2/7,19.0
EURNZD,1.175,24,2.5,3.0,0.133,0.213,-0.013,238,61.8,1.25,0.41,2/7,19.0
EURNZD,1.175,24,3.0,1.0,-0.063,0.156,-0.292,40,50.0,-1.72,-0.19,3/7,17.0
EURNZD,1.175,24,3.0,2.0,0.018,0.199,-0.19,40,52.5,0.47,0.05,3/7,20.0
EURNZD,1.175,24,3.0,3.0,0.036,0.199,-0.158,40,52.5,0.91,0.11,3/7,20.0
EURNZD,1.175,48,1.5,1.0,0.321,0.73,-0.4,683,67.3,2.19,0.98,3/7,25.0
EURNZD,1.175,48,1.5,2.0,0.42,0.796,-0.266,629,68.2,3.28,1.29,3/7,28.0
EURNZD,1.175,48,1.5,3.0,0.462,0.897,-0.268,621,68.3,3.5,1.41,3/7,28.0
EURNZD,1.175,48,2.0,1.0,0.231,0.563,-0.337,465,66.7,2.01,0.71,4/7,27.0
EURNZD,1.175,48,2.0,2.0,0.253,0.664,-0.451,435,67.6,2.52,0.77,4/7,31.0
EURNZD,1.175,48,2.0,3.0,0.338,0.79,-0.402,434,67.7,3.23,1.03,4/7,31.0
EURNZD,1.175,48,2.5,1.0,-0.149,0.249,-0.812,246,62.6,-1.82,-0.46,2/7,30.0
EURNZD,1.175,48,2.5,2.0,-0.181,0.212,-0.878,233,63.1,-2.7,-0.56,3/7,35.0
EURNZD,1.175,48,2.5,3.0,-0.133,0.317,-0.874,233,63.1,-1.91,-0.41,3/7,36.0
EURNZD,1.175,48,3.0,1.0,0.502,0.754,-0.086,94,66.0,11.45,1.55,4/7,29.0
EURNZD,1.175,48,3.0,2.0,0.709,1.024,0.031,94,66.0,15.31,2.21,6/7,33.0
EURNZD,1.175,48,3.0,3.0,0.723,1.024,0.064,94,66.0,15.51,2.26,6/7,33.0
EURNZD,1.175,96,1.5,1.0,0.517,0.927,-0.204,394,71.8,5.98,1.42,6/7,46.0
EURNZD,1.175,96,1.5,2.0,0.441,0.796,-0.179,356,71.9,5.9,1.36,5/7,52.0
EURNZD,1.175,96,1.5,3.0,0.435,0.8,-0.218,351,71.8,5.96,1.35,5/7,53.0
EURNZD,1.175,96,2.0,1.0,0.078,0.169,-0.107,277,69.0,1.32,0.24,3/7,51.0
EURNZD,1.175,96,2.0,2.0,0.277,0.525,-0.142,263,69.6,4.59,0.85,5/7,58.0
EURNZD,1.175,96,2.0,3.0,0.266,0.51,-0.165,261,69.7,4.55,0.82,5/7,59.0
EURNZD,1.175,96,2.5,1.0,0.079,0.16,-0.051,167,64.7,1.6,0.24,5/7,56.0
EURNZD,1.175,96,2.5,2.0,0.063,0.287,-0.279,159,65.4,1.45,0.19,4/7,65.0
EURNZD,1.175,96,2.5,3.0,0.027,0.21,-0.274,158,65.2,0.65,0.08,3/7,66.0
EURNZD,1.175,96,3.0,1.0,0.024,0.419,-0.839,65,55.4,0.85,0.07,2/7,63.0
EURNZD,1.175,96,3.0,2.0,0.086,0.681,-0.821,65,55.4,3.15,0.26,3/7,73.0
EURNZD,1.175,96,3.0,3.0,0.11,0.681,-0.827,65,55.4,3.88,0.33,3/7,73.0
EURNZD,1.175,192,1.5,1.0,0.408,0.608,0.02,223,72.2,8.52,1.19,4/7,84.0
EURNZD,1.175,192,1.5,2.0,0.302,0.429,0.037,207,74.4,7.6,0.93,4/7,92.0
EURNZD,1.175,192,1.5,3.0,0.282,0.393,0.041,205,74.6,7.41,0.87,4/7,93.0
EURNZD,1.175,192,2.0,1.0,0.354,0.552,-0.041,161,69.6,8.99,1.09,5/7,92.0
EURNZD,1.175,192,2.0,2.0,0.265,0.485,-0.178,152,70.4,7.76,0.81,3/7,102.0
EURNZD,1.175,192,2.0,3.0,0.202,0.35,-0.133,151,70.9,6.39,0.62,4/7,103.0
EURNZD,1.175,192,2.5,1.0,0.177,0.414,-0.281,98,64.3,5.95,0.54,3/7,102.0
EURNZD,1.175,192,2.5,2.0,0.111,0.485,-0.493,96,63.5,3.9,0.34,3/7,116.0
EURNZD,1.175,192,2.5,3.0,0.134,0.485,-0.451,96,63.5,4.66,0.41,3/7,116.0
EURNZD,1.175,192,3.0,1.0,0.657,0.905,-0.022,40,60.0,39.06,2.06,5/7,115.0
EURNZD,1.175,384,1.5,1.0,-0.065,-0.126,0.079,120,70.8,-2.86,-0.2,4/7,161.0
EURNZD,1.175,384,1.5,2.0,-0.007,0.01,-0.048,113,69.9,-0.28,-0.02,4/7,176.0
EURNZD,1.175,384,1.5,3.0,0.011,0.035,-0.048,113,69.9,0.44,0.03,4/7,176.0
EURNZD,1.175,384,2.0,1.0,-0.031,-0.152,0.272,87,66.7,-1.62,-0.1,4/7,183.0
EURNZD,1.175,384,2.0,2.0,0.055,0.043,0.084,83,66.3,2.73,0.17,3/7,200.0
EURNZD,1.175,384,2.0,3.0,0.055,0.043,0.084,83,66.3,2.73,0.17,3/7,200.0
EURNZD,1.175,384,2.5,1.0,-0.125,-0.229,0.16,53,62.3,-10.12,-0.38,4/7,218.0
EURNZD,1.175,384,2.5,2.0,0.085,0.079,0.102,53,62.3,5.32,0.26,3/7,227.0
EURNZD,1.175,384,2.5,3.0,0.085,0.079,0.102,53,62.3,5.32,0.26,3/7,227.0
EURUSD,1.043,24,1.5,1.0,0.272,0.405,0.022,1438,63.8,0.9,0.88,3/7,14.0
EURUSD,1.043,24,1.5,2.0,0.202,0.304,0.004,1302,64.0,0.73,0.64,3/7,16.0
EURUSD,1.043,24,1.5,3.0,0.186,0.301,-0.031,1286,63.7,0.67,0.59,3/7,16.0
EURUSD,1.043,24,2.0,1.0,0.172,0.196,0.126,904,62.4,0.74,0.56,3/7,15.0
EURUSD,1.043,24,2.0,2.0,0.222,0.221,0.227,856,63.3,1.04,0.72,3/7,17.0
EURUSD,1.043,24,2.0,3.0,0.266,0.302,0.203,854,63.2,1.23,0.87,6/7,18.0
EURUSD,1.043,24,2.5,1.0,-0.008,0.156,-0.285,386,59.1,-0.06,-0.02,4/7,17.0
EURUSD,1.043,24,2.5,2.0,-0.012,0.036,-0.097,375,59.2,-0.09,-0.04,3/7,20.0
EURUSD,1.043,24,2.5,3.0,0.057,0.122,-0.057,375,59.2,0.41,0.18,3/7,20.0
EURUSD,1.043,24,3.0,1.0,-0.535,-0.612,-0.385,88,48.9,-8.92,-1.66,1/7,19.0
EURUSD,1.043,24,3.0,2.0,-0.514,-0.632,-0.283,88,50.0,-8.7,-1.59,1/7,23.0
EURUSD,1.043,24,3.0,3.0,-0.465,-0.575,-0.254,88,50.0,-7.56,-1.44,1/7,23.0
EURUSD,1.043,48,1.5,1.0,0.023,-0.109,0.28,856,65.4,0.13,0.07,5/7,26.0
EURUSD,1.043,48,1.5,2.0,-0.031,-0.185,0.267,769,65.9,-0.2,-0.1,5/7,30.0
EURUSD,1.043,48,1.5,3.0,-0.022,-0.187,0.297,762,65.7,-0.14,-0.07,5/7,30.0
EURUSD,1.043,48,2.0,1.0,0.12,0.038,0.284,612,64.2,0.85,0.38,5/7,28.0
EURUSD,1.043,48,2.0,2.0,0.151,0.082,0.286,569,65.2,1.13,0.47,5/7,32.0
EURUSD,1.043,48,2.0,3.0,0.15,0.047,0.361,566,65.2,1.13,0.47,5/7,32.0
EURUSD,1.043,48,2.5,1.0,-0.015,0.06,-0.138,333,60.7,-0.14,-0.04,5/7,31.0
EURUSD,1.043,48,2.5,2.0,0.053,0.166,-0.139,319,61.4,0.54,0.16,5/7,35.0
EURUSD,1.043,48,2.5,3.0,0.053,0.135,-0.092,318,61.6,0.54,0.16,5/7,36.0
EURUSD,1.043,48,3.0,1.0,-0.112,-0.238,0.088,150,58.0,-1.45,-0.34,3/7,34.0
EURUSD,1.043,48,3.0,2.0,0.032,-0.078,0.226,148,60.8,0.43,0.1,4/7,38.0
EURUSD,1.043,48,3.0,3.0,0.06,-0.068,0.29,148,60.8,0.79,0.18,4/7,39.0
EURUSD,1.043,96,1.5,1.0,-0.114,-0.371,0.376,479,66.0,-1.13,-0.35,5/7,50.0
EURUSD,1.043,96,1.5,2.0,-0.061,-0.279,0.365,431,67.3,-0.69,-0.19,4/7,56.0
EURUSD,1.043,96,1.5,3.0,-0.055,-0.288,0.391,425,67.3,-0.63,-0.17,4/7,58.0
EURUSD,1.043,96,2.0,1.0,0.023,-0.266,0.544,356,65.7,0.27,0.07,4/7,54.0
EURUSD,1.043,96,2.0,2.0,0.097,-0.16,0.569,330,69.1,1.26,0.3,4/7,62.0
EURUSD,1.043,96,2.0,3.0,0.117,-0.173,0.645,327,69.4,1.53,0.36,4/7,63.0
EURUSD,1.043,96,2.5,1.0,-0.1,0.024,-0.331,206,64.1,-1.62,-0.3,3/7,59.0
EURUSD,1.043,96,2.5,2.0,-0.166,-0.038,-0.412,196,64.8,-3.05,-0.51,3/7,70.0
EURUSD,1.043,96,2.5,3.0,-0.152,-0.02,-0.401,195,65.1,-2.78,-0.46,3/7,72.0
EURUSD,1.043,96,3.0,1.0,-0.633,-0.353,-1.195,95,52.6,-17.86,-1.96,1/7,65.0
EURUSD,1.043,96,3.0,2.0,-0.64,-0.368,-1.145,93,52.7,-18.51,-1.98,1/7,80.0
EURUSD,1.043,96,3.0,3.0,-0.63,-0.34,-1.147,93,52.7,-17.72,-1.95,1/7,81.0
EURUSD,1.043,192,1.5,1.0,0.046,0.022,0.094,265,68.7,0.82,0.14,4/7,92.0
EURUSD,1.043,192,1.5,2.0,0.09,0.205,-0.108,240,69.2,1.65,0.28,4/7,103.0
EURUSD,1.043,192,1.5,3.0,0.101,0.209,-0.085,239,69.0,1.84,0.31,4/7,104.0
EURUSD,1.043,192,2.0,1.0,0.132,0.057,0.273,194,68.0,3.02,0.41,4/7,103.0
EURUSD,1.043,192,2.0,2.0,0.118,0.181,0.016,177,67.2,2.81,0.36,4/7,119.0
EURUSD,1.043,192,2.0,3.0,0.14,0.202,0.04,177,67.2,3.29,0.43,4/7,119.0
EURUSD,1.043,192,2.5,1.0,-0.168,-0.267,0.005,112,66.1,-5.6,-0.51,3/7,113.0
EURUSD,1.043,192,2.5,2.0,-0.135,-0.025,-0.295,108,66.7,-4.35,-0.41,3/7,132.0
EURUSD,1.043,192,2.5,3.0,-0.115,-0.002,-0.278,108,66.7,-3.66,-0.35,3/7,132.0
EURUSD,1.043,192,3.0,1.0,0.019,0.239,-0.296,56,69.6,0.99,0.06,3/7,114.0
EURUSD,1.043,192,3.0,2.0,0.032,0.489,-0.525,54,68.5,1.58,0.09,4/7,135.0
EURUSD,1.043,192,3.0,3.0,0.05,0.537,-0.525,54,68.5,2.46,0.15,4/7,136.0
EURUSD,1.043,384,1.5,1.0,-0.125,-0.166,-0.048,132,65.2,-4.17,-0.38,1/7,188.0
EURUSD,1.043,384,1.5,2.0,-0.145,-0.263,0.1,118,62.7,-5.09,-0.44,3/7,215.0
EURUSD,1.043,384,1.5,3.0,-0.168,-0.301,0.1,117,62.4,-5.76,-0.51,4/7,217.0
EURUSD,1.043,384,2.0,1.0,-0.115,-0.076,-0.198,101,64.4,-4.61,-0.35,2/7,206.0
EURUSD,1.043,384,2.0,2.0,-0.029,-0.048,0.011,95,63.2,-1.17,-0.09,3/7,228.0
EURUSD,1.043,384,2.0,3.0,-0.046,-0.073,0.011,94,62.8,-1.76,-0.14,3/7,231.0
EURUSD,1.043,384,2.5,1.0,0.097,0.036,0.222,76,63.2,4.51,0.29,4/7,219.0
EURUSD,1.043,384,2.5,2.0,0.172,0.07,0.39,75,62.7,7.75,0.52,6/7,243.0
EURUSD,1.043,384,2.5,3.0,0.191,0.096,0.39,75,62.7,8.47,0.58,5/7,244.0
EURUSD,1.043,384,3.0,1.0,0.041,-0.005,0.122,41,58.5,2.4,0.12,3/7,235.0
EURUSD,1.043,384,3.0,2.0,0.128,0.062,0.259,41,58.5,7.41,0.38,5/7,267.0
EURUSD,1.043,384,3.0,3.0,0.193,0.157,0.259,41,58.5,10.46,0.58,4/7,268.0
USDCHF,1.013,24,1.5,1.0,-0.015,0.104,-0.2,1338,63.8,-0.06,-0.05,4/7,13.0
USDCHF,1.013,24,1.5,2.0,0.046,0.201,-0.199,1206,64.3,0.19,0.14,3/7,16.0
USDCHF,1.013,24,1.5,3.0,0.023,0.18,-0.216,1193,64.1,0.1,0.07,4/7,16.0
USDCHF,1.013,24,2.0,1.0,-0.251,-0.131,-0.447,800,61.0,-1.24,-0.77,2/7,15.0
USDCHF,1.013,24,2.0,2.0,-0.281,-0.145,-0.517,750,60.7,-1.48,-0.86,2/7,18.0
USDCHF,1.013,24,2.0,3.0,-0.308,-0.147,-0.563,743,60.7,-1.68,-0.94,2/7,18.0
USDCHF,1.013,24,2.5,1.0,-0.269,-0.185,-0.404,318,59.1,-2.38,-0.83,3/7,16.0
USDCHF,1.013,24,2.5,2.0,-0.104,-0.052,-0.187,313,59.4,-0.9,-0.32,5/7,19.0
USDCHF,1.013,24,2.5,3.0,-0.126,-0.092,-0.181,313,59.4,-1.09,-0.38,5/7,19.0
USDCHF,1.013,24,3.0,1.0,-0.597,-0.591,-0.61,74,51.4,-13.29,-1.84,0/7,18.0
USDCHF,1.013,24,3.0,2.0,-0.485,-0.439,-0.549,74,54.1,-10.32,-1.49,1/7,22.0
USDCHF,1.013,24,3.0,3.0,-0.511,-0.49,-0.542,74,54.1,-11.28,-1.57,1/7,23.0
USDCHF,1.013,48,1.5,1.0,-0.458,-0.513,-0.361,780,63.1,-2.82,-1.39,4/7,26.0
USDCHF,1.013,48,1.5,2.0,-0.342,-0.368,-0.298,698,63.5,-2.35,-1.06,4/7,30.0
USDCHF,1.013,48,1.5,3.0,-0.345,-0.36,-0.32,691,63.8,-2.42,-1.06,4/7,31.0
USDCHF,1.013,48,2.0,1.0,-0.41,-0.514,-0.224,539,60.1,-3.14,-1.26,3/7,29.0
USDCHF,1.013,48,2.0,2.0,-0.331,-0.443,-0.128,496,59.5,-2.75,-1.01,3/7,33.0
USDCHF,1.013,48,2.0,3.0,-0.365,-0.483,-0.154,491,59.5,-3.12,-1.12,3/7,34.0
USDCHF,1.013,48,2.5,1.0,-0.201,-0.444,0.23,316,61.1,-2.19,-0.61,3/7,30.0
USDCHF,1.013,48,2.5,2.0,-0.238,-0.415,0.085,300,61.3,-2.87,-0.73,3/7,35.0
USDCHF,1.013,48,2.5,3.0,-0.247,-0.411,0.038,298,61.4,-3.02,-0.76,3/7,36.0
USDCHF,1.013,48,3.0,1.0,-0.481,-0.609,-0.266,119,59.7,-9.8,-1.48,1/7,34.0
USDCHF,1.013,48,3.0,2.0,-0.478,-0.613,-0.239,119,60.5,-10.68,-1.47,3/7,40.0
USDCHF,1.013,48,3.0,3.0,-0.477,-0.59,-0.293,119,60.5,-10.68,-1.46,3/7,42.0
USDCHF,1.013,96,1.5,1.0,-0.251,-0.406,0.008,428,66.6,-2.95,-0.74,3/7,49.0
USDCHF,1.013,96,1.5,2.0,-0.16,-0.348,0.173,392,66.1,-1.92,-0.48,3/7,55.0
USDCHF,1.013,96,1.5,3.0,-0.171,-0.227,-0.075,389,66.3,-2.09,-0.51,3/7,55.0
USDCHF,1.013,96,2.0,1.0,-0.265,-0.268,-0.261,306,65.0,-3.9,-0.79,2/7,53.0
USDCHF,1.013,96,2.0,2.0,-0.115,-0.178,-0.002,291,64.6,-1.69,-0.35,3/7,60.0
USDCHF,1.013,96,2.0,3.0,-0.165,-0.105,-0.27,288,64.6,-2.49,-0.5,2/7,61.0
USDCHF,1.013,96,2.5,1.0,-0.416,-0.485,-0.302,192,63.5,-8.18,-1.28,2/7,58.0
USDCHF,1.013,96,2.5,2.0,-0.243,-0.298,-0.14,188,64.4,-4.68,-0.74,3/7,65.0
USDCHF,1.013,96,2.5,3.0,-0.255,-0.218,-0.324,187,64.7,-5.08,-0.78,2/7,66.0
USDCHF,1.013,96,3.0,1.0,-0.1,-0.113,-0.083,105,67.6,-2.89,-0.3,3/7,59.0
USDCHF,1.013,96,3.0,2.0,-0.074,-0.19,0.125,104,67.3,-2.13,-0.22,4/7,68.0
USDCHF,1.013,96,3.0,3.0,-0.139,-0.174,-0.082,103,67.0,-4.32,-0.42,3/7,70.0
USDCHF,1.013,192,1.5,1.0,-0.184,-0.24,-0.086,232,67.2,-4.23,-0.57,3/7,89.0
USDCHF,1.013,192,1.5,2.0,-0.14,-0.078,-0.241,213,66.2,-3.13,-0.43,3/7,100.0
USDCHF,1.013,192,1.5,3.0,-0.14,-0.078,-0.241,212,66.0,-3.13,-0.43,3/7,100.0
USDCHF,1.013,192,2.0,1.0,-0.02,-0.089,0.097,177,67.8,-0.55,-0.06,4/7,96.0
USDCHF,1.013,192,2.0,2.0,0.073,0.157,-0.055,164,67.1,1.96,0.22,4/7,108.0
USDCHF,1.013,192,2.0,3.0,0.052,0.124,-0.055,163,66.9,1.41,0.16,4/7,109.0
USDCHF,1.013,192,2.5,1.0,-0.035,-0.211,0.233,117,66.7,-1.3,-0.11,4/7,104.0
USDCHF,1.013,192,2.5,2.0,0.077,0.042,0.128,113,65.5,2.75,0.23,3/7,117.0
USDCHF,1.013,192,2.5,3.0,0.082,0.051,0.128,113,65.5,2.93,0.25,4/7,118.0
USDCHF,1.013,192,3.0,1.0,-0.278,-0.368,-0.16,57,61.4,-16.88,-0.82,1/7,113.0
USDCHF,1.013,192,3.0,2.0,-0.188,-0.223,-0.138,57,61.4,-11.45,-0.56,3/7,128.0
USDCHF,1.013,192,3.0,3.0,-0.183,-0.216,-0.138,57,61.4,-11.09,-0.54,3/7,130.0
USDCHF,1.013,384,1.5,1.0,0.047,0.26,-0.292,131,67.2,1.79,0.14,4/7,173.0
USDCHF,1.013,384,1.5,2.0,-0.077,0.142,-0.427,116,64.7,-3.21,-0.24,4/7,200.0
USDCHF,1.013,384,1.5,3.0,-0.062,0.158,-0.414,116,64.7,-2.54,-0.19,4/7,200.0
USDCHF,1.013,384,2.0,1.0,0.009,0.231,-0.384,97,62.9,0.42,0.03,3/7,197.0
USDCHF,1.013,384,2.0,2.0,0.015,0.277,-0.408,91,61.5,0.75,0.05,3/7,223.0
USDCHF,1.013,384,2.0,3.0,0.027,0.277,-0.388,91,61.5,1.33,0.08,3/7,223.0
USDCHF,1.013,384,2.5,1.0,-0.136,0.001,-0.382,62,64.5,-8.93,-0.41,3/7,212.0
USDCHF,1.013,384,2.5,2.0,0.075,0.21,-0.165,62,64.5,4.31,0.23,3/7,232.0
USDCHF,1.013,384,2.5,3.0,0.075,0.21,-0.165,62,64.5,4.31,0.23,3/7,232.0
