cong cu,N,k,ts,ALL,FORM,OOS,n,thang%,net,t,nam+
AUDNZD,12,1.5,1.0,-0.027,-0.224,0.309,555,61.3,-0.13,-0.08,4/7
AUDNZD,12,1.5,2.0,-0.055,-0.305,0.427,500,61.6,-0.31,-0.17,4/7
AUDNZD,12,1.5,3.0,0.054,-0.13,0.406,496,61.7,0.3,0.17,4/7
AUDNZD,12,2.0,1.0,-0.006,0.098,-0.148,163,58.9,-0.06,-0.02,4/7
AUDNZD,12,2.0,2.0,-0.02,0.004,-0.058,159,59.7,-0.2,-0.06,4/7
AUDNZD,12,2.0,3.0,0.038,0.072,-0.019,158,60.1,0.4,0.11,4/7
AUDNZD,24,1.5,1.0,-0.208,-0.277,-0.091,391,62.9,-1.57,-0.64,3/7
AUDNZD,24,1.5,2.0,-0.195,-0.21,-0.171,352,63.9,-1.67,-0.61,3/7
AUDNZD,24,1.5,3.0,-0.18,-0.2,-0.146,345,64.1,-1.56,-0.56,3/7
AUDNZD,24,2.0,1.0,-0.184,-0.017,-0.467,220,60.9,-1.97,-0.57,3/7
AUDNZD,24,2.0,2.0,-0.192,0.003,-0.518,201,61.7,-2.3,-0.59,3/7
AUDNZD,24,2.0,3.0,-0.229,-0.046,-0.563,197,61.4,-2.89,-0.71,3/7
AUDNZD,24,2.5,1.0,-0.236,-0.28,-0.168,69,59.4,-4.66,-0.71,3/7
AUDNZD,24,2.5,2.0,-0.256,-0.407,0.004,64,60.9,-5.88,-0.77,3/7
AUDNZD,24,2.5,3.0,-0.293,-0.455,0.033,64,60.9,-7.32,-0.89,3/7
AUDNZD,48,1.5,1.0,-0.495,-0.343,-0.784,220,58.2,-6.95,-1.54,1/7
AUDNZD,48,1.5,2.0,-0.556,-0.395,-0.828,191,59.2,-9.62,-1.71,0/7
AUDNZD,48,1.5,3.0,-0.543,-0.387,-0.797,189,59.3,-9.28,-1.68,0/7
AUDNZD,48,2.0,1.0,-0.176,0.126,-0.672,156,60.3,-2.97,-0.54,3/7
AUDNZD,48,2.0,2.0,-0.306,0.003,-0.8,142,59.9,-5.99,-0.93,2/7
AUDNZD,48,2.0,3.0,-0.295,0.061,-0.831,141,59.6,-5.75,-0.9,2/7
AUDNZD,48,2.5,1.0,-0.023,0.37,-0.661,75,57.3,-0.58,-0.07,3/7
AUDNZD,48,2.5,2.0,-0.05,0.325,-0.639,73,57.5,-1.43,-0.15,3/7
AUDNZD,48,2.5,3.0,-0.035,0.362,-0.656,72,56.9,-0.98,-0.11,3/7
AUDNZD,96,1.5,1.0,-0.506,-0.34,-0.793,128,59.4,-13.16,-1.57,1/7
AUDNZD,96,1.5,2.0,-0.522,-0.407,-0.687,113,58.4,-14.66,-1.62,1/7
AUDNZD,96,1.5,3.0,-0.578,-0.417,-0.802,110,57.3,-16.46,-1.8,1/7
AUDNZD,96,2.0,1.0,-0.455,-0.192,-0.889,93,51.6,-13.35,-1.4,2/7
AUDNZD,96,2.0,2.0,-0.523,-0.333,-0.812,85,49.4,-16.74,-1.61,1/7
AUDNZD,96,2.0,3.0,-0.511,-0.296,-0.814,85,49.4,-16.22,-1.58,1/7
AUDNZD,96,2.5,1.0,-0.165,-0.033,-0.396,54,53.7,-5.99,-0.5,4/7
AUDNZD,96,2.5,2.0,-0.154,0.122,-0.463,53,54.7,-6.17,-0.47,4/7
AUDNZD,96,2.5,3.0,-0.136,0.122,-0.444,53,54.7,-5.27,-0.41,4/7
AUDNZD,192,1.5,1.0,-0.377,-0.058,-0.751,69,58.0,-18.57,-1.15,3/7
AUDNZD,192,1.5,2.0,-0.401,-0.15,-0.678,59,57.6,-23.15,-1.23,2/7
AUDNZD,192,1.5,3.0,-0.382,-0.15,-0.613,59,59.3,-24.59,-1.17,2/7
EURCHF,12,1.5,1.0,0.025,0.022,0.029,526,64.1,0.13,0.08,3/7
EURCHF,12,1.5,2.0,0.135,0.088,0.206,485,64.3,0.73,0.41,5/7
EURCHF,12,1.5,3.0,0.128,0.081,0.201,477,64.2,0.72,0.39,5/7
EURCHF,12,2.0,1.0,-0.197,-0.163,-0.253,180,58.3,-1.85,-0.58,4/7
EURCHF,12,2.0,2.0,-0.166,0.108,-0.511,177,59.9,-1.67,-0.5,4/7
EURCHF,12,2.0,3.0,-0.132,0.129,-0.471,175,59.4,-1.29,-0.4,4/7
EURCHF,24,1.5,1.0,-0.134,0.18,-0.669,365,65.5,-1.12,-0.42,4/7
EURCHF,24,1.5,2.0,-0.051,0.262,-0.546,335,66.0,-0.44,-0.16,4/7
EURCHF,24,1.5,3.0,-0.061,0.265,-0.591,331,65.6,-0.51,-0.19,3/7
EURCHF,24,2.0,1.0,-0.075,0.653,-1.199,195,57.9,-0.89,-0.24,3/7
EURCHF,24,2.0,2.0,-0.051,0.663,-1.181,185,60.5,-0.65,-0.16,3/7
EURCHF,24,2.0,3.0,-0.014,0.686,-1.155,184,60.3,-0.17,-0.04,4/7
EURCHF,24,2.5,1.0,-0.631,-0.342,-1.026,74,43.2,-11.51,-1.97,0/7
EURCHF,24,2.5,2.0,-0.604,-0.368,-0.957,70,45.7,-12.32,-1.88,0/7
EURCHF,24,2.5,3.0,-0.553,-0.283,-0.951,70,45.7,-10.36,-1.72,1/7
EURCHF,48,1.5,1.0,-0.006,0.355,-0.542,227,62.1,-0.08,-0.02,4/7
EURCHF,48,1.5,2.0,-0.17,0.141,-0.608,205,61.0,-2.48,-0.53,3/7
EURCHF,48,1.5,3.0,-0.18,0.105,-0.599,204,60.8,-2.64,-0.57,3/7
EURCHF,48,2.0,1.0,-0.107,0.211,-0.586,152,58.6,-1.77,-0.34,3/7
EURCHF,48,2.0,2.0,-0.112,0.245,-0.593,142,60.6,-2.11,-0.35,4/7
EURCHF,48,2.0,3.0,-0.125,0.196,-0.586,142,60.6,-2.4,-0.39,4/7
EURCHF,48,2.5,1.0,-0.533,-0.23,-0.939,84,53.6,-12.55,-1.65,2/7
EURCHF,48,2.5,2.0,-0.695,-0.292,-1.2,76,50.0,-19.23,-2.18,2/7
EURCHF,48,2.5,3.0,-0.698,-0.323,-1.204,76,50.0,-19.85,-2.19,1/7
EURCHF,96,1.5,1.0,0.13,0.052,0.274,125,66.4,2.75,0.4,3/7
EURCHF,96,1.5,2.0,0.182,0.078,0.354,116,65.5,4.03,0.56,4/7
EURCHF,96,1.5,3.0,0.135,0.089,0.208,115,65.2,3.06,0.41,4/7
EURCHF,96,2.0,1.0,0.356,0.46,0.137,90,67.8,9.68,1.09,4/7
EURCHF,96,2.0,2.0,0.396,0.464,0.271,84,67.9,11.48,1.22,5/7
EURCHF,96,2.0,3.0,0.32,0.446,0.086,83,67.5,9.66,0.98,5/7
EURCHF,96,2.5,1.0,0.357,0.395,0.297,57,66.7,13.58,1.09,4/7
EURCHF,96,2.5,2.0,0.465,0.482,0.476,55,65.5,17.24,1.43,4/7
EURCHF,96,2.5,3.0,0.465,0.482,0.476,55,65.5,17.24,1.43,4/7
EURCHF,192,1.5,1.0,0.338,0.421,0.164,72,75.0,12.54,1.03,4/7
EURCHF,192,1.5,2.0,0.332,0.412,0.16,68,75.0,13.25,1.01,4/7
EURCHF,192,1.5,3.0,0.334,0.415,0.16,67,74.6,13.09,1.01,4/7
EURCHF,192,2.0,1.0,0.451,0.503,0.362,52,76.9,22.25,1.38,4/7
AUDCAD,12,1.5,1.0,0.627,0.811,0.327,538,64.3,4.32,1.93,5/7
AUDCAD,12,1.5,2.0,0.838,1.002,0.563,503,64.8,6.06,2.61,5/7
AUDCAD,12,1.5,3.0,0.857,1.0,0.614,498,64.7,6.18,2.66,5/7
AUDCAD,12,2.0,1.0,0.777,0.576,1.211,158,65.2,9.18,2.43,4/7
AUDCAD,12,2.0,2.0,0.723,0.576,1.1,156,64.7,9.75,2.25,5/7
AUDCAD,12,2.0,3.0,0.852,0.739,1.115,155,64.5,10.47,2.67,5/7
AUDCAD,24,1.5,1.0,0.532,0.55,0.502,380,63.2,5.68,1.66,5/7
AUDCAD,24,1.5,2.0,0.687,0.692,0.68,347,61.7,6.99,2.16,6/7
AUDCAD,24,1.5,3.0,0.695,0.695,0.695,346,61.6,7.05,2.18,6/7
AUDCAD,24,2.0,1.0,0.658,0.765,0.473,220,67.7,10.07,2.03,7/7
AUDCAD,24,2.0,2.0,1.062,1.067,1.059,217,68.7,13.73,3.34,7/7
AUDCAD,24,2.0,3.0,1.062,1.067,1.059,217,68.7,13.73,3.34,7/7
AUDCAD,24,2.5,1.0,0.751,1.011,0.389,63,66.7,17.02,2.32,6/7
AUDCAD,24,2.5,2.0,0.94,1.157,0.63,63,68.3,19.99,2.98,6/7
AUDCAD,24,2.5,3.0,0.94,1.157,0.63,63,68.3,19.99,2.98,6/7
AUDCAD,48,1.5,1.0,0.768,0.664,0.984,233,68.2,12.36,2.4,6/7
AUDCAD,48,1.5,2.0,0.801,0.682,1.085,216,68.1,12.98,2.49,7/7
AUDCAD,48,1.5,3.0,0.798,0.676,1.085,215,67.9,12.92,2.48,7/7
AUDCAD,48,2.0,1.0,0.578,0.542,0.649,154,63.6,11.81,1.8,5/7
AUDCAD,48,2.0,2.0,0.702,0.668,0.778,149,65.1,14.31,2.2,5/7
AUDCAD,48,2.0,3.0,0.698,0.66,0.778,148,64.9,14.23,2.19,5/7
AUDCAD,48,2.5,1.0,0.837,1.068,0.45,78,74.4,22.67,2.6,5/7
AUDCAD,48,2.5,2.0,1.028,1.351,0.5,78,75.6,26.78,3.27,6/7
AUDCAD,48,2.5,3.0,1.028,1.351,0.5,78,75.6,26.78,3.27,6/7
AUDCAD,96,1.5,1.0,0.605,0.151,1.449,140,72.9,15.68,1.85,5/7
AUDCAD,96,1.5,2.0,0.498,0.019,1.382,126,70.6,13.58,1.54,5/7
AUDCAD,96,1.5,3.0,0.498,0.019,1.382,126,70.6,13.58,1.54,5/7
AUDCAD,96,2.0,1.0,0.498,0.238,1.03,96,69.8,16.38,1.52,5/7
AUDCAD,96,2.0,2.0,0.427,0.143,1.031,89,67.4,14.06,1.3,5/7
AUDCAD,96,2.0,3.0,0.427,0.143,1.031,89,67.4,14.06,1.3,5/7
AUDCAD,96,2.5,1.0,0.98,1.128,0.724,57,77.2,44.44,3.18,6/7
AUDCAD,96,2.5,2.0,1.019,1.055,0.964,55,76.4,45.46,3.34,6/7
AUDCAD,96,2.5,3.0,1.019,1.055,0.964,55,76.4,45.46,3.34,6/7
AUDCAD,192,1.5,1.0,0.353,0.166,0.897,78,71.8,14.9,1.07,5/7
AUDCAD,192,1.5,2.0,0.228,0.179,0.366,72,70.8,11.25,0.69,5/7
AUDCAD,192,1.5,3.0,0.22,0.168,0.366,71,70.4,10.98,0.66,5/7
AUDCAD,192,2.0,1.0,0.607,0.525,0.893,57,71.9,29.32,1.88,6/7
AUDCAD,192,2.0,2.0,0.473,0.51,0.409,54,70.4,25.47,1.45,5/7
AUDCAD,192,2.0,3.0,0.473,0.51,0.409,54,70.4,25.47,1.45,5/7
GBPAUD,12,1.5,1.0,0.368,0.432,0.256,526,63.3,2.68,1.15,6/7
GBPAUD,12,1.5,2.0,0.289,0.393,0.092,481,63.4,2.32,0.9,6/7
GBPAUD,12,1.5,3.0,0.344,0.442,0.169,477,63.5,2.73,1.07,6/7
GBPAUD,12,2.0,1.0,0.559,0.542,0.622,176,63.6,6.36,1.72,7/7
GBPAUD,12,2.0,2.0,0.369,0.285,0.586,168,64.9,4.63,1.14,7/7
GBPAUD,12,2.0,3.0,0.457,0.369,0.689,168,64.9,5.5,1.41,7/7
GBPAUD,24,1.5,1.0,0.822,0.977,0.527,404,70.5,9.42,2.61,7/7
GBPAUD,24,1.5,2.0,0.889,1.043,0.593,370,69.5,10.43,2.84,7/7
GBPAUD,24,1.5,3.0,0.904,1.085,0.563,365,69.6,10.67,2.89,7/7
GBPAUD,24,2.0,1.0,0.549,0.53,0.599,224,64.7,8.44,1.7,6/7
GBPAUD,24,2.0,2.0,0.648,0.552,0.904,217,65.0,10.12,2.01,7/7
GBPAUD,24,2.0,3.0,0.714,0.64,0.906,216,64.8,10.8,2.22,7/7
GBPAUD,24,2.5,1.0,0.52,0.642,0.302,64,62.5,17.11,1.59,4/7
GBPAUD,24,2.5,2.0,0.873,1.016,0.621,63,61.9,25.4,2.76,6/7
GBPAUD,24,2.5,3.0,0.873,1.016,0.621,63,61.9,25.4,2.76,6/7
GBPAUD,48,1.5,1.0,0.319,0.401,0.175,229,65.9,6.09,0.99,4/7
GBPAUD,48,1.5,2.0,0.319,0.358,0.253,211,68.2,6.84,0.99,6/7
GBPAUD,48,1.5,3.0,0.354,0.425,0.24,208,68.3,7.57,1.1,6/7
GBPAUD,48,2.0,1.0,0.38,0.604,-0.011,149,62.4,9.07,1.16,5/7
GBPAUD,48,2.0,2.0,0.282,0.504,-0.059,138,63.8,7.85,0.86,4/7
GBPAUD,48,2.0,3.0,0.349,0.648,-0.073,138,63.8,9.42,1.07,5/7
GBPAUD,48,2.5,1.0,0.231,0.202,0.277,78,64.1,8.58,0.7,5/7
GBPAUD,48,2.5,2.0,0.085,0.074,0.101,75,64.0,3.51,0.26,5/7
GBPAUD,48,2.5,3.0,0.164,0.23,0.078,75,64.0,6.48,0.5,4/7
GBPAUD,96,1.5,1.0,0.348,0.47,0.158,127,68.5,11.13,1.08,5/7
GBPAUD,96,1.5,2.0,0.159,0.23,0.024,117,67.5,6.03,0.49,4/7
GBPAUD,96,1.5,3.0,0.171,0.25,0.024,117,67.5,6.4,0.53,4/7
GBPAUD,96,2.0,1.0,0.419,0.526,0.248,100,70.0,17.11,1.29,6/7
GBPAUD,96,2.0,2.0,0.383,0.403,0.351,94,70.2,16.52,1.17,6/7
GBPAUD,96,2.0,3.0,0.403,0.433,0.351,94,70.2,17.04,1.23,6/7
GBPAUD,96,2.5,1.0,0.356,0.606,-0.005,60,68.3,20.13,1.09,4/7
GBPAUD,96,2.5,2.0,0.35,0.428,0.204,60,68.3,21.04,1.07,5/7
GBPAUD,96,2.5,3.0,0.371,0.461,0.204,60,68.3,21.8,1.14,5/7
GBPAUD,192,1.5,1.0,0.097,-0.116,0.535,73,72.6,6.64,0.29,3/7
GBPAUD,192,1.5,2.0,0.201,-0.05,0.767,70,72.9,13.18,0.61,4/7
GBPAUD,192,1.5,3.0,0.201,-0.05,0.767,70,72.9,13.18,0.61,4/7
GBPAUD,192,2.0,1.0,0.191,0.09,0.461,56,69.6,15.07,0.58,5/7
GBPAUD,192,2.0,2.0,0.239,0.143,0.483,55,69.1,18.05,0.72,5/7
GBPAUD,192,2.0,3.0,0.239,0.143,0.483,55,69.1,18.05,0.72,5/7
GBPCAD,12,1.5,1.0,0.552,0.563,0.541,531,65.3,3.68,1.74,7/7
GBPCAD,12,1.5,2.0,0.456,0.422,0.555,494,66.0,3.44,1.43,6/7
GBPCAD,12,1.5,3.0,0.459,0.437,0.53,484,66.7,3.56,1.44,7/7
GBPCAD,12,2.0,1.0,0.457,0.492,0.398,171,64.3,5.21,1.4,5/7
GBPCAD,12,2.0,2.0,0.446,0.445,0.466,167,67.1,5.55,1.37,5/7
GBPCAD,12,2.0,3.0,0.341,0.332,0.371,165,66.7,4.4,1.04,4/7
GBPCAD,24,1.5,1.0,0.509,0.833,-0.141,388,66.5,5.39,1.57,5/7
GBPCAD,24,1.5,2.0,0.512,0.879,-0.222,346,67.6,5.78,1.6,5/7
GBPCAD,24,1.5,3.0,0.487,0.873,-0.228,342,67.5,5.69,1.52,5/7
GBPCAD,24,2.0,1.0,0.323,0.398,0.183,220,65.5,4.54,0.97,5/7
GBPCAD,24,2.0,2.0,0.42,0.46,0.348,210,67.6,6.27,1.28,5/7
GBPCAD,24,2.0,3.0,0.367,0.437,0.249,209,67.9,5.79,1.12,4/7
GBPCAD,24,2.5,1.0,0.682,1.166,-0.128,84,66.7,13.79,2.11,6/7
GBPCAD,24,2.5,2.0,0.464,0.817,-0.09,81,69.1,11.49,1.42,5/7
GBPCAD,24,2.5,3.0,0.394,0.651,-0.064,81,69.1,10.38,1.2,5/7
GBPCAD,48,1.5,1.0,0.242,0.616,-0.457,231,65.4,4.15,0.75,4/7
GBPCAD,48,1.5,2.0,0.222,0.468,-0.247,208,64.9,4.32,0.69,4/7
GBPCAD,48,1.5,3.0,0.248,0.487,-0.213,207,64.7,4.65,0.77,4/7
GBPCAD,48,2.0,1.0,0.448,0.548,0.273,154,66.9,9.05,1.38,5/7
GBPCAD,48,2.0,2.0,0.393,0.381,0.445,147,66.0,9.12,1.21,5/7
GBPCAD,48,2.0,3.0,0.444,0.453,0.445,147,66.0,9.96,1.37,5/7
GBPCAD,48,2.5,1.0,0.486,0.909,-0.271,86,66.3,15.64,1.49,4/7
GBPCAD,48,2.5,2.0,0.514,0.747,0.021,85,65.9,17.28,1.58,5/7
GBPCAD,48,2.5,3.0,0.57,0.838,0.021,85,65.9,18.5,1.75,5/7
GBPCAD,96,1.5,1.0,0.399,0.529,0.127,130,70.0,12.25,1.23,3/7
GBPCAD,96,1.5,2.0,0.526,0.593,0.403,123,69.9,15.66,1.63,4/7
GBPCAD,96,1.5,3.0,0.526,0.593,0.403,123,69.9,15.66,1.63,4/7
GBPCAD,96,2.0,1.0,0.39,0.394,0.395,91,71.4,14.53,1.19,5/7
GBPCAD,96,2.0,2.0,0.545,0.532,0.607,87,72.4,19.35,1.68,5/7
GBPCAD,96,2.0,3.0,0.545,0.532,0.607,87,72.4,19.35,1.68,5/7
GBPCAD,96,2.5,1.0,0.557,0.691,0.309,54,74.1,25.41,1.73,5/7
GBPCAD,96,2.5,2.0,0.694,0.772,0.552,54,74.1,29.9,2.19,5/7
GBPCAD,96,2.5,3.0,0.694,0.772,0.552,54,74.1,29.9,2.19,5/7
GBPCAD,192,1.5,1.0,0.754,0.449,1.443,68,70.6,33.52,2.38,6/7
GBPCAD,192,1.5,2.0,0.679,0.365,1.443,66,71.2,32.73,2.13,6/7
GBPCAD,192,1.5,3.0,0.679,0.365,1.443,66,71.2,32.73,2.13,6/7
GBPCAD,192,2.0,1.0,0.793,0.569,1.225,54,74.1,40.0,2.54,6/7
GBPCAD,192,2.0,2.0,0.733,0.505,1.225,53,75.5,40.27,2.33,6/7
GBPCAD,192,2.0,3.0,0.733,0.505,1.225,53,75.5,40.27,2.33,6/7
EURGBP,12,1.5,1.0,0.399,0.389,0.45,533,64.5,2.37,1.25,6/7
EURGBP,12,1.5,2.0,0.429,0.489,0.312,494,66.4,2.71,1.35,5/7
EURGBP,12,1.5,3.0,0.318,0.366,0.222,485,66.2,2.13,1.0,5/7
EURGBP,12,2.0,1.0,0.465,0.983,-0.405,183,61.7,4.31,1.44,4/7
EURGBP,12,2.0,2.0,0.465,1.091,-0.507,177,65.5,4.59,1.44,3/7
EURGBP,12,2.0,3.0,0.441,1.098,-0.569,176,65.3,4.39,1.36,3/7
EURGBP,24,1.5,1.0,0.055,0.013,0.18,369,66.1,0.56,0.17,4/7
EURGBP,24,1.5,2.0,0.183,0.179,0.215,339,65.2,1.91,0.56,6/7
EURGBP,24,1.5,3.0,0.216,0.194,0.302,336,65.2,2.24,0.66,6/7
EURGBP,24,2.0,1.0,0.096,0.183,-0.15,208,66.3,1.67,0.3,5/7
EURGBP,24,2.0,2.0,0.161,0.357,-0.277,197,65.0,2.33,0.5,5/7
EURGBP,24,2.0,3.0,0.206,0.367,-0.167,197,65.0,2.93,0.63,5/7
EURGBP,24,2.5,1.0,-0.295,-0.046,-0.697,81,58.0,-6.62,-0.91,2/7
EURGBP,24,2.5,2.0,-0.284,-0.054,-0.689,79,57.0,-6.48,-0.87,3/7
EURGBP,24,2.5,3.0,-0.28,-0.062,-0.673,79,57.0,-6.36,-0.86,3/7
EURGBP,48,1.5,1.0,0.436,0.58,0.118,231,70.1,6.79,1.35,6/7
EURGBP,48,1.5,2.0,0.43,0.498,0.298,217,69.1,7.8,1.33,6/7
EURGBP,48,1.5,3.0,0.409,0.47,0.298,216,69.4,7.71,1.26,6/7
EURGBP,48,2.0,1.0,0.226,0.586,-0.74,152,66.4,4.67,0.69,3/7
EURGBP,48,2.0,2.0,0.229,0.415,-0.454,146,65.8,6.07,0.7,5/7
EURGBP,48,2.0,3.0,0.285,0.505,-0.454,146,65.8,6.96,0.88,5/7
EURGBP,48,2.5,1.0,0.249,0.498,-0.304,88,63.6,6.77,0.76,4/7
EURGBP,48,2.5,2.0,0.278,0.396,-0.044,84,63.1,9.15,0.85,5/7
EURGBP,48,2.5,3.0,0.238,0.337,-0.044,84,63.1,8.3,0.73,5/7
EURGBP,96,1.5,1.0,0.695,0.886,0.26,142,71.8,17.95,2.17,6/7
EURGBP,96,1.5,2.0,0.642,0.843,0.195,133,72.2,16.11,1.98,6/7
EURGBP,96,1.5,3.0,0.65,0.843,0.205,132,72.0,16.2,2.01,6/7
EURGBP,96,2.0,1.0,0.279,0.374,0.046,89,67.4,10.82,0.85,5/7
EURGBP,96,2.0,2.0,0.3,0.437,-0.015,84,67.9,11.07,0.92,5/7
EURGBP,96,2.0,3.0,0.301,0.437,-0.036,83,67.5,11.02,0.92,5/7
EURGBP,96,2.5,1.0,0.083,0.142,-0.108,51,66.7,5.41,0.25,5/7
EURGBP,192,1.5,1.0,0.879,0.828,1.139,83,77.1,30.03,2.79,7/7
EURGBP,192,1.5,2.0,0.872,0.76,1.32,79,77.2,29.7,2.78,7/7
EURGBP,192,1.5,3.0,0.872,0.76,1.32,79,77.2,29.7,2.78,7/7
EURGBP,192,2.0,1.0,0.695,0.578,1.206,52,76.9,33.0,2.19,6/7
EURGBP,192,2.0,2.0,0.67,0.526,1.206,50,76.0,31.24,2.11,6/7
EURGBP,192,2.0,3.0,0.67,0.526,1.206,50,76.0,31.24,2.11,6/7
GBPNZD,12,1.5,1.0,1.214,1.398,0.879,562,68.7,8.11,3.84,7/7
GBPNZD,12,1.5,2.0,1.192,1.445,0.741,528,69.3,8.54,3.76,6/7
GBPNZD,12,1.5,3.0,1.178,1.51,0.62,521,69.1,8.54,3.72,6/7
GBPNZD,12,2.0,1.0,0.91,1.268,0.229,148,67.6,11.7,2.85,6/7
GBPNZD,12,2.0,2.0,0.911,1.367,0.136,145,69.0,12.43,2.85,6/7
GBPNZD,12,2.0,3.0,0.91,1.371,0.127,145,69.0,12.47,2.85,6/7
GBPNZD,24,1.5,1.0,1.061,1.546,0.172,391,71.1,10.89,3.32,5/7
GBPNZD,24,1.5,2.0,1.047,1.568,0.059,362,71.8,11.65,3.27,4/7
GBPNZD,24,1.5,3.0,0.994,1.474,0.076,361,72.3,11.88,3.1,4/7
GBPNZD,24,2.0,1.0,0.66,1.064,-0.002,218,69.3,9.84,2.04,5/7
GBPNZD,24,2.0,2.0,0.732,1.148,0.034,207,70.5,11.63,2.27,5/7
GBPNZD,24,2.0,3.0,0.62,0.961,0.026,205,71.2,11.01,1.92,5/7
GBPNZD,24,2.5,1.0,0.524,1.109,-0.356,76,72.4,13.79,1.62,5/7
GBPNZD,24,2.5,2.0,0.399,0.77,-0.24,76,72.4,11.5,1.22,5/7
GBPNZD,24,2.5,3.0,0.335,0.82,-0.335,76,72.4,10.27,1.03,5/7
GBPNZD,48,1.5,1.0,0.758,1.043,0.175,240,71.2,14.44,2.37,6/7
GBPNZD,48,1.5,2.0,0.7,1.093,-0.033,219,72.6,15.1,2.19,5/7
GBPNZD,48,1.5,3.0,0.704,1.142,-0.05,217,72.8,15.31,2.2,5/7
GBPNZD,48,2.0,1.0,0.45,0.778,-0.175,147,68.0,11.22,1.39,5/7
GBPNZD,48,2.0,2.0,0.369,0.785,-0.296,137,68.6,10.19,1.13,5/7
GBPNZD,48,2.0,3.0,0.369,0.785,-0.29,137,68.6,10.24,1.14,5/7
GBPNZD,48,2.5,1.0,0.386,0.709,-0.162,78,67.9,14.1,1.18,5/7
GBPNZD,48,2.5,2.0,0.275,0.768,-0.379,76,68.4,11.03,0.84,4/7
GBPNZD,48,2.5,3.0,0.302,0.768,-0.343,76,68.4,11.89,0.92,4/7
GBPNZD,96,1.5,1.0,0.37,0.446,0.22,141,71.6,12.48,1.14,4/7
GBPNZD,96,1.5,2.0,0.332,0.388,0.22,130,71.5,12.4,1.02,4/7
GBPNZD,96,1.5,3.0,0.344,0.406,0.22,128,71.1,12.63,1.06,4/7
GBPNZD,96,2.0,1.0,0.54,0.593,0.45,95,70.5,22.82,1.66,6/7
GBPNZD,96,2.0,2.0,0.496,0.388,0.771,92,69.6,22.05,1.52,6/7
GBPNZD,96,2.0,3.0,0.515,0.413,0.771,92,69.6,22.59,1.58,6/7
GBPNZD,96,2.5,1.0,0.215,0.171,0.285,55,67.3,13.85,0.65,5/7
GBPNZD,96,2.5,2.0,0.208,0.045,0.55,54,66.7,14.09,0.63,6/7
GBPNZD,96,2.5,3.0,0.224,0.066,0.55,54,66.7,14.98,0.68,6/7
GBPNZD,192,1.5,1.0,0.52,0.284,1.146,81,66.7,27.14,1.59,6/7
GBPNZD,192,1.5,2.0,0.531,0.304,1.146,78,67.9,29.18,1.63,6/7
GBPNZD,192,1.5,3.0,0.531,0.304,1.146,78,67.9,29.18,1.63,6/7
GBPNZD,192,2.0,1.0,0.182,0.168,0.27,53,58.5,12.98,0.55,5/7
GBPNZD,192,2.0,2.0,0.143,0.114,0.27,51,56.9,10.62,0.43,4/7
GBPNZD,192,2.0,3.0,0.143,0.114,0.27,51,56.9,10.62,0.43,4/7
GBPCHF,12,1.5,1.0,0.235,0.125,0.431,524,64.1,1.89,0.74,5/7
GBPCHF,12,1.5,2.0,0.255,0.228,0.311,483,64.4,2.12,0.77,5/7
GBPCHF,12,1.5,3.0,0.235,0.154,0.405,478,64.2,1.97,0.71,5/7
GBPCHF,12,2.0,1.0,0.429,0.666,0.037,190,68.9,5.67,1.31,4/7
GBPCHF,12,2.0,2.0,0.484,0.886,-0.133,184,69.0,6.36,1.48,5/7
GBPCHF,12,2.0,3.0,0.522,0.863,-0.033,184,69.0,6.81,1.6,5/7
GBPCHF,24,1.5,1.0,-0.026,0.034,-0.159,364,65.1,-0.34,-0.08,3/7
GBPCHF,24,1.5,2.0,-0.03,0.037,-0.192,326,65.6,-0.44,-0.09,3/7
GBPCHF,24,1.5,3.0,-0.022,0.072,-0.212,323,65.6,-0.28,-0.07,3/7
GBPCHF,24,2.0,1.0,0.241,0.278,0.169,218,67.4,4.48,0.75,5/7
GBPCHF,24,2.0,2.0,0.204,0.206,0.216,205,68.8,4.3,0.63,5/7
GBPCHF,24,2.0,3.0,0.231,0.255,0.187,203,69.0,4.27,0.72,4/7
GBPCHF,24,2.5,1.0,-0.265,-0.253,-0.284,87,59.8,-6.55,-0.8,2/7
GBPCHF,24,2.5,2.0,-0.222,-0.264,-0.153,85,62.4,-5.9,-0.67,2/7
GBPCHF,24,2.5,3.0,-0.213,-0.233,-0.184,85,62.4,-5.56,-0.64,2/7
GBPCHF,48,1.5,1.0,0.104,0.3,-0.221,226,67.3,2.03,0.32,4/7
GBPCHF,48,1.5,2.0,-0.009,0.142,-0.316,207,66.2,-0.19,-0.03,4/7
GBPCHF,48,1.5,3.0,0.036,0.212,-0.316,206,66.5,0.8,0.11,4/7
GBPCHF,48,2.0,1.0,-0.103,0.092,-0.413,149,60.4,-2.63,-0.31,3/7
GBPCHF,48,2.0,2.0,-0.002,0.133,-0.281,141,61.0,-0.05,-0.01,3/7
GBPCHF,48,2.0,3.0,-0.001,0.135,-0.281,141,61.0,-0.01,-0.0,3/7
GBPCHF,48,2.5,1.0,-0.383,-0.662,0.079,78,57.7,-13.07,-1.16,1/7
GBPCHF,48,2.5,2.0,-0.265,-0.456,0.147,77,58.4,-10.82,-0.8,2/7
GBPCHF,48,2.5,3.0,-0.268,-0.457,0.147,77,58.4,-11.06,-0.81,2/7
GBPCHF,96,1.5,1.0,0.333,0.564,-0.234,130,70.8,11.88,1.02,4/7
GBPCHF,96,1.5,2.0,0.257,0.509,-0.288,122,72.1,8.96,0.79,4/7
GBPCHF,96,1.5,3.0,0.186,0.417,-0.342,119,71.4,6.84,0.57,3/7
GBPCHF,96,2.0,1.0,-0.102,-0.122,-0.063,83,63.9,-4.72,-0.31,3/7
GBPCHF,96,2.0,2.0,-0.026,0.069,-0.233,79,67.1,-1.29,-0.08,2/7
GBPCHF,96,2.0,3.0,-0.075,-0.007,-0.222,78,66.7,-3.65,-0.23,2/7
GBPCHF,96,2.5,1.0,-0.073,-0.15,0.1,52,61.5,-4.65,-0.22,3/7
GBPCHF,96,2.5,2.0,-0.096,-0.096,-0.097,51,62.7,-6.01,-0.29,3/7
GBPCHF,96,2.5,3.0,-0.09,-0.096,-0.08,51,62.7,-5.61,-0.27,3/7
GBPCHF,192,1.5,1.0,0.263,0.402,-0.053,70,75.7,15.56,0.8,4/7
GBPCHF,192,1.5,2.0,0.36,0.49,0.074,66,75.8,20.52,1.1,4/7
GBPCHF,192,1.5,3.0,0.36,0.49,0.074,66,75.8,20.52,1.1,4/7
AUDCHF,12,1.5,1.0,0.293,0.417,0.126,547,63.4,2.8,0.9,4/7
AUDCHF,12,1.5,2.0,0.251,0.285,0.195,505,64.8,2.72,0.78,4/7
AUDCHF,12,1.5,3.0,0.289,0.333,0.222,496,64.7,3.05,0.9,4/7
AUDCHF,12,2.0,1.0,0.398,0.394,0.403,173,67.6,6.83,1.21,5/7
AUDCHF,12,2.0,2.0,0.31,0.297,0.33,169,69.8,6.0,0.95,4/7
AUDCHF,12,2.0,3.0,0.382,0.41,0.341,168,69.6,7.17,1.17,4/7
AUDCHF,24,1.5,1.0,-0.209,-0.043,-0.496,375,64.3,-3.36,-0.65,2/7
AUDCHF,24,1.5,2.0,-0.079,0.028,-0.31,334,64.4,-1.37,-0.24,3/7
AUDCHF,24,1.5,3.0,-0.05,0.074,-0.295,331,64.4,-0.82,-0.15,3/7
AUDCHF,24,2.0,1.0,-0.174,0.091,-0.575,218,63.8,-4.01,-0.54,3/7
AUDCHF,24,2.0,2.0,-0.22,-0.084,-0.541,200,64.0,-5.69,-0.68,4/7
AUDCHF,24,2.0,3.0,-0.144,0.071,-0.56,200,64.0,-3.3,-0.45,4/7
AUDCHF,24,2.5,1.0,-0.294,-0.427,0.012,67,56.7,-11.9,-0.9,2/7
AUDCHF,24,2.5,2.0,-0.344,-0.405,-0.219,65,55.4,-18.73,-1.05,3/7
AUDCHF,24,2.5,3.0,-0.304,-0.336,-0.249,65,55.4,-12.86,-0.93,3/7
AUDCHF,48,1.5,1.0,0.077,0.105,0.023,228,65.8,1.96,0.24,3/7
AUDCHF,48,1.5,2.0,0.01,0.048,-0.057,205,63.9,0.28,0.03,3/7
AUDCHF,48,1.5,3.0,0.009,0.031,-0.036,204,64.2,0.25,0.03,3/7
AUDCHF,48,2.0,1.0,0.095,0.018,0.263,154,63.6,3.41,0.29,3/7
AUDCHF,48,2.0,2.0,0.074,0.065,0.089,146,63.7,2.66,0.23,4/7
AUDCHF,48,2.0,3.0,-0.003,-0.098,0.18,145,63.4,-0.12,-0.01,4/7
AUDCHF,48,2.5,1.0,-0.306,-0.576,0.221,76,60.5,-17.02,-0.91,3/7
AUDCHF,48,2.5,2.0,-0.267,-0.408,-0.028,74,60.8,-16.95,-0.8,3/7
AUDCHF,48,2.5,3.0,-0.254,-0.413,0.064,74,60.8,-16.01,-0.75,3/7
AUDCHF,96,1.5,1.0,-0.021,-0.176,0.348,133,68.4,-0.92,-0.06,3/7
AUDCHF,96,1.5,2.0,-0.04,-0.15,0.184,120,66.7,-1.69,-0.12,2/7
AUDCHF,96,1.5,3.0,-0.042,-0.152,0.184,119,67.2,-1.84,-0.13,2/7
AUDCHF,96,2.0,1.0,-0.172,-0.297,0.139,84,59.5,-11.53,-0.52,2/7
AUDCHF,96,2.0,2.0,-0.123,-0.194,0.021,80,60.0,-7.17,-0.37,2/7
AUDCHF,96,2.0,3.0,-0.154,-0.24,0.021,79,59.5,-9.16,-0.47,2/7
AUDCHF,96,2.5,1.0,-0.038,-0.171,0.32,51,58.8,-3.83,-0.11,3/7
AUDCHF,192,1.5,1.0,-0.141,-0.207,-0.022,75,65.3,-11.39,-0.43,4/7
AUDCHF,192,1.5,2.0,-0.168,-0.233,-0.044,68,66.2,-13.34,-0.5,4/7
AUDCHF,192,1.5,3.0,-0.157,-0.233,-0.008,68,66.2,-12.37,-0.47,4/7
AUDCHF,192,2.0,1.0,-0.107,-0.175,0.003,53,64.2,-9.65,-0.32,3/7
AUDCHF,192,2.0,2.0,-0.068,-0.137,0.055,50,66.0,-6.12,-0.2,4/7
AUDCHF,192,2.0,3.0,-0.068,-0.137,0.055,50,66.0,-6.12,-0.2,4/7
EURJPY,12,1.5,1.0,0.125,-0.206,0.749,545,59.8,1.06,0.39,4/7
EURJPY,12,1.5,2.0,0.205,-0.083,0.762,500,61.4,1.86,0.62,4/7
EURJPY,12,1.5,3.0,0.317,0.056,0.836,495,61.6,2.88,0.97,5/7
EURJPY,12,2.0,1.0,0.025,0.046,-0.016,172,58.7,0.37,0.08,3/7
EURJPY,12,2.0,2.0,-0.021,-0.031,0.0,166,59.0,-0.35,-0.07,3/7
EURJPY,12,2.0,3.0,-0.004,-0.045,0.095,163,58.9,-0.07,-0.01,3/7
EURJPY,24,1.5,1.0,0.351,0.169,0.668,379,65.7,4.48,1.11,5/7
EURJPY,24,1.5,2.0,0.402,0.203,0.779,346,67.1,5.56,1.25,5/7
EURJPY,24,1.5,3.0,0.425,0.206,0.848,339,67.3,6.0,1.32,5/7
EURJPY,24,2.0,1.0,0.339,0.315,0.389,220,63.2,6.0,1.03,6/7
EURJPY,24,2.0,2.0,0.214,0.164,0.313,206,63.1,4.1,0.65,5/7
EURJPY,24,2.0,3.0,0.253,0.188,0.383,204,63.7,5.06,0.77,6/7
EURJPY,24,2.5,1.0,0.163,0.394,-0.361,76,63.2,5.49,0.49,4/7
EURJPY,24,2.5,2.0,0.452,0.699,-0.1,75,65.3,13.15,1.37,5/7
EURJPY,24,2.5,3.0,0.308,0.586,-0.205,73,65.8,10.14,0.93,4/7
EURJPY,48,1.5,1.0,0.524,0.617,0.372,241,68.0,11.88,1.64,5/7
EURJPY,48,1.5,2.0,0.521,0.622,0.358,219,68.5,12.9,1.61,6/7
EURJPY,48,1.5,3.0,0.566,0.655,0.417,217,68.2,13.66,1.76,6/7
EURJPY,48,2.0,1.0,0.303,0.613,-0.206,161,67.1,8.96,0.93,5/7
EURJPY,48,2.0,2.0,0.473,0.885,-0.126,151,68.2,14.69,1.46,5/7
EURJPY,48,2.0,3.0,0.496,0.911,-0.152,150,68.0,14.89,1.53,5/7
EURJPY,48,2.5,1.0,0.112,0.399,-0.296,71,64.8,6.07,0.34,5/7
EURJPY,48,2.5,2.0,0.157,0.519,-0.284,69,65.2,9.08,0.47,4/7
EURJPY,48,2.5,3.0,0.152,0.519,-0.394,68,64.7,8.15,0.46,4/7
EURJPY,96,1.5,1.0,0.273,0.322,0.19,133,66.2,10.19,0.84,5/7
EURJPY,96,1.5,2.0,0.326,0.342,0.299,123,68.3,12.6,1.0,5/7
EURJPY,96,1.5,3.0,0.346,0.348,0.343,122,68.0,13.18,1.06,5/7
EURJPY,96,2.0,1.0,0.23,0.326,0.055,87,64.4,11.5,0.7,5/7
EURJPY,96,2.0,2.0,0.191,0.364,-0.103,79,63.3,10.01,0.58,5/7
EURJPY,96,2.0,3.0,0.208,0.364,-0.069,79,63.3,10.72,0.63,5/7
EURJPY,96,2.5,1.0,0.575,0.752,0.212,57,68.4,39.31,1.77,5/7
EURJPY,96,2.5,2.0,0.649,0.903,0.175,57,70.2,43.54,2.01,5/7
EURJPY,96,2.5,3.0,0.671,0.903,0.224,57,70.2,44.42,2.09,5/7
EURJPY,192,1.5,1.0,0.258,0.517,-0.079,73,67.1,14.86,0.79,3/7
EURJPY,192,1.5,2.0,0.272,0.599,-0.172,69,66.7,15.68,0.83,4/7
EURJPY,192,1.5,3.0,0.254,0.599,-0.239,68,66.2,14.53,0.77,3/7
EURJPY,192,2.0,1.0,0.386,0.738,-0.015,53,71.7,28.43,1.16,5/7
EURJPY,192,2.0,2.0,0.423,0.741,0.018,50,72.0,30.95,1.27,5/7
EURJPY,192,2.0,3.0,0.444,0.741,0.052,50,72.0,32.0,1.34,5/7
