time,0
2020-05-20,-33.5674605255671
2020-05-21,27.399537827828777
2020-05-22,26.478993534150312
2020-05-24,-8.568991426641809
2020-05-25,-1.3177123948120206
2020-05-26,-72.01872599046284
2020-05-27,-5.758378384698347
2020-05-28,-16.900854652019692
2020-05-29,-14.645872325161449
2020-05-31,0.45098324141035806
2020-06-01,-20.36557797258743
2020-06-02,-45.87217582874316
2020-06-03,-16.826405285224325
2020-06-04,22.80688549669113
2020-06-05,-44.65472162868553
2020-06-07,-2.369179508229358
2020-06-08,31.959803320774927
2020-06-09,12.362459227586575
2020-06-10,36.9337107870401
2020-06-11,-50.84635932729415
2020-06-12,-13.032865004814209
2020-06-14,-8.157545939375645
2020-06-15,41.16849484030543
2020-06-16,-24.274978859773718
2020-06-17,5.474225342283132
2020-06-18,-34.955400881341674
2020-06-19,-19.518957055359884
2020-06-21,-4.564485821841648
2020-06-22,83.17244094333569
2020-06-23,19.687953402146814
2020-06-24,-75.26114457368979
2020-06-25,2.8851268861571215
2020-06-26,-19.11926796212521
2020-06-28,0.22786160601714311
2020-06-29,-5.621925144408076
2020-06-30,22.011486751873562
2020-07-01,27.500125295365326
2020-07-02,3.5398018942553238
2020-07-03,9.988590138330402
2020-07-05,3.02736582222309
2020-07-06,25.726223193216075
2020-07-07,-19.252868021943655
2020-07-08,47.512010224801
2020-07-09,-21.973383930383527
2020-07-10,4.66366614262668
2020-07-12,2.518646150158382
2020-07-13,-19.932845067682006
2020-07-14,25.888268242346967
2020-07-15,15.550605725998249
2020-07-16,-33.49824820053028
2020-07-17,29.987859300047912
2020-07-19,4.654743729356099
2020-07-20,20.670043465822147
2020-07-21,77.13417392248168
2020-07-22,6.174064562582203
2020-07-23,9.113629472311443
2020-07-24,36.806025394305365
2020-07-26,-0.5746109055718405
2020-07-27,66.60745710530485
2020-07-28,-6.396214103129955
2020-07-29,29.11280523430052
2020-07-30,44.481805173747574
2020-07-31,-64.470828757986
2020-08-02,4.296094860317735
2020-08-03,-21.77587551644907
2020-08-04,49.18061384237552
2020-08-05,27.861240437452597
2020-08-06,3.8671441589831823
2020-08-07,-64.54200671043989
2020-08-09,-1.7885772941383513
2020-08-10,-5.655664918245011
2020-08-11,-13.838638510560077
2020-08-12,24.460109078009793
2020-08-13,1.9742240517634206
2020-08-14,8.491517369428935
2020-08-16,9.877363648046963
2020-08-17,23.29004702095404
2020-08-18,67.92206047596578
2020-08-19,-88.28132587367148
2020-08-20,35.97940253177485
2020-08-21,-37.7354475782799
2020-08-23,-2.9103431176935546
2020-08-24,-10.346868459404131
2020-08-25,28.43401639197787
2020-08-26,43.895081253341154
2020-08-27,-9.65443528016569
2020-08-28,87.79077051524747
2020-08-30,4.322788604347459
2020-08-31,4.010210191331108
2020-09-01,-2.7049153007460403
2020-09-02,-28.902027166182876
2020-09-03,-46.490998941848886
2020-09-04,16.243957542640967
2020-09-06,-8.560894115397932
2020-09-07,-20.705131334275862
2020-09-08,-70.05615360925289
2020-09-09,48.65806734618948
2020-09-10,-20.187924112654418
2020-09-11,13.348232807201375
2020-09-13,1.9893484863728468
2020-09-14,17.124723696556114
2020-09-15,3.4864929824341555
2020-09-16,3.20979746023514
2020-09-17,30.02853485795679
2020-09-18,-21.749140742144213
2020-09-20,5.049911500375301
2020-09-21,-68.07317129732274
2020-09-22,-43.96391739153598
2020-09-23,-59.73026600786131
2020-09-24,0.7660190823324721
2020-09-25,-21.499223109347675
2020-09-27,5.1056262018976115
2020-09-28,37.85993300993423
2020-09-29,20.773430040424415
2020-09-30,16.95092745458432
2020-10-01,10.425334136049413
2020-10-02,-3.396809434878965
2020-10-04,2.8740492885368982
2020-10-05,24.90618515597187
2020-10-06,-47.14095697767276
2020-10-07,8.342746142501728
2020-10-08,15.629318960816212
2020-10-09,66.73868382038702
2020-10-11,-8.349418383413427
2020-10-12,10.64002901597898
2020-10-13,-41.655535142623854
2020-10-14,14.41072274170135
2020-10-15,-45.44524631064781
2020-10-16,4.977340540299188
2020-10-18,4.417917590248207
2020-10-19,5.440187702996248
2020-10-20,20.15669165727233
2020-10-21,49.88617488647323
2020-10-22,-6.654421737412508
2020-10-23,19.938498502918108
2020-10-25,-6.272280949144249
2020-10-26,-27.6400763574252
2020-10-27,8.052253167642585
2020-10-28,-38.54013977416501
2020-10-29,-34.19031677473976
2020-10-30,-12.15696927297698
2020-11-01,-12.772448346690853
2020-11-02,8.35462047417871
2020-11-03,55.324999675792476
2020-11-04,-19.728796438388912
2020-11-05,61.16253562130259
2020-11-06,27.047546050295438
2020-11-08,12.1431574068316
2020-11-09,-68.4366729863521
2020-11-10,-0.8840563402905978
2020-11-11,-2.1763665211549945
2020-11-12,-27.24624880018402
2020-11-13,28.740841695934442
2020-11-15,11.80979026569517
2020-11-16,21.74373278235162
2020-11-17,0.36572099007922354
2020-11-18,6.976598687566142
2020-11-19,-1.6683070556699795
2020-11-20,10.158098731135185
2020-11-22,10.078773883832959
2020-11-23,-18.55499974954535
2020-11-24,45.24392919890251
2020-11-25,13.872252038310418
2020-11-26,-3.0438634216325866
2020-11-27,23.67817826108368
2020-11-29,9.012334026301437
2020-11-30,-24.03962557102956
2020-12-01,63.42602775979679
2020-12-02,13.457872653509492
2020-12-03,38.91147503838911
2020-12-04,-5.995872847305609
2020-12-06,-2.519440174095072
2020-12-07,-8.620031441373868
2020-12-08,0.08296901042442134
2020-12-09,-9.159871360585438
2020-12-10,47.22820800295625
2020-12-11,-19.670882699811354
2020-12-13,22.256295395929683
2020-12-14,-1.2528116824128217
2020-12-15,32.723709768139386
2020-12-16,12.464521363860747
2020-12-17,35.86366546522383
2020-12-18,-11.134449495344155
2020-12-20,-37.440296674331506
2020-12-21,0.96302540766978
2020-12-22,-31.50300040127608
2020-12-23,26.90934527696209
2020-12-24,-6.06239112370171
2020-12-25,9.717383823535851
2020-12-27,6.248858354768746
2020-12-28,-10.713254390566133
2020-12-29,29.21284745729513
2020-12-30,56.518657667876084
2020-12-31,-19.163827201297828
2021-01-03,13.296063019065425
2021-01-04,-14.913079754898419
2021-01-05,62.48281443641077
2021-01-06,12.903892199569018
2021-01-07,-58.48945779154388
2021-01-08,-14.725785541471968
2021-01-10,-31.441297662185498
2021-01-11,-19.728443598119455
2021-01-12,56.87456567413132
2021-01-13,-19.212964608635843
2021-01-14,12.452025096872902
2021-01-15,-54.150811172470554
2021-01-17,-16.75327001943763
2021-01-18,12.516643121838275
2021-01-19,23.8648976581091
2021-01-20,26.921890754308496
2021-01-21,23.104999387038823
2021-01-22,-28.60629796742263
2021-01-24,-0.6767209277293218
2021-01-25,-6.629435882229126
2021-01-26,29.568455486104437
2021-01-27,-69.6206904364495
2021-01-28,11.819032324805654
2021-01-29,-8.614542979196411
2021-01-31,-12.523874552978885
2021-02-01,-27.239480660201803
2021-02-02,-6.41016442680775
2021-02-03,6.92192571353767
2021-02-04,-48.181396724272474
2021-02-05,53.432770106887254
2021-02-07,-0.0888294513813509
2021-02-08,13.56574537105359
2021-02-09,49.703977070172385
2021-02-10,1.5162846169789728
2021-02-11,6.808209934553177
2021-02-12,4.7953383389370305
2021-02-14,4.608502025685105
2021-02-15,26.35480101329212
2021-02-16,-23.140184234998486
2021-02-17,-16.119441006255435
2021-02-18,27.690988094899996
2021-02-19,36.75296681331372
2021-02-21,9.25357005381842
2021-02-22,9.432964529757747
2021-02-23,-2.487687865943302
2021-02-24,50.3239856728632
2021-02-25,-53.47265023033583
2021-02-26,-75.0484074411107
2021-02-28,22.34497228582104
2021-03-01,-9.887402447338452
2021-03-02,15.611565882701813
2021-03-03,-16.677609629028108
2021-03-04,2.861355879880705
2021-03-05,-7.8128129680628575
2021-03-07,10.059779705813941
2021-03-08,-10.617560899275063
2021-03-09,8.950799798708381
2021-03-10,16.202149743885325
2021-03-11,30.110185109215376
2021-03-12,2.035815685806001
2021-03-14,4.783550159694648
2021-03-15,-3.1793010127352455
2021-03-16,1.4808339219385172
2021-03-17,12.000918157434302
2021-03-18,-19.158488219410046
2021-03-19,-4.783779428094312
2021-03-21,-6.776406545502517
2021-03-22,-13.834596997052026
2021-03-23,-44.05834868011799
2021-03-24,1.6366558558117488
2021-03-25,19.87981414403138
2021-03-26,25.3814988232009
2021-03-28,2.2394623946057814
2021-03-29,2.404890902270358
2021-03-30,11.153646735459363
2021-03-31,22.961312792296084
2021-04-01,-7.134831178036222
2021-04-02,-0.41419666122551013
2021-04-04,-0.019328303808884784
2021-04-05,-10.619734386096543
2021-04-06,-36.55735643212111
2021-04-07,-15.655062412886739
2021-04-08,-18.353491653237015
2021-04-09,8.443319220581227
2021-04-11,3.0879158530781616
2021-04-12,-12.345591072689256
2021-04-13,-18.426995474761792
2021-04-14,-16.924590385363807
2021-04-15,-13.768775010530259
2021-04-16,13.326180145914273
2021-04-18,4.637561780566759
2021-04-19,-28.072209063480805
2021-04-20,-3.8242729113473466
2021-04-21,2.2017278680909698
2021-04-22,9.993197502404254
2021-04-23,-26.694635750046466
2021-04-25,-0.17525625439801784
2021-04-26,9.501578139594296
2021-04-27,6.363845323936495
2021-04-28,-10.150243472411816
2021-04-29,10.6389621504095
2021-04-30,21.112482508064097
2021-05-02,-0.2507572252261425
2021-05-03,-1.6909312370969172
2021-05-04,9.375408660329533
2021-05-05,15.121436664016656
2021-05-06,-4.6648511779492114
2021-05-07,-12.508421658338307
2021-05-09,9.516244180211764
2021-05-10,6.218683541429023
2021-05-11,2.906754984142764
2021-05-12,-17.965727225602397
2021-05-13,-14.57190502171443
2021-05-14,26.626980144952785
2021-05-16,0.0730320980901702
2021-05-17,1.8515721291154488
2021-05-18,19.187191548957802
2021-05-19,-46.443886738958774
2021-05-20,39.180998278094336
2021-05-21,-17.688898596606663
2021-05-23,-1.5425834417742172
2021-05-24,16.96980698687905
2021-05-25,2.7478828871345575
2021-05-26,-9.430428510315938
2021-05-27,31.429099649540728
2021-05-28,-14.475626459662955
2021-05-30,-3.3516363719191498
2021-05-31,18.72364291468856
2021-06-01,-10.211391749434032
2021-06-02,0.3264399715419666
2021-06-03,-47.73739921998711
2021-06-04,30.56661954439192
2021-06-06,0.7816094184479786
2021-06-07,4.360268717415925
2021-06-08,-12.318774359868648
2021-06-09,-3.2658506096104913
2021-06-10,12.264943802110796
2021-06-11,-40.31013649949186
2021-06-13,3.8616440138567407
2021-06-14,5.378833207560957
2021-06-15,-12.372825705930964
2021-06-16,-67.62861044709445
2021-06-17,-45.98673651630157
2021-06-18,-48.16214892217376
2021-06-20,-1.7860880920719864
2021-06-21,26.814342925841444
2021-06-22,10.366076995993406
2021-06-23,1.4830708422008145
2021-06-24,-12.884781653188075
2021-06-25,-2.88360596734955
2021-06-27,3.8624054083864654
2021-06-28,-9.650646609232016
2021-06-29,7.662926969288255
2021-06-30,11.93706773117724
2021-07-01,6.421109400296564
2021-07-02,-4.6163423486865875
2021-07-04,2.5042814732611234
2021-07-05,-15.159187166156538
2021-07-06,9.61203246812298
2021-07-07,7.058409679181286
2021-07-08,-25.820010488317042
2021-07-09,-21.74479885992453
2021-07-11,1.8940135303112384
2021-07-12,11.39723587741748
2021-07-13,52.96126795953272
2021-07-14,-52.10991992220572
2021-07-15,28.897077474355925
2021-07-16,23.249618033239358
2021-07-18,-3.103658440580046
2021-07-19,39.58717718796342
2021-07-20,9.127803784764254
2021-07-21,-27.960526578857422
2021-07-22,-10.52102228273288
2021-07-23,12.06587289915797
2021-07-25,-1.4901423049950464
2021-07-26,-30.515077271517015
2021-07-27,-5.147900555092593
2021-07-28,-21.013440263711438
2021-07-29,-44.250794544485125
2021-07-30,29.91520834663407
2021-08-01,2.4557300242986093
2021-08-02,-11.151933407888498
2021-08-03,-14.939890149142535
2021-08-04,14.271412956843065
2021-08-05,-7.970863444597895
2021-08-06,27.138392816397467
2021-08-08,9.982870635860015
2021-08-09,-2.550332737737777
2021-08-10,-4.5282314873900935
2021-08-11,-19.617246841075094
2021-08-12,17.83406016077329
2021-08-13,-28.368298338275387
2021-08-15,3.020305027507392
2021-08-16,17.885966630356705
2021-08-17,60.28851500323822
2021-08-18,17.269089615789877
2021-08-19,60.105328385665366
2021-08-20,-7.952201428961344
2021-08-22,2.728940149161531
2021-08-23,-66.67251051956586
2021-08-24,-16.042100472225677
2021-08-25,-11.850904641757706
2021-08-26,35.61580194059645
2021-08-27,-53.33193498313346
2021-08-29,-0.8935673178587651
2021-08-30,15.970846834216275
2021-08-31,-11.681090801703832
2021-09-01,-13.664289320288466
2021-09-02,-31.631466703620667
2021-09-03,-23.827939114188144
2021-09-05,3.098419870470383
2021-09-06,9.361130730494608
2021-09-07,46.994542406825
2021-09-08,13.118523684556765
2021-09-09,-30.85009375868353
2021-09-10,9.642219735082799
2021-09-12,-1.9116767152816112
2021-09-13,5.627285460239798
2021-09-14,7.034139501178398
2021-09-15,-27.869245758099524
2021-09-16,51.507591599326716
2021-09-17,31.519110247024486
2021-09-19,-0.21890342235980315
2021-09-20,-6.071782442606999
2021-09-21,-6.137836958591679
2021-09-22,-0.1486218436452894
2021-09-23,-41.52743953903686
2021-09-24,-2.141927548843306
2021-09-26,0.1143519931060783
2021-09-27,-4.87359079553699
2021-09-28,34.11873679317579
2021-09-29,44.993328034867986
2021-09-30,-27.38657324703528
2021-10-01,-36.27053611619658
2021-10-03,-11.371506867217262
2021-10-04,-21.47772587114737
2021-10-05,15.812267710291302
2021-10-06,15.341214448060782
2021-10-07,-10.831800071591882
2021-10-08,-2.3713645605844507
2021-10-10,8.719725621885711
2021-10-11,6.763650987279085
2021-10-12,17.74860665080007
2021-10-13,-54.477165008515726
2021-10-14,-13.21750518171472
2021-10-15,-13.941403981959578
2021-10-17,2.057584081122381
2021-10-18,-1.2311023264503997
2021-10-19,-25.642078573681392
2021-10-20,-31.534678915782568
2021-10-21,18.472482952202064
2021-10-22,-8.843838616833594
2021-10-24,3.823419980912081
2021-10-25,9.018899818177573
2021-10-26,1.6160377291771926
2021-10-27,-3.2344102914184805
2021-10-28,-22.221625013187314
2021-10-29,31.186805119307493
2021-10-31,4.060119866971265
2021-11-01,-13.027238511549562
2021-11-02,-15.920267815091643
2021-11-03,1.9449081387971265
2021-11-04,-13.02847932334325
2021-11-05,-7.6504346463890895
2021-11-07,0.3205853275041908
2021-11-08,-1.7460195357052264
2021-11-09,-12.49645646123215
2021-11-10,8.05481846326191
2021-11-11,-27.205088751783503
2021-11-12,9.887222738380558
2021-11-14,3.005341158704755
2021-11-15,12.215825203919838
2021-11-16,-14.748919552179853
2021-11-17,-24.004697912129565
2021-11-18,7.804671162100719
2021-11-19,-15.831159595756848
2021-11-21,0.2131719982392628
2021-11-22,-3.4732695730730656
2021-11-23,10.757799503983591
2021-11-24,7.496597047141325
2021-11-25,-1.1088950662716064
2021-11-26,-70.92933669692032
2021-11-28,-7.0154464278177615
2021-11-29,1.7879129276958479
2021-11-30,-2.368742672051276
2021-12-01,11.502738552547589
2021-12-02,4.444261180909963
2021-12-03,37.458517172388774
2021-12-05,-2.2096944679774233
2021-12-06,1.7910436415190116
2021-12-07,-30.42862630541962
2021-12-08,-17.84901511676288
2021-12-09,17.98155308149511
2021-12-10,-18.752464961911596
2021-12-12,6.514138262874632
2021-12-13,36.37727902557146
2021-12-14,17.361864378588496
2021-12-15,-25.698395638606875
2021-12-16,-40.18909866612621
2021-12-17,63.99233413522821
2021-12-19,1.1578358495690102
2021-12-20,6.616465534614569
2021-12-21,-17.14456063611926
2021-12-22,-40.701118831697684
2021-12-23,-7.279780267969879
2021-12-24,0.7457136058777536
2021-12-26,-3.2736583884189288
2021-12-27,-2.037501843252068
2021-12-28,7.178683695895758
2021-12-29,-26.966321472842907
2021-12-30,6.099851943911959
2021-12-31,-19.027064445529856
2022-01-02,2.626507654042138
2022-01-03,30.48470931815134
2022-01-04,5.684491102316675
2022-01-05,1.1748607552515025
2022-01-06,7.223365122606638
2022-01-07,-32.73886713878715
2022-01-09,2.599975753588913
2022-01-10,-14.477793403404046
2022-01-11,-21.20198009191135
2022-01-12,-44.95553707457195
2022-01-13,-9.960890443619489
2022-01-14,32.26355670020428
2022-01-16,0.5753962276877498
2022-01-17,8.730712545580191
2022-01-18,5.232294487560847
2022-01-19,-6.314596543650794
2022-01-20,-1.502281998511621
2022-01-21,12.385831059046497
2022-01-23,-0.5630478166092701
2022-01-24,-4.380727548508725
2022-01-25,1.5259984495268855
2022-01-26,14.561163842755441
2022-01-27,19.69466358170005
2022-01-28,10.610845037429856
2022-01-30,-0.4922873848228987
2022-01-31,-12.215802505362149
2022-02-01,-8.96224682748001
2022-02-02,5.410741333810165
2022-02-03,-16.56338413130861
2022-02-04,-10.003201811993781
2022-02-06,2.8273301903488495
2022-02-07,-17.735228646701543
2022-02-08,8.436124643171226
2022-02-09,-12.64403307309546
2022-02-10,24.118497192923748
2022-02-11,7.34491950396902
2022-02-13,-3.917597115686445
2022-02-14,7.5316261025923446
2022-02-15,-7.244871091378055
2022-02-16,-22.395447007296063
2022-02-17,-4.837862402134343
2022-02-18,12.8624116920152
2022-02-20,0.40414486727660937
2022-02-21,-15.808837593764435
2022-02-22,1.6106924368350182
2022-02-23,-22.206150248899156
2022-02-24,42.91441667184117
2022-02-25,-42.14064383488436
2022-02-27,31.881124475262972
2022-02-28,-54.91502620652622
2022-03-01,3.462730549178332
2022-03-02,7.4114941924054865
2022-03-03,-12.71796684051905
2022-03-04,-17.040920125508784
2022-03-06,5.8782401632524035
2022-03-07,53.803363185545535
2022-03-08,37.029863340134085
2022-03-09,-41.302449041844824
2022-03-10,21.250287645593666
2022-03-11,45.445262910221004
2022-03-13,-1.1668443698369528
2022-03-14,27.165742422216866
2022-03-15,-9.922402592605552
2022-03-16,-13.549055223092099
2022-03-17,-30.93322886544293
2022-03-18,4.2465814613143635
2022-03-20,8.759708947388946
2022-03-21,1.5195976093490595
2022-03-22,36.23166819748731
2022-03-23,5.11511224601192
2022-03-24,8.549641294964774
2022-03-25,-3.0000351794796347
2022-03-27,3.181434282660311
2022-03-28,12.801123306007701
2022-03-29,-10.475064822192378
2022-03-30,-39.15912510243158
2022-03-31,-4.1529494646205265
2022-04-01,17.739901955944998
2022-04-03,-4.4985855765148495
2022-04-04,29.497382105843048
2022-04-05,33.1062407373106
2022-04-06,-19.502558582709693
2022-04-07,-1.6181909413019167
2022-04-08,-0.24838368004852107
2022-04-10,-6.135401563108612
2022-04-11,-12.175648607726089
2022-04-12,23.66122527854406
2022-04-13,-21.72211878840942
2022-04-14,23.593430336600644
2022-04-15,-0.44858492107668635
2022-04-17,-0.750893496445556
2022-04-18,9.366011188010539
2022-04-19,36.49411467024987
2022-04-20,6.16157340467756
2022-04-21,-21.768399575256815
2022-04-22,-13.126554634155799
2022-04-24,-6.464523981258967
2022-04-25,13.705710590749062
2022-04-26,10.337409857247502
2022-04-27,31.251124313918144
2022-04-28,50.93880392955004
2022-04-29,-26.112368206311196
2022-05-01,4.6470979501861995
2022-05-02,16.811466249295698
2022-05-03,6.5740633485152955
2022-05-04,-58.43463813016732
2022-05-05,125.43228647295369
2022-05-06,31.508976872893278
2022-05-08,15.534968225154508
2022-05-09,35.85161387434178
2022-05-10,26.002661455731722
2022-05-11,-0.7848526227743291
2022-05-12,52.47694911295441
2022-05-13,-41.9565749112389
2022-05-15,4.256816363315356
2022-05-16,-32.72169172696232
2022-05-17,-67.19496778504706
2022-05-18,31.098095829201597
2022-05-19,-94.86587306350847
2022-05-20,1.921810626864774
2022-05-22,-9.666229042342314
2022-05-23,-49.86096697554955
2022-05-24,-25.397438853768737
2022-05-25,5.315649166337786
2022-05-26,-22.60351234726604
2022-05-27,-29.78708107918655
2022-05-29,5.955561285712992
2022-05-30,-20.137009914806267
2022-05-31,29.021277888581746
2022-06-01,60.112842723637826
2022-06-02,-79.95885840367497
2022-06-03,53.26701456527465
2022-06-05,-1.3150125987558796
2022-06-06,37.33219563575392
2022-06-07,-11.543427373317886
2022-06-08,42.388281123682916
2022-06-09,72.16636985021694
2022-06-10,72.80782255535756
2022-06-12,18.98332542201353
2022-06-13,45.61893101375064
2022-06-14,39.14659522050385
2022-06-15,-68.21593053332546
2022-06-16,-127.5124241307778
2022-06-17,89.91608769777861
2022-06-19,-5.506827393491596
2022-06-20,-19.179452684253828
2022-06-21,4.477069322138638
2022-06-22,9.968056815435776
2022-06-23,-2.7292899291861366
2022-06-24,-37.082493875249625
2022-06-26,-4.155487786348292
2022-06-27,6.280960233126024
2022-06-28,41.12919600070956
2022-06-29,30.45418649350104
2022-06-30,-23.922682378353365
2022-07-01,40.422164281855615
2022-07-03,-4.198539708699196
2022-07-04,-7.240561436991899
2022-07-05,107.03716249778603
2022-07-06,27.784152333731146
2022-07-07,-33.44052726094078
2022-07-08,-6.5549182285473595
2022-07-10,12.412216722517012
2022-07-11,87.27311631189949
2022-07-12,-2.0344341150239043
2022-07-13,9.00607780639534
2022-07-14,24.618979895699898
2022-07-15,-51.23115656116029
2022-07-17,-19.542733092827486
2022-07-18,-3.027565803487459
2022-07-19,-78.4626458228744
2022-07-20,23.382332631900365
2022-07-21,-44.83428162932654
2022-07-22,-18.80914790259349
2022-07-24,19.29973411714917
2022-07-25,-30.360039734048208
2022-07-26,23.746354934192546
2022-07-27,-60.05326778094203
2022-07-28,-36.41739499791554
2022-07-29,-20.078276123942842
2022-07-31,15.416147350819108
2022-08-01,-56.54942999119867
2022-08-02,111.19667164177429
2022-08-03,-10.325356726956075
2022-08-04,-45.307083296958766
2022-08-05,78.84451843144195
2022-08-07,8.178939210037267
2022-08-08,-58.03943000703976
2022-08-09,15.215447506962603
2022-08-10,-88.31140943045031
2022-08-11,-7.451126583385314
2022-08-12,17.012082473017088
2022-08-14,1.5608149651141239
2022-08-15,65.4481889530289
2022-08-16,-10.907959872345229
2022-08-17,43.477816258446325
2022-08-18,38.94952057647819
2022-08-19,51.33496574257639
2022-08-21,2.209722201416999
2022-08-22,24.50175808780461
2022-08-23,-45.292003706821816
2022-08-24,12.661219530356384
2022-08-25,-23.33920877990849
2022-08-26,56.280492155951535
2022-08-28,23.25732947823378
2022-08-29,-33.25738601611914
2022-08-30,18.11478343414171
2022-08-31,15.425075146300497
2022-09-01,33.87234999921926
2022-09-02,-4.4852975779127
2022-09-04,19.685849383395702
2022-09-05,-15.325521036384524
2022-09-06,59.25211152352257
2022-09-07,-2.317645103060065
2022-09-08,1.5621857497820046
2022-09-09,-57.457290049970105
2022-09-11,-21.464861884525437
2022-09-12,-49.02281761303052
2022-09-13,156.56568384521944
2022-09-14,-24.262485428970376
2022-09-15,48.45213465161742
2022-09-16,-10.217462707127368
2022-09-18,-7.460831750449961
2022-09-19,4.773527531806687
2022-09-20,54.80715649006359
2022-09-21,92.92870330698528
2022-09-22,-14.911971349158888
2022-09-23,150.84588404562965
2022-09-25,10.22540339308637
2022-09-26,85.28921733522075
2022-09-27,24.394858061611433
2022-09-28,-98.90179313534175
2022-09-29,-56.9774745284894
2022-09-30,102.02783565095079
2022-10-02,-13.560065236750539
2022-10-03,-67.08701887363405
2022-10-04,-85.54228334149394
2022-10-05,34.59612606334575
2022-10-06,114.39577756268132
2022-10-07,40.901981799480524
2022-10-09,6.5746031146933195
2022-10-10,38.064189109010925
2022-10-11,17.59223283485458
2022-10-12,0.2581780606051094
2022-10-13,-22.425028939072128
2022-10-14,89.63665820726281
2022-10-16,-21.30809032614512
2022-10-17,-68.1836448425078
2022-10-18,-7.08235364740089
2022-10-19,70.16735766334469
2022-10-20,0.617710736822616
2022-10-21,-126.05950209942317
2022-10-23,1.2564772361362762
2022-10-24,42.26806478888345
2022-10-25,-72.2180178499445
2022-10-26,-123.91680542728172
2022-10-27,49.697569380955436
2022-10-28,32.99694922654957
2022-10-30,14.008350451435604
2022-10-31,34.87731857962078
2022-11-01,-12.584159385437175
2022-11-02,55.9035030707511
2022-11-03,74.05252149030645
2022-11-04,-204.8697505747524
2022-11-06,33.07912995684462
2022-11-07,-65.05353145078718
2022-11-08,-56.02814466623577
2022-11-09,80.15983137654983
2022-11-10,-221.1931252039649
2022-11-11,-157.5201545870819
2022-11-13,28.08347494570735
2022-11-14,21.029559708615643
2022-11-15,-66.01609419433215
2022-11-16,25.57261641113012
2022-11-17,36.590549724519114
2022-11-18,-0.3876890114046674
2022-11-20,-6.135680389934437
2022-11-21,54.92487914274037
2022-11-22,-26.152806511102533
2022-11-23,-8.992761468041355
2022-11-24,-11.0296560862059
2022-11-25,3.345584749937145
2022-11-27,-2.32673044065153
2022-11-28,-10.460723657994532
2022-11-29,3.0947181571998215
2022-11-30,32.612745658616205
2022-12-01,78.91422738766555
2022-12-02,19.374606685519968
2022-12-04,1.0043063309122224
2022-12-05,-58.335539394936575
2022-12-06,-6.382492660557658
2022-12-07,33.1230031800157
2022-12-08,20.806319362572516
2022-12-09,20.90800206440771
2022-12-11,-14.476125834838005
2022-12-12,-9.808119492827009
2022-12-13,68.33912060391236
2022-12-14,28.218721289587865
2022-12-15,-88.84640402794628
2022-12-16,-10.119164742058441
2022-12-18,-0.9580179424148079
2022-12-19,8.507869548904388
2022-12-20,40.76577610713396
2022-12-21,-22.94374711276339
2022-12-22,-24.105490844563242
2022-12-23,3.3789251814029804
2022-12-25,3.7305354524992316
2022-12-26,10.46575495565884
2022-12-27,-17.182540056417515
2022-12-28,19.497580596682674
2022-12-29,25.72825006632486
2022-12-30,26.444394522702794
2023-01-01,6.810828574771444e-05
2023-01-02,-10.146626017261791
2023-01-03,-72.88927951973125
2023-01-04,22.55386901784409
2023-01-05,-65.40917844143827
2023-01-06,96.46990501006458
2023-01-08,14.456598212963938
2023-01-09,28.135181084624932
2023-01-10,-4.584494290536118
2023-01-11,-8.316395639109809
2023-01-12,54.49291600328907
2023-01-13,12.419255990403796
2023-01-15,-3.386235380211811
2023-01-16,-0.7040834444012409
2023-01-17,23.135742344031073
2023-01-18,-1.8978954058068984
2023-01-19,0.9546247421193765
2023-01-20,22.00674694450323
2023-01-22,9.566518774046365
2023-01-23,-8.783845893879871
2023-01-24,4.312011281945316
2023-01-25,37.25471834497621
2023-01-26,-2.990675597110231
2023-01-27,-7.54794241678364
2023-01-29,2.136237226372205
2023-01-30,-46.0873147893888
2023-01-31,13.645910254253534
2023-02-01,97.97160773194456
2023-02-02,-77.3330699681594
2023-02-03,-142.97757198764177
2023-02-05,-11.76410428078293
2023-02-06,-32.41989091460815
2023-02-07,50.48371250062391
2023-02-08,-17.674725349909217
2023-02-09,9.460586446001827
2023-02-10,-8.03044236851882
2023-02-12,-4.748281271942202
2023-02-13,42.59984727675585
2023-02-14,-9.905425877681711
2023-02-15,-64.30711011704895
2023-02-16,-43.95824470383351
2023-02-17,17.08014799806004
2023-02-19,-10.518775595969336
2023-02-20,18.462618527021387
2023-02-21,-36.48959817338942
2023-02-22,-27.374972311497164
2023-02-23,-4.1534999676125235
2023-02-24,-77.83601039825359
2023-02-26,4.597692069026755
2023-02-27,35.24182165355824
2023-02-28,-25.39123140926906
2023-03-01,47.52154453727604
2023-03-02,-41.001309153817736
2023-03-03,42.27506136453044
2023-03-05,-12.77092755514032
2023-03-06,15.21736511840507
2023-03-07,-89.36101905622911
2023-03-08,15.346706650226004
2023-03-09,40.73296436556089
2023-03-10,20.044045588189288
2023-03-12,-19.128553653891085
2023-03-13,6.282857030737663
2023-03-14,-30.681523273009418
2023-03-15,-11.437120346450596
2023-03-16,-18.85733595355299
2023-03-17,-28.677385320698747
2023-03-19,-2.723429278675791
2023-03-20,-16.50122370273047
2023-03-21,54.843683487191356
2023-03-22,15.385738765084813
2023-03-23,-2.5815258796522413
2023-03-24,2.0084265554252325
2023-03-26,-2.2035864001515963
2023-03-27,-1.7909316477120831
2023-03-28,-26.7829790246797
2023-03-29,-5.402606660997564
2023-03-30,-5.675909610217512
2023-03-31,-5.797581122383016
2023-04-02,-9.444620944849737
2023-04-03,-10.100654139565528
2023-04-04,34.60539644795638
2023-04-05,2.10668195415102
2023-04-06,23.3196262025627
2023-04-07,-6.4417084253524255
2023-04-09,1.9324733023154348
2023-04-10,-20.467698971826117
2023-04-11,16.1189855150077
2023-04-12,17.615375355633795
2023-04-13,-20.641687732717603
2023-04-14,-9.976011604056785
2023-04-16,-7.027441343390463
2023-04-17,-22.830593706152097
2023-04-18,11.051765740203837
2023-04-19,-13.697889899802888
2023-04-20,9.427914798782988
2023-04-21,7.4159622895839465
2023-04-23,-0.4899603335296497
2023-04-24,18.93615054580144
2023-04-25,-33.698902402548235
2023-04-26,21.61289733979927
2023-04-27,-2.6391601807131906
2023-04-28,36.963812579967474
2023-04-30,-1.18069465598291
2023-05-01,-8.413055809646586
2023-05-02,-26.104784063066475
2023-05-03,26.797976557482173
2023-05-04,-17.567241299154112
2023-05-05,13.761109483483914
2023-05-07,0.20271431753749836
2023-05-08,-15.599003022963878
2023-05-09,-0.23580275241998616
2023-05-10,-12.424777431499038
2023-05-11,-19.760162553461637
2023-05-12,4.30477541455385
2023-05-14,-0.26540310540062584
2023-05-15,-7.139840414166947
2023-05-16,5.0317958099762725
2023-05-17,-2.718514209551239
2023-05-18,-23.19540891452084
2023-05-19,4.476263320405443
2023-05-21,4.872501652124824
2023-05-22,0.622860205584431
2023-05-23,-4.030651311375667
2023-05-24,16.430193146347143
2023-05-25,-1.114816576410135
2023-05-26,10.671791009852262
2023-05-28,-2.4315643979995785
2023-05-29,-2.410845255750922
2023-05-30,6.145214410929659
2023-05-31,-16.672313220799293
2023-06-01,-29.544980462147688
2023-06-02,-2.2819824985136483
2023-06-04,2.5970200218935613
2023-06-05,-3.649617679572037
2023-06-06,-17.90869681180303
2023-06-07,10.647158954864782
2023-06-08,-1.2697118485253487
2023-06-09,-1.8288617195304866
2023-06-11,0.09712541040013267
2023-06-12,-22.859856002941118
2023-06-13,17.801693895140794
2023-06-14,-7.237571162805381
2023-06-15,8.028375179994828
2023-06-16,22.225380677235663
2023-06-18,2.9115962247722686
2023-06-19,5.911317462911462
2023-06-20,6.6769493713400845
2023-06-21,0.07551946893586958
2023-06-22,25.52131507249253
2023-06-23,-20.545521210130648
2023-06-25,5.556208633523111
2023-06-26,-3.898531211764434
2023-06-27,11.809589803389265
2023-06-28,-22.125178029840196
2023-06-29,-5.105849818001259
2023-06-30,10.310566229825037
2023-07-02,0.4048732571333592
2023-07-03,-0.05388649007484503
2023-07-04,-5.49009049653882
2023-07-05,-19.017037133812604
2023-07-06,-3.66929075421295
2023-07-07,28.217519451032935
2023-07-09,0.44966379545964863
2023-07-10,8.734329308434681
2023-07-11,22.702279925689236
2023-07-12,39.07385489199257
2023-07-13,52.07741956329092
2023-07-14,-22.991611432002745
2023-07-16,-1.951289440639235
2023-07-17,-4.8409425388543195
2023-07-18,2.7431010455598956
2023-07-19,-20.911914515547558
2023-07-20,-36.44985899876977
2023-07-21,-8.806848770896565
2023-07-23,-2.4193777251136472
2023-07-24,-8.767358676727554
2023-07-25,22.370278369463396
2023-07-26,1.1794955529772757
2023-07-27,-72.14456657496926
2023-07-28,9.219188006655589
2023-07-30,1.3873427511211578
2023-07-31,29.36413055697991
2023-08-01,-40.510783479497626
2023-08-02,-57.91775584926558
2023-08-03,1.1587441059870875
2023-08-04,7.772423731839686
2023-08-06,-0.3814050151975661
2023-08-07,12.283292546347457
2023-08-08,-16.81502702876194
2023-08-09,0.41102962099342283
2023-08-10,11.402431693320693
2023-08-11,6.4456267407745
2023-08-13,-0.7022833268007524
2023-08-14,-5.9478062582392255
2023-08-15,3.6816999239481634
2023-08-16,4.068878906561523
2023-08-17,2.7996137719436964
2023-08-18,-12.188068001490423
2023-08-20,-3.584426936477122
2023-08-21,20.40617507482431
2023-08-22,-21.562751819035658
2023-08-23,-17.197802350132882
2023-08-24,-6.7919194575368635
2023-08-25,9.761769836596038
2023-08-27,-3.349977109075532
2023-08-28,-0.61920287966104
2023-08-29,-25.839988893161102
2023-08-30,-0.7660051590691341
2023-08-31,-14.0921380130365
2023-09-01,27.427608731311512
2023-09-03,0.2103214710809233
2023-09-04,6.965176291878235
2023-09-05,34.39688382790372
2023-09-06,-7.923289528453296
2023-09-07,1.6998743242536427
2023-09-08,-4.327972799411769
2023-09-10,-17.026848551072074
2023-09-11,-24.952816852244126
2023-09-12,2.182478016953067
2023-09-13,-0.24268205391663455
2023-09-14,15.292280455178346
2023-09-15,2.0988316048280318
2023-09-17,-7.387019732251229
2023-09-18,-10.878121277410393
2023-09-19,-14.858674617253335
2023-09-20,35.406046776345754
2023-09-21,10.58941944277181
2023-09-22,6.6139962808598876
2023-09-24,1.3611740071930214
2023-09-25,22.808911337141357
2023-09-26,38.26972547984367
2023-09-27,35.05084381840951
2023-09-28,-52.33650061396265
2023-09-29,4.719004516910558
2023-10-01,2.9227888149583396
2023-10-02,67.76742232925139
2023-10-03,17.5734963058997
2023-10-04,-22.66480113788059
2023-10-05,-44.38086420656153
2023-10-06,-16.716311550211234
2023-10-08,7.148535596587192
2023-10-09,-50.62056455854537
2023-10-10,-8.907533630417056
2023-10-11,0.3819129716345495
2023-10-12,93.06913637516166
2023-10-13,0.9758942042854288
2023-10-15,-10.237084686175088
2023-10-16,-20.567342677408767
2023-10-17,5.030267141103786
2023-10-18,25.4904142703245
2023-10-19,-14.564003877624263
2023-10-20,0.40255997492249773
2023-10-22,0.9754937256695903
2023-10-23,-35.04562777008018
2023-10-24,28.274473203171425
2023-10-25,46.71649450943691
2023-10-26,-5.978234998469423
2023-10-27,6.948032503452776
2023-10-29,1.0429766583260107
2023-10-30,-36.024889733700405
2023-10-31,66.98796695501177
2023-11-01,-52.548359150448746
2023-11-02,-22.298101939905997
2023-11-03,-107.50170049357409
2023-11-05,3.6269958964529097
2023-11-06,26.036814884284777
2023-11-07,38.82007678721109
2023-11-08,11.57278020123552
2023-11-09,40.68382089483088
2023-11-10,-6.4075901821032195
2023-11-12,-2.6715173798118035
2023-11-13,-6.218398832886308
2023-11-14,-136.62486915153866
2023-11-15,5.622104907164824
2023-11-16,26.164796923257086
2023-11-17,-47.65218338227388
2023-11-19,7.592814566953154
2023-11-20,-43.54443906668405
2023-11-21,-9.613261346039742
2023-11-22,29.083621706251762
2023-11-23,-10.824618459172797
2023-11-24,-36.88044418978591
2023-11-26,2.2684960019568354
2023-11-27,-19.634920994599817
2023-11-28,-25.959278125845188
2023-11-29,-11.009304255835705
2023-11-30,-6.933831944113405
2023-12-01,1.5873427297860054
2023-12-03,1.105117689063366
2023-12-04,-26.61917016543089
2023-12-05,-21.33104529191312
2023-12-06,-5.8334374475167605
2023-12-07,-9.591407071346573
2023-12-08,-25.890593015017462
2023-12-10,2.4564968775823455
2023-12-11,4.968786080843773
2023-12-12,13.52260287198033
2023-12-13,51.343058059744365
2023-12-14,71.11519684367146
2023-12-15,-26.69410056928161
2023-12-17,-3.387703547309157
2023-12-18,6.424264117120085
2023-12-19,51.240179538190894
2023-12-20,-25.095817476382177
2023-12-21,64.4900832249937
2023-12-22,4.867700001244635
2023-12-24,-3.864381101944855
2023-12-25,9.584798046666226
2023-12-26,26.746385281354485
2023-12-27,52.669272909215294
2023-12-28,-26.018695814815455
2023-12-29,-8.273848815616851
2024-01-01,-2.1675322041747114
2024-01-02,-79.590413271758
2024-01-03,-11.558639348490384
2024-01-04,-23.28581832067207
2024-01-05,9.003528144890389
2024-01-07,-0.5440014767678769
2024-01-08,13.42528914366142
2024-01-09,-29.080266856298255
2024-01-10,5.92085136419652
2024-01-11,11.381566858660825
2024-01-12,-15.481975490529143
2024-01-14,-7.048607253204251
2024-01-15,-32.75124491123843
2024-01-16,-67.17242934637267
2024-01-17,-19.789554997619035
2024-01-18,8.7474514193242
2024-01-19,13.432074144236868
2024-01-21,-2.078168401411234
2024-01-22,-24.42868690076574
2024-01-23,6.288178247668609
2024-01-24,11.27878636625737
2024-01-25,-6.094222955857272
2024-01-26,1.3294907892352708
2024-01-28,-2.9467927376051937
2024-01-29,30.441194407011388
2024-01-30,-2.777300487421495
2024-01-31,-20.395240607041217
2024-02-01,46.82670929982326
2024-02-02,-94.53844634435026
2024-02-04,-7.148763263348249
2024-02-05,-40.91554559725168
2024-02-06,31.01505771310597
2024-02-07,4.9159499848820385
2024-02-08,7.3657794887106895
2024-02-09,11.456508898003719
2024-02-11,3.894644848179027
2024-02-12,-8.603445394780817
2024-02-13,-63.428325009902004
2024-02-14,20.410839202846624
2024-02-15,31.122567783673773
2024-02-16,0.8112550033840109
2024-02-18,0.7476358086738604
2024-02-19,-3.7140290439801813
2024-02-20,-4.801524164438599
2024-02-21,13.23421922524075
2024-02-22,5.221841674707431
2024-02-23,-2.6221472730009445
2024-02-25,-2.817909260826114
2024-02-26,-2.6429472919288304
2024-02-27,-4.4151136695320865
2024-02-28,-11.261079636015241
2024-02-29,0.9788135093296206
2024-03-01,-1.064626200493564
2024-03-03,0.9779866369575461
2024-03-04,8.169108146617916
2024-03-05,-5.701655501772616
2024-03-06,-5.777668249657752
2024-03-07,-7.591880546784987
2024-03-08,-2.767724891637598
2024-03-10,-2.000351757559147
2024-03-11,-8.00090283982863
2024-03-12,0.03411005195742822
2024-03-13,9.70558628059822
2024-03-14,-10.863133248736299
2024-03-15,0.8259325741090899
2024-03-17,-2.4675460860349903
2024-03-18,4.17262600878936
2024-03-19,17.708935161694736
2024-03-20,-0.838031715436399
2024-03-21,15.877727337939147
2024-03-22,12.261929696454448
2024-03-24,0.34238891558328877
2024-03-25,3.520314547531422
2024-03-26,4.247055834238728
2024-03-27,2.9686137410571147
2024-03-28,-9.770251675902882
2024-03-29,-1.481454632760549
2024-03-31,-3.279847517250327
2024-04-01,26.444242790579843
2024-04-02,-6.898754753739743
2024-04-03,-33.26922242318536
2024-04-04,-9.563340299086992
2024-04-05,14.447278567266451
2024-04-07,9.85356173285935
2024-04-08,-20.671320827118205
2024-04-09,-14.90799264245501
2024-04-10,113.21033671191634
2024-04-11,-12.398507131659274
2024-04-12,61.25666026494949
2024-04-14,-5.922311492709489
2024-04-15,30.51284323888899
2024-04-16,20.350608875930263
2024-04-17,-30.158990073960382
2024-04-18,16.063061782741265
2024-04-19,2.100898840685119
2024-04-21,-3.0051266160992336
2024-04-22,-5.2175355638350265
2024-04-23,-30.20132502095753
2024-04-24,16.354509308302084
2024-04-25,-18.398999819484416
2024-04-26,50.88493480066911
2024-04-28,-10.955035387111934
2024-04-29,-33.97697084079606
2024-04-30,88.75938701057608
2024-05-01,-59.826447613562486
2024-05-02,-53.19834474680172
2024-05-03,-26.936669628564324
2024-05-05,7.487903670781304
2024-05-06,-4.925859056109687
2024-05-07,32.79057199157585
2024-05-08,3.546669943681106
2024-05-09,-33.07066597244516
2024-05-10,9.325551608840966
2024-05-12,2.351529516957674
2024-05-13,-9.399337909828683
2024-05-14,-15.123935054397103
2024-05-15,-84.25719776404723
2024-05-16,20.588886000086323
2024-05-17,0.9379043038647377
2024-05-19,-0.5386903987057284
2024-05-20,8.358014113344456
2024-05-21,6.097417366273449
2024-05-22,10.965212064299143
2024-05-23,10.533095001975996
2024-05-24,-22.49793650341936
2024-05-26,-0.37120285408969295
2024-05-27,-15.484947984007462
2024-05-28,-0.20238413120605936
2024-05-29,-13.986183549223675
2024-05-30,-15.35688097420891
2024-05-31,6.848151533742776
2024-06-02,-0.9451505444955387
2024-06-03,16.75607033473085
2024-06-04,-27.51582980583232
2024-06-05,18.205339352007382
2024-06-06,-3.259438582791333
2024-06-07,-28.054014842651696
2024-06-09,-3.384959872786405
2024-06-10,8.1908885231243
2024-06-11,2.946892409585794
2024-06-12,23.671242882069926
2024-06-13,-21.085065825452183
2024-06-14,-23.578031224895167
2024-06-16,0.3326284919941702
2024-06-17,4.587342650135852
2024-06-18,2.4949934421075497
2024-06-19,4.190525609303399
2024-06-20,-22.834003789874654
2024-06-21,2.2780924208155175
2024-06-23,-1.5416120887593874
2024-06-24,-2.222432052689086
2024-06-25,-0.9617705282311442
2024-06-26,1.7850836493947169
2024-06-27,-1.3925324815984166
2024-06-28,1.8429828870453755
2024-06-30,-2.560635926520229
2024-07-01,2.6468479259497837
2024-07-02,-0.8476762113296568
2024-07-03,13.632551149672084
2024-07-04,-2.3187237832380196
2024-07-05,18.117007782147017
2024-07-07,-1.7806707827573665
2024-07-08,-5.259404325199997
2024-07-09,3.167841062028852
2024-07-10,-3.681420511551801
2024-07-11,-19.123436823650938
2024-07-12,11.258367636125696
2024-07-14,-6.338388225096574
2024-07-15,-1.3678619346701812
2024-07-16,-4.637362727945591
2024-07-17,20.176524955967224
2024-07-18,-24.661300832812998
2024-07-19,-15.024162141481833
2024-07-21,8.170963184828109
2024-07-22,-20.16776498202647
2024-07-23,-24.752027189884316
2024-07-24,-11.039530161226097
2024-07-25,-10.413586099109022
2024-07-26,3.807676300386194
2024-07-28,-1.055114674190774
2024-07-29,-1.9064023395123617
2024-07-30,-11.700244785319505
2024-07-31,-19.287763627802313
2024-08-01,-11.852458967836375
2024-08-02,37.022276039106835
2024-08-04,5.165462354786693
2024-08-05,-5.983631644216666
2024-08-06,-18.164056131115437
2024-08-07,-26.720450678168348
2024-08-08,-31.99579941101907
2024-08-09,12.951694219830943
2024-08-11,-0.756460105674269
2024-08-12,-1.997874897904107
2024-08-13,-7.166384229441714
2024-08-14,22.094173737664796
2024-08-15,-17.561896824028356
2024-08-16,-2.8040197818695134
2024-08-18,-4.849150739844915
2024-08-19,-6.2026702360132715
2024-08-20,17.301339586653793
2024-08-21,6.436725226978638
2024-08-22,3.9081481716317907
2024-08-23,-13.43645702703936
2024-08-25,6.506516762812453
2024-08-26,-21.149453312757633
2024-08-27,34.074125627334624
2024-08-28,-24.644945295924877
2024-08-29,-17.94624530967765
2024-08-30,-28.93395810713322
2024-09-01,-1.8473439011544237
2024-09-02,0.9802590968397942
2024-09-03,-23.039163438031455
2024-09-04,34.11457999650371
2024-09-05,23.307306370060417
2024-09-06,-34.6091629956527
2024-09-08,-1.7631676988311011
2024-09-09,-36.32975053536655
2024-09-10,2.3496878174217573
2024-09-11,-14.2675514986476
2024-09-12,53.52496377102442
2024-09-13,-5.500458857312011
2024-09-15,7.677579705428723
2024-09-16,32.14855919744853
2024-09-17,-16.591413698811344
2024-09-18,-1.3136852332453874
2024-09-19,33.87640592261318
2024-09-20,-5.975425568513611
2024-09-22,-3.758872624438306
2024-09-23,20.35267733294715
2024-09-24,79.87730785508845
2024-09-25,-90.88649523314191
2024-09-26,48.7413835514972
2024-09-27,20.259447471141797
2024-09-29,1.6777289045147572
2024-09-30,-22.31733689545905
2024-10-01,-35.41551044441452
2024-10-02,-33.18784802189516
2024-10-03,-40.81134281437952
2024-10-04,-56.73013103703252
2024-10-06,-1.28870632437522
2024-10-07,-11.69423575298319
2024-10-08,-11.884118691280692
2024-10-09,-43.02471715608605
2024-10-10,9.594373673913147
2024-10-11,0.05612247039755491
2024-10-13,-17.846220235405113
2024-10-14,-13.313983729347086
2024-10-15,-12.296977738723653
2024-10-16,-17.475295382639832
2024-10-17,-7.240530700789045
2024-10-18,18.113161859671894
2024-10-20,1.1852535589681377
2024-10-21,-36.078745052705685
2024-10-22,-1.3127163818672187
2024-10-23,-29.84616502662473
2024-10-24,6.114359787567373
2024-10-25,8.262180468189118
2024-10-27,-7.026790819273052
2024-10-28,-2.2484385727050986
2024-10-29,10.081605922661526
2024-10-30,-14.443754553908692
2024-10-31,-9.169981923551516
2024-11-01,12.214102321667545
2024-11-03,-19.136004986414505
2024-11-04,5.885717318570763
2024-11-05,-31.095963442531122
2024-11-06,52.25767933640331
2024-11-07,-73.49967318253073
2024-11-08,40.968272841712945
2024-11-10,5.119450875865493
2024-11-11,24.09917930136964
2024-11-12,54.04831125374936
2024-11-13,42.88013988483057
2024-11-14,49.6950660861067
2024-11-15,-16.340276865688267
2024-11-17,3.9185379554484454
2024-11-18,-46.402072248416395
2024-11-19,-27.614095112696486
2024-11-20,34.339032478414126
2024-11-21,23.584826119642113
2024-11-22,34.82294816193809
2024-11-24,-44.844386759545934
2024-11-25,60.2293042494407
2024-11-26,-41.272278328737244
2024-11-27,-60.713043299386754
2024-11-28,-7.825441413766984
2024-11-29,-27.90884754620751
2024-12-01,18.68291750701857
2024-12-02,30.698118701719622
2024-12-03,-1.686312556970521
2024-12-04,15.359812956798386
2024-12-05,-46.93261078823331
2024-12-06,44.54539582918302
2024-12-08,-5.783992931825971
2024-12-09,4.440301918495785
2024-12-10,34.614317741797606
2024-12-11,6.996693735869366
2024-12-12,50.80807742003703
2024-12-13,18.067946779469818
2024-12-15,-8.763132837018542
2024-12-16,-5.9443435883971505
2024-12-17,16.26008301714019
2024-12-18,137.56824809490732
2024-12-19,11.716109345283176
2024-12-20,-50.153670940413924
2024-12-22,-3.1918015776254025
2024-12-23,29.005450471692654
2024-12-24,2.2776148476673805
2024-12-25,-5.373268832033464
2024-12-26,17.720324983582785
2024-12-27,-1.0154093512488105
2024-12-29,-4.485679167921952
2024-12-30,-1.5396821213964307
2024-12-31,38.644318053811546
2025-01-01,1.669388823625011
2025-01-02,39.10940516898682
2025-01-03,-19.506769059192365
2025-01-05,1.2539011747120226
2025-01-06,-48.200994019569826
2025-01-07,26.960658214936288
2025-01-08,31.375045877668285
2025-01-09,19.548379000957087
2025-01-10,41.38197568517598
2025-01-12,-2.792438910050518
2025-01-13,-38.101345843450204
2025-01-14,-2.5751487730900275
2025-01-15,-41.420142060624094
2025-01-16,10.710533229236995
2025-01-17,45.85301588608452
2025-01-19,-7.0340079924792045
2025-01-20,-118.59272465682196
2025-01-21,19.86298307118812
2025-01-22,11.486356009562192
2025-01-23,-12.460244615931154
2025-01-24,-44.6907495361546
2025-01-26,17.35598781225365
2025-01-27,7.594601563561617
2025-01-28,9.417170135874382
2025-01-29,1.5546485494656423
2025-01-30,26.4655069756705
2025-01-31,23.582227623026096
2025-02-02,86.40534689121901
2025-02-03,-90.89670638250111
2025-02-04,-53.14909843290539
2025-02-05,-47.61630339883047
2025-02-06,7.41597222829644
2025-02-07,27.99656914839932
2025-02-09,20.938152815354506
2025-02-10,5.027476554944015
2025-02-11,-20.10849276117615
2025-02-12,19.07900207028522
2025-02-13,-81.14959929611511
2025-02-14,-40.282083772805144
2025-02-16,-3.762673909263386
2025-02-17,-5.837759704645353
2025-02-18,22.058776114141263
2025-02-19,24.2291551945469
2025-02-20,-54.48854114247823
2025-02-21,30.4002474343767
2025-02-23,-8.51256517166462
2025-02-24,16.730340907052913
2025-02-25,-19.07610725627061
2025-02-26,29.43377327085283
2025-02-27,71.17653927945715
2025-02-28,19.048255628353118
2025-03-02,-16.810847382306555
2025-03-03,-15.037321948183196
2025-03-04,-79.40134548725268
2025-03-05,-59.559069087969476
2025-03-06,-14.654945123659468
2025-03-07,15.471612230309429
2025-03-09,5.114879031530673
2025-03-10,13.735459417845203
2025-03-11,8.390482292502684
2025-03-12,-21.7403471346219
2025-03-13,21.34514334973644
2025-03-14,-34.189844931652594
2025-03-16,0.033586491770151494
2025-03-17,-24.570087692785386
2025-03-18,17.22301906946007
2025-03-19,10.745134189876843
2025-03-20,-1.2299295688375924
2025-03-21,-5.827257643196709
2025-03-23,-7.557456301244327
2025-03-24,-12.465759202095033
2025-03-25,-1.4054372182919472
2025-03-26,-18.398434644797742
2025-03-27,19.615600509599826
2025-03-28,12.939731961550308
2025-03-30,-1.6240841981740628
2025-03-31,-1.11761308438275
2025-04-01,-13.566107569699906
2025-04-02,60.87963317505052
2025-04-03,57.66379776428293
2025-04-04,-12.763699536125046
2025-04-06,37.22916854301389
2025-04-07,-74.3982172111334
2025-04-08,56.5085636185528
2025-04-09,-6.140152860257565
2025-04-10,153.12903656571746
2025-04-11,27.674492167040924
2025-04-13,-13.31638256770824
2025-04-14,5.989126160099741
2025-04-15,-9.710453920212824
2025-04-16,53.48825790604023
2025-04-17,-2.984463112521091
2025-04-18,6.3730513092126495
2025-04-20,27.14790746414459
2025-04-21,30.661454792710998
2025-04-22,-79.90221073623339
2025-04-23,-16.903292325628982
2025-04-24,23.765767602511914
2025-04-25,-14.13216537554322
2025-04-27,-10.94290204137331
2025-04-28,56.134856368280126
2025-04-29,-21.247966423770446
2025-04-30,-18.54991157747995
2025-05-01,-49.353359522116776
2025-05-02,27.34422296407351
2025-05-04,6.435415333063169
2025-05-05,17.38560818208299
2025-05-06,40.02157988853985
2025-05-07,-58.2517758157814
2025-05-08,-70.57227834946525
2025-05-09,18.073830751817788
2025-05-11,-5.853830886676688
2025-05-12,-87.46868358119677
2025-05-13,79.5510227825454
2025-05-14,-26.666642270066603
2025-05-15,16.623159604634655
2025-05-16,-11.467420672430277
2025-05-18,16.659670561641654
2025-05-19,28.961221316420655
2025-05-20,33.47916553218809
2025-05-21,26.306817821024804
2025-05-22,-23.633238179644966
2025-05-23,98.71611618072268
2025-05-25,-0.9533217991623
2025-05-26,6.808969511282613
2025-05-27,-61.137235697103314
2025-05-28,-55.99731337992779
2025-05-29,74.6640828519645
2025-05-30,-5.780657570523655
2025-06-01,11.136774453945598
2025-06-02,70.10673916646755
2025-06-03,-47.108747529856444
2025-06-04,36.02164605861469
2025-06-05,8.618195415918121
2025-06-06,-40.71677252335736
2025-06-08,8.60727194442346
2025-06-09,13.27624539456696
2025-06-10,1.7177174293019952
2025-06-11,17.03229883268666
2025-06-12,62.53141172958583
2025-06-13,-43.01748609396732
2025-06-15,-6.129236164773025
2025-06-16,14.29081371489647
2025-06-17,-67.7403158295254
2025-06-18,4.0939054755137505
2025-06-19,1.7274309680711362
2025-06-20,-33.22679210207381
2025-06-22,-7.33809574739688
2025-06-23,49.12468777625527
2025-06-24,35.58646918690065
2025-06-25,34.33795573236551
2025-06-26,29.738030931746525
2025-06-27,-4.785427664055238
2025-06-29,4.542270722389837
2025-06-30,50.38179112352824
2025-07-01,8.604531596747716
2025-07-02,-7.419497607175531
2025-07-03,-19.784456285380816
2025-07-04,-12.207803986299236
2025-07-06,-2.130160894897794
2025-07-07,-52.97666096680945
2025-07-08,-11.690011185849873
2025-07-09,17.496584356449336
2025-07-10,10.55725178149809
2025-07-11,-34.493243955174584
2025-07-13,-0.5995446707934065
2025-07-14,-31.818553224276563
2025-07-15,-35.03868598121902
2025-07-16,14.773937173927116
2025-07-17,-18.479084119126615
2025-07-18,9.798038866645156
2025-07-20,-0.1053501938757484
2025-07-21,30.61930384454989
2025-07-22,34.92021480997987
2025-07-23,32.50225157682692
2025-07-24,-20.33918538137378
2025-07-25,-22.87023939411595
2025-07-27,3.343636929941323
2025-07-28,-66.4163526587431
2025-07-29,-21.608445966122066
2025-07-30,-64.47772474351801
2025-07-31,-6.927722204434776
2025-08-01,42.297076377972516
2025-08-03,1.9115963486544256
2025-08-04,-4.910526793990929
2025-08-05,1.1954625646739276
2025-08-06,30.877208532015135
2025-08-07,28.223665761882962
2025-08-08,-9.387568164410368
2025-08-10,-2.5183901638762203
2025-08-11,-14.529884824462345
2025-08-12,29.44339167114814
2025-08-13,23.487027325532
2025-08-14,-49.15969613773808
2025-08-15,6.697422059423801
2025-08-17,4.603473506765166
2025-08-18,-6.308762596353607
2025-08-19,-21.74636288422768
2025-08-20,12.900266816205251
2025-08-21,-6.343212509788776
2025-08-22,16.076439560306504
2025-08-24,-3.0798542024451776
2025-08-25,-11.203096612209972
2025-08-26,3.111929847452809
2025-08-27,0.36105385082623087
2025-08-28,-6.077521174108565
2025-08-29,3.100835437734964
2025-08-31,0.09418689536156549
2025-09-01,10.781960942927306
2025-09-02,-16.6428651183052
2025-09-03,9.255985392872645
2025-09-04,6.02646768268648
2025-09-05,19.26240098786863
2025-09-07,4.976523329861497
2025-09-08,7.035246041524317
2025-09-09,-8.834599173522841
2025-09-10,5.430580227508393
2025-09-11,10.061222062569469
2025-09-12,3.6479546845925994
2025-09-14,-2.704141287463877
2025-09-15,0.7082567545233758
2025-09-16,16.53212920811913
2025-09-17,1.4340376750102486
2025-09-18,-4.601169723303718
2025-09-19,-19.305451335425666
2025-09-21,-0.8822669576695086
2025-09-22,22.311015526129943
2025-09-23,7.239581462335545
2025-09-24,5.0948472848469555
2025-09-25,-11.660373507924023
2025-09-26,11.152712002525398
2025-09-28,0.9833415937102442
2025-09-29,0.680588677277886
2025-09-30,2.7355708572992157
2025-10-01,-6.236381992672634
2025-10-02,-3.578968185788761
2025-10-03,6.678384196939317
2025-10-05,8.47391325634802
2025-10-06,1.5474471128775076
2025-10-07,5.968855907212954
2025-10-08,2.4765995459970958
2025-10-09,10.959429961979891
2025-10-10,-13.878447779023812
2025-10-12,3.8507211433251074
2025-10-13,7.052311595060788
2025-10-14,5.1144829405520715
2025-10-15,4.199373628714349
2025-10-16,-0.7806130968069054
2025-10-17,-6.565879097775993
2025-10-19,0.47554405784439413
2025-10-20,4.233397087641498
2025-10-21,-9.702859826177026
2025-10-22,-1.320814899024999
2025-10-23,4.236256389062663
2025-10-24,3.7273212130629974
2025-10-26,-7.983272914025783
2025-10-27,-12.498171080489998
2025-10-28,-13.19849511384571
2025-10-29,17.47497566547876
2025-10-30,27.74518924431758
2025-10-31,15.9171485845716
2025-11-02,4.827420466529734
2025-11-03,10.309745279226783
2025-11-04,48.11553124979609
2025-11-05,-10.823509172684075
2025-11-06,-5.407663837163956
2025-11-07,-12.12482156062338
2025-11-09,3.749952947082936
2025-11-10,-18.946108910046622
2025-11-11,-14.690424472133689
2025-11-12,-1.1813580362818663
2025-11-13,-7.668519790997319
2025-11-14,-10.802734016930744
2025-11-16,4.550904582393186
2025-11-17,29.699429118612237
2025-11-18,-3.6536065566756495
2025-11-19,54.98847319026524
2025-11-20,21.922528061835273
2025-11-21,-7.142889661178707
2025-11-23,2.798450018668385
2025-11-24,-0.6824588720943973
2025-11-25,-23.862196893999435
2025-11-26,-56.16193255810825
2025-11-27,-4.7055779331131244
2025-11-28,-11.259827658930636
2025-11-30,-5.1276580343743365
2025-12-01,9.214590783676615
2025-12-02,-19.026971586630584
2025-12-03,-44.46100381927855
2025-12-04,15.82655759085236
2025-12-05,-25.119976413696094
2025-12-07,3.535178472292376
2025-12-08,10.396331725951828
2025-12-09,8.617593293315055
2025-12-10,-50.008555171338834
2025-12-11,-20.141500017312108
2025-12-12,4.942689228546846
2025-12-14,1.3835569428345762
2025-12-15,-9.070599338232974
2025-12-16,-10.791703064276154
2025-12-17,2.164186789569439
2025-12-18,-2.8607872563347785
2025-12-19,19.57025771530096
2025-12-21,0.5202958956710724
2025-12-22,6.864025808534764
2025-12-23,8.338813625330719
2025-12-24,-1.9799750409022536
2025-12-25,2.963202696143677
2025-12-26,1.1498912563010806
2025-12-28,-1.2984909004463596
2025-12-29,-10.76535559671552
2025-12-30,-16.38946444728948
2025-12-31,-14.75333816157158
2026-01-01,5.023685122618762
2026-01-02,-1.746231516252747
2026-01-04,-12.348577522772793
2026-01-05,20.51363384305011
2026-01-06,-22.3253230857724
2026-01-07,-16.97774952649833
2026-01-08,-18.61355161377808
2026-01-09,-17.991446628267777
2026-01-11,-2.832965809295689
2026-01-12,39.434634703128864
2026-01-13,-20.70741189857982
2026-01-14,-1.0189262993513846
2026-01-15,-13.81296106036721
2026-01-16,-9.817553965705198
2026-01-18,10.656044619203001
2026-01-19,14.598843446158105
2026-01-20,32.85862955039623
2026-01-21,-14.008723990558254
2026-01-22,41.36600419308212
2026-01-23,35.1336386851567
2026-01-25,14.801928546961998
2026-01-26,4.861141057424101
2026-01-27,92.52665025975803
2026-01-28,20.628550959797987
2026-01-29,9.142174557976166
2026-01-30,-77.2224837671828
2026-02-01,-8.893310739371374
2026-02-02,-12.783812952580563
2026-02-03,35.48200199866621
2026-02-04,-22.038435448680374
2026-02-05,-54.08709505605331
2026-02-06,60.98937131859803
2026-02-08,11.267317319730708
2026-02-09,49.357555248760676
2026-02-10,-26.47184690603024
2026-02-11,-8.21319550209954
2026-02-12,-19.220760931516917
2026-02-13,5.2217755284266145
2026-02-15,-3.0568288788521807
2026-02-16,-4.159309463363888
2026-02-17,-2.654334169505993
2026-02-18,-59.42031470397509
2026-02-19,-23.60346463881676
2026-02-20,11.657553145551327
2026-02-22,39.534482568017786
2026-02-23,-39.15867825993244
2026-02-24,-11.55568656003645
2026-02-25,33.57877776602965
2026-02-26,-14.511648346415852
2026-02-27,17.013516865244238
2026-03-01,-38.76917274745322
2026-03-02,-29.06009145220322
2026-03-03,-49.694709859412455
2026-03-04,35.18788490542227
2026-03-05,-32.6513519196777
2026-03-06,39.49813687753446
2026-03-08,-63.369768125650005
2026-03-09,47.51208027824716
2026-03-10,6.625783689355881
2026-03-11,-12.611834074428556
2026-03-12,-32.91452581797974
2026-03-13,-66.1573549863774
2026-03-15,0.5776224012744571
2026-03-16,18.010899004044774
2026-03-17,8.456140193792907
2026-03-18,-0.7931605006892894
2026-03-19,-38.1574395876531
2026-03-20,10.655522816171102
2026-03-22,4.557532812660299
2026-03-23,-18.643092359450844
2026-03-24,-10.811364719480444
2026-03-25,-10.39565682707116
2026-03-26,-9.724592502615241
2026-03-27,-20.557712217236386
2026-03-29,-0.4029750519291211
2026-03-30,1.7380546080427444
2026-03-31,-16.25725521047847
2026-04-01,-6.494444062987839
2026-04-02,23.75894083899551
2026-04-03,15.031781690539106
2026-04-05,4.6160221618348
2026-04-06,-19.784189115384375
2026-04-07,-66.82217495879601
2026-04-08,3.0275720579169185
2026-04-09,-9.52581306927505
2026-04-10,-5.410259963006204
2026-04-12,29.11653516270526
2026-04-13,-62.34534133442526
2026-04-14,-23.519852330230364
2026-04-15,-6.817767147455189
2026-04-16,18.16464388992842
2026-04-17,-6.256019224637016
2026-04-19,22.86496265490165
2026-04-20,-39.2207505839401
2026-04-21,17.700297605596877
2026-04-22,14.384632451412262
2026-04-23,20.98602330443066
2026-04-24,-25.133967466689324
2026-04-26,11.68495881204539
2026-04-27,-18.849322606209807
2026-04-28,19.21379296002822
2026-04-29,6.887678326341527
2026-04-30,12.020777519143515
2026-05-01,-1.1522600628976831
2026-05-03,2.3398341271745227
2026-05-04,-31.083057949143125
2026-05-05,25.633125491779353
2026-05-06,16.69726845154718
2026-05-07,-5.3349218370578715
2026-05-08,14.819640270186802
2026-05-10,-7.765427491708045
2026-05-11,10.314565563943113
2026-05-12,-22.948776989792588
2026-05-13,-5.3392027344157125
2026-05-14,-38.803025059568725
2026-05-15,-43.18459297798462
2026-05-17,-6.983118480846018
2026-05-18,37.68614543272959
2026-05-19,-35.59403013661387
2026-05-20,19.326032006531268
2026-05-21,-2.7770425894767605
2026-05-22,-9.444990298636592
2026-05-24,13.213577216758715
2026-05-25,-0.6453667552673912
2026-05-26,-5.695281849690005
2026-05-27,-8.884443777586963
2026-05-28,-1.4364312704423206
2026-05-29,15.430194884596025
2026-05-31,-0.035683305635185916
2026-06-01,-0.9109601060060397
2026-06-02,10.770457932648574
2026-06-03,3.890040257525304
2026-06-04,-0.6139284073510325
2026-06-05,34.99665542223831
2026-06-07,2.367617904676031
2026-06-08,-1.027167218086889
2026-06-09,-1.700964688324368
2026-06-10,1.5012604633272626
2026-06-11,-21.170502243188633
2026-06-12,9.473065990973542
2026-06-14,-14.77854956900813
2026-06-15,7.51368350333623
2026-06-16,-2.5969113502600387
2026-06-17,54.13056962039488
2026-06-18,41.98868251703822
2026-06-19,0.9529092013049101
2026-06-21,14.083466867781407
2026-06-22,7.388316480624114
2026-06-23,37.73231535395076
2026-06-24,22.319665448618903
2026-06-25,-10.405897590649575
2026-06-26,-5.037498985182575
2026-06-28,-0.19872027982625956
2026-06-29,-7.378417883324966
2026-06-30,2.813671359468321
2026-07-01,6.645698756031823
2026-07-02,-44.27838716582072
2026-07-03,-12.730452769670805
2026-07-05,5.485632480857757
2026-07-06,2.046071907556287
2026-07-07,28.67285318796927
2026-07-08,-21.577134774634715
2026-07-09,-18.247193439216694
2026-07-10,-3.5981705948572142
2026-07-12,9.427825911475342
2026-07-13,19.368079403091997
2026-07-14,-53.86651655643442
2026-07-15,-43.46948845883978
2026-07-16,20.577735291227437
2026-07-17,2.1561584026356355
