tf,family,exit,ALL,FORM,OOS,n_lệnh,thắng%,gross/lệnh,phí/lệnh,net/lệnh,n_cụ
H1,zband,sl_tp_2R,-2.259,-2.217,-2.383,20485,33.1,-3.25,2.23,-5.48,27
H1,zband,sl_tp_3R,-2.717,-2.759,-2.657,19913,28.4,-4.54,2.37,-6.91,27
H1,zband,sl_be_3R,-4.03,-3.944,-4.236,21287,16.5,-6.21,2.13,-8.34,27
H1,zband,time_only,0.303,0.449,0.043,8529,61.0,5.83,4.1,1.73,27
H1,rsi_ext,sl_tp_2R,-2.308,-2.375,-2.207,18076,32.2,-3.31,2.25,-5.56,27
H1,rsi_ext,sl_tp_3R,-2.852,-2.839,-2.898,17745,27.1,-4.81,2.38,-7.19,27
H1,rsi_ext,sl_be_3R,-4.264,-4.14,-4.583,18724,16.1,-6.33,2.12,-8.45,27
H1,rsi_ext,time_only,0.035,0.337,-0.52,7918,58.9,4.38,4.18,0.21,27
H1,bb_pierce,sl_tp_2R,-4.224,-4.277,-4.226,39130,38.7,-4.43,2.03,-6.46,27
H1,bb_pierce,sl_tp_3R,-4.451,-4.47,-4.541,38276,36.9,-5.07,2.07,-7.13,27
H1,bb_pierce,sl_be_3R,-5.612,-5.579,-5.881,41125,27.8,-5.78,1.98,-7.76,27
H1,bb_pierce,time_only,-0.578,-0.628,-0.49,18648,60.6,1.19,2.81,-1.62,27
H1,donchian,sl_tp_2R,-0.499,-0.343,-0.916,255,31.0,-1.49,1.99,-3.48,7
H1,donchian,sl_tp_3R,-0.079,0.16,-0.717,253,26.1,1.37,2.07,-0.69,7
H1,donchian,sl_be_3R,-0.257,-0.022,-0.839,254,17.3,0.19,1.99,-1.8,7
H1,donchian,time_only,0.189,0.425,-0.403,229,48.9,9.8,4.47,5.33,7
H1,squeeze,sl_tp_2R,-0.726,-0.69,-0.797,99,28.3,-4.94,1.98,-6.91,7
H1,squeeze,sl_tp_3R,-0.362,-0.491,-0.131,99,26.3,-2.05,2.04,-4.09,7
H1,squeeze,sl_be_3R,-0.438,-0.455,-0.41,99,19.2,-2.22,1.99,-4.22,7
H1,squeeze,time_only,-0.132,-0.427,0.434,95,51.6,-0.8,3.75,-4.55,7
H1,range_exp,sl_tp_2R,-4.566,-4.226,-5.309,40582,34.0,-3.05,1.94,-4.99,27
H1,range_exp,sl_tp_3R,-5.006,-4.798,-5.47,38558,31.9,-3.8,1.99,-5.79,27
H1,range_exp,sl_be_3R,-6.789,-6.562,-7.26,40682,23.1,-4.92,1.92,-6.84,27
H1,range_exp,time_only,-1.953,-1.721,-2.39,30121,41.5,-0.65,2.33,-2.98,27
H1,pullback,sl_tp_2R,-3.511,-3.307,-4.014,30922,31.1,-4.93,2.19,-7.12,27
H1,pullback,sl_tp_3R,-3.515,-3.351,-3.95,24342,24.8,-6.33,2.39,-8.73,27
H1,pullback,sl_be_3R,-5.754,-5.638,-6.099,34842,14.4,-7.63,2.13,-9.77,27
H1,pullback,time_only,-1.233,-1.107,-1.472,8592,36.0,-2.77,4.25,-7.01,27
H1,session_br,sl_tp_2R,-2.89,-2.763,-3.232,24789,32.9,-3.04,2.01,-5.05,27
H1,session_br,sl_tp_3R,-3.04,-2.789,-3.699,22935,29.4,-3.78,2.11,-5.9,27
H1,session_br,sl_be_3R,-4.904,-4.593,-5.801,24646,17.6,-5.76,1.97,-7.72,27
H1,session_br,time_only,-0.793,-0.759,-0.877,15984,43.3,0.07,2.78,-2.71,27
M30,zband,sl_tp_2R,-4.197,-4.313,-4.098,43819,32.4,-3.16,1.92,-5.09,27
M30,zband,sl_tp_3R,-4.592,-4.742,-4.398,42718,28.2,-3.86,1.98,-5.84,27
M30,zband,sl_be_3R,-6.49,-6.504,-6.679,45643,16.9,-4.88,1.87,-6.75,27
M30,zband,time_only,-0.295,-0.355,-0.196,18169,59.0,1.92,2.84,-0.93,27
M30,rsi_ext,sl_tp_2R,-4.223,-4.215,-4.314,37342,31.6,-3.13,1.92,-5.06,27
M30,rsi_ext,sl_tp_3R,-4.767,-4.855,-4.649,36693,26.9,-4.02,1.99,-6.01,27
M30,rsi_ext,sl_be_3R,-6.754,-7.042,-6.304,38711,16.1,-4.86,1.86,-6.72,27
M30,rsi_ext,time_only,-0.244,-0.42,0.054,16502,58.2,2.07,2.9,-0.83,27
M30,bb_pierce,sl_tp_2R,-6.459,-6.502,-6.556,85038,39.0,-2.93,1.8,-4.73,27
M30,bb_pierce,sl_tp_3R,-6.868,-6.908,-6.979,83354,37.2,-3.39,1.82,-5.2,27
M30,bb_pierce,sl_be_3R,-8.459,-8.599,-8.384,89537,27.8,-3.93,1.77,-5.71,27
M30,bb_pierce,time_only,-1.052,-1.141,-0.903,40418,60.2,0.61,2.18,-1.56,27
M30,donchian,sl_tp_2R,-1.347,-1.215,-1.591,914,30.2,-1.69,1.96,-3.65,7
M30,donchian,sl_tp_3R,-1.24,-1.337,-1.073,904,22.2,-2.11,2.0,-4.1,7
M30,donchian,sl_be_3R,-1.453,-1.48,-1.411,908,15.1,-1.75,1.95,-3.71,7
M30,donchian,time_only,-0.641,-0.787,-0.35,788,43.5,-5.04,3.13,-8.16,7
M30,squeeze,sl_tp_2R,-1.164,-1.351,-0.845,465,30.1,-1.7,1.89,-3.6,7
M30,squeeze,sl_tp_3R,-0.951,-1.086,-0.721,463,23.1,-1.66,1.92,-3.58,7
M30,squeeze,sl_be_3R,-0.92,-1.029,-0.735,465,15.5,-1.03,1.89,-2.92,7
M30,squeeze,time_only,-0.161,-0.232,-0.044,451,49.9,0.48,2.77,-2.29,7
M30,range_exp,sl_tp_2R,-7.02,-6.745,-7.664,79196,32.4,-2.01,1.78,-3.79,27
M30,range_exp,sl_tp_3R,-7.16,-7.022,-7.515,76009,30.0,-2.5,1.8,-4.3,27
M30,range_exp,sl_be_3R,-9.077,-9.014,-9.384,79515,22.0,-3.06,1.77,-4.83,27
M30,range_exp,time_only,-3.102,-3.253,-2.851,60916,39.3,-0.56,1.99,-2.55,27
M30,pullback,sl_tp_2R,-5.278,-5.235,-5.408,62828,30.5,-3.58,1.91,-5.5,27
M30,pullback,sl_tp_3R,-4.957,-4.931,-5.095,50317,24.3,-4.46,2.01,-6.47,27
M30,pullback,sl_be_3R,-7.77,-7.816,-7.815,71444,14.2,-5.2,1.88,-7.08,27
M30,pullback,time_only,-1.57,-1.699,-1.348,18135,35.5,-2.32,2.92,-5.24,27
M30,session_br,sl_tp_2R,-3.944,-3.78,-4.395,34523,31.6,-2.57,1.79,-4.36,27
M30,session_br,sl_tp_3R,-4.165,-3.968,-4.685,31949,26.8,-3.23,1.86,-5.08,27
M30,session_br,sl_be_3R,-6.555,-6.496,-6.923,34903,14.6,-4.53,1.76,-6.29,27
M30,session_br,time_only,-0.879,-0.762,-1.148,22759,44.9,0.31,2.35,-2.05,27
