time,net_bps
2020-01-02,0.0
2020-01-03,0.0
2020-01-05,0.0
2020-01-06,0.0
2020-01-07,0.0
2020-01-08,0.0
2020-01-09,0.0
2020-01-10,0.0
2020-01-12,0.0
2020-01-13,0.0
2020-01-14,0.0
2020-01-15,0.0
2020-01-16,0.0
2020-01-17,0.0
2020-01-19,0.0
2020-01-20,0.0
2020-01-21,0.0
2020-01-22,0.0
2020-01-23,0.0
2020-01-24,0.0
2020-01-26,0.0
2020-01-27,0.0
2020-01-28,0.0
2020-01-29,0.0
2020-01-30,0.0
2020-01-31,0.0
2020-02-02,0.0
2020-02-03,0.0
2020-02-04,0.0
2020-02-05,0.0
2020-02-06,0.0
2020-02-07,0.0
2020-02-09,0.0
2020-02-10,0.0
2020-02-11,0.0
2020-02-12,0.0
2020-02-13,0.0
2020-02-14,0.0
2020-02-16,0.0
2020-02-17,0.0
2020-02-18,0.0
2020-02-19,0.0
2020-02-20,-44.19176662338146
2020-02-21,25.597279522240086
2020-02-23,-7.836640850611971
2020-02-24,48.10611908572072
2020-02-25,5.347174354422914
2020-02-26,15.557921402549816
2020-02-27,105.78953785517743
2020-02-28,34.816136875300266
2020-03-01,14.676397044717094
2020-03-02,24.793830451692827
2020-03-03,67.09958124906812
2020-03-04,-21.276138635422132
2020-03-05,77.27189630278549
2020-03-06,74.57698128432979
2020-03-08,132.2025551842865
2020-03-09,47.823121178023165
2020-03-10,-91.28897799170619
2020-03-11,14.127072621937593
2020-03-12,-40.89291650483255
2020-03-13,-157.00580013905213
2020-03-15,32.98179656528653
2020-03-16,-103.01103249415665
2020-03-17,-40.73975309811431
2020-03-18,-225.8782836786795
2020-03-19,197.91189653605815
2020-03-20,54.67731138370095
2020-03-22,-121.74897028742797
2020-03-23,97.20940514555312
2020-03-24,95.22610185382236
2020-03-25,-53.08490051356009
2020-03-26,88.12654763377068
2020-03-27,-1.0299718470731545
2020-03-29,-15.571696236502099
2020-03-30,31.305452054036156
2020-03-31,-26.97962509448387
2020-04-01,-4.479964479291894
2020-04-02,66.29399312662841
2020-04-03,-50.34896670685545
2020-04-05,-14.830783793548516
2020-04-06,166.6036504080854
2020-04-07,-32.36037063974881
2020-04-08,103.55337201147913
2020-04-09,-18.787296669851983
2020-04-10,6.278212764826239
2020-04-12,4.5247574873701595
2020-04-13,-40.98406155043803
2020-04-14,15.5531470488678
2020-04-15,24.257119043190453
2020-04-16,-58.05991971079868
2020-04-17,21.586464674999217
2020-04-19,3.9427976901179145
2020-04-20,11.444455158088243
2020-04-21,52.220622312585654
2020-04-22,-46.184206330816764
2020-04-23,-67.94758709348021
2020-04-24,22.527285457003558
2020-04-26,-5.476427215675262
2020-04-27,-46.58101393509991
2020-04-28,-2.7575733894468737
2020-04-29,-12.855265957205248
2020-04-30,37.73838987755749
2020-05-01,105.59767526062635
2020-05-03,22.419132874042425
2020-05-04,27.085782515797032
2020-05-05,41.13751113506474
2020-05-06,-31.750233759728317
2020-05-07,46.84547082329743
2020-05-08,22.79573957922113
2020-05-10,7.965729228589927
2020-05-11,-10.307015967373601
2020-05-12,-37.19790646399331
2020-05-13,-37.30078745197545
2020-05-14,37.296115421994664
2020-05-15,-56.22432622947033
2020-05-17,7.610639819012064
2020-05-18,60.18907750616303
2020-05-19,27.07772278805418
2020-05-20,-17.7464965096223
2020-05-21,17.433781818532186
2020-05-22,-12.546500107847105
2020-05-24,7.117395669613698
2020-05-25,3.4632189423377455
2020-05-26,22.823296794742376
2020-05-27,36.404797292360485
2020-05-28,13.837729954880144
2020-05-29,-21.53278327158219
2020-05-31,13.24854161710689
2020-06-01,-119.48970621911522
2020-06-02,-157.74409750572983
2020-06-03,-43.07830935425081
2020-06-04,-19.7345950866112
2020-06-05,-59.89606034995354
2020-06-07,-22.457012146959652
2020-06-08,14.781226785202652
2020-06-09,103.42595864782254
2020-06-10,11.23457506610208
2020-06-11,152.05485086221682
2020-06-12,-78.90067388124504
2020-06-14,41.44570723154589
2020-06-15,-109.66279909368637
2020-06-16,43.406412905304194
2020-06-17,39.36691675718869
2020-06-18,-15.809501014127036
2020-06-19,8.971260146400505
2020-06-21,15.760472550653551
2020-06-22,-76.28652418797911
2020-06-23,0.4873661165494241
2020-06-24,53.881497140127244
2020-06-25,-26.66922754633564
2020-06-26,-19.891540110663016
2020-06-28,5.971767651455081
2020-06-29,-17.511829373178333
2020-06-30,-27.607269757052673
2020-07-01,17.839481010905256
2020-07-02,-22.487460748406733
2020-07-03,-14.472086199666908
2020-07-05,-16.25841683150182
2020-07-06,-25.128625751009533
2020-07-07,34.421373225808104
2020-07-08,-21.55358328794167
2020-07-09,24.66734980786707
2020-07-10,20.658084758073194
2020-07-12,-1.0272088541048485
2020-07-13,-6.263849737731132
2020-07-14,-32.92558720409836
2020-07-15,13.004969270156122
2020-07-16,9.162920936763086
2020-07-17,-30.46956827803639
2020-07-19,-12.336825426150064
2020-07-20,-10.456686580913278
2020-07-21,-79.96755178470218
2020-07-22,-17.293310766227254
2020-07-23,24.210522471755606
2020-07-24,-19.54535802396446
2020-07-26,7.563545540992623
2020-07-27,-51.90587056398699
2020-07-28,23.962537011649065
2020-07-29,-18.653145432975492
2020-07-30,-87.2722245400229
2020-07-31,62.76936216432093
2020-08-02,-0.5104238711951219
2020-08-03,28.817955399108957
2020-08-04,-18.73964975500812
2020-08-05,-24.377653293116857
2020-08-06,-48.52772692150962
2020-08-07,75.6172834048694
2020-08-09,4.778560859502115
2020-08-10,24.253367111223465
2020-08-11,17.93395224305591
2020-08-12,-12.746466639914146
2020-08-13,-28.718100391145835
2020-08-14,-33.42018912082403
2020-08-16,-6.3363940879580305
2020-08-17,-3.626469707485768
2020-08-18,-33.963163363802366
2020-08-19,81.66068972903368
2020-08-20,-66.0692154131896
2020-08-21,77.99421283915554
2020-08-23,-2.8323629351505883
2020-08-24,-9.64363310444629
2020-08-25,-20.883360963636733
2020-08-26,20.184653360286916
2020-08-27,30.894102704245775
2020-08-28,-40.21985880989233
2020-08-30,-1.4196605059626286
2020-08-31,2.6986506264318155
2020-09-01,24.888695127165114
2020-09-02,50.79321207094465
2020-09-03,107.9293322820351
2020-09-04,-72.42733154062046
2020-09-06,7.002518530282165
2020-09-07,5.656212930845218
2020-09-08,125.68840359397961
2020-09-09,-75.51715866610918
2020-09-10,48.668599569091015
2020-09-11,-17.6530993265494
2020-09-13,-8.960470715038635
2020-09-14,8.553710611416992
2020-09-15,4.199012023620639
2020-09-16,-9.12160601561203
2020-09-17,-14.650977019753892
2020-09-18,21.302647870540834
2020-09-20,-1.0666928008454373
2020-09-21,87.41178892800355
2020-09-22,11.069103017382206
2020-09-23,98.09925116194742
2020-09-24,-26.586580510390707
2020-09-25,13.1296262896692
2020-09-27,-8.944102064110297
2020-09-28,43.16420671549398
2020-09-29,24.19112215279882
2020-09-30,36.150630337843374
2020-10-01,10.577968144433266
2020-10-02,1.0325294992105283
2020-10-04,9.332658440527075
2020-10-05,14.469514548628105
2020-10-06,-88.89364303299752
2020-10-07,13.732909960965214
2020-10-08,37.585965421371
2020-10-09,70.67478484304443
2020-10-11,-11.318983852613783
2020-10-12,-13.844598704419653
2020-10-13,-24.756381935458432
2020-10-14,-0.8964655973805484
2020-10-15,-66.77902634711913
2020-10-16,0.467548295525952
2020-10-18,17.551085928330977
2020-10-19,-47.18329023269731
2020-10-20,-27.871805036097236
2020-10-21,74.2952780736907
2020-10-22,31.63036536225542
2020-10-23,-12.933939595392877
2020-10-25,2.0784622920823383
2020-10-26,25.477799353020927
2020-10-27,23.697986204901625
2020-10-28,6.932002102623441
2020-10-29,40.64356042225304
2020-10-30,7.911019127104644
2020-11-01,1.4445489624154833
2020-11-02,21.32262091271501
2020-11-03,-46.711608706380005
2020-11-04,42.96803858379251
2020-11-05,-28.27064724177094
2020-11-06,-36.76031695576456
2020-11-08,0.8544939795241415
2020-11-09,9.081589044095814
2020-11-10,-9.325875603660792
2020-11-11,22.0388076593443
2020-11-12,-3.044387384087333
2020-11-13,-5.707685113872614
2020-11-15,-1.61516792835293
2020-11-16,-34.05989257127069
2020-11-17,16.704820458910334
2020-11-18,-23.01698013381618
2020-11-19,33.61373822569093
2020-11-20,-42.57070565937241
2020-11-22,-13.741578548844656
2020-11-23,-3.003475303785047
2020-11-24,-44.8995398856422
2020-11-25,1.036153012208957
2020-11-26,15.875989449841246
2020-11-27,10.253345454998556
2020-11-29,-12.491845377346095
2020-11-30,0.6308405457181454
2020-12-01,25.094611781817562
2020-12-02,30.473928826857446
2020-12-03,-7.658284888987908
2020-12-04,8.779363367817968
2020-12-06,4.789434870267963
2020-12-07,23.396919318798417
2020-12-08,8.837565884501231
2020-12-09,-14.784198490178607
2020-12-10,-96.25955265783139
2020-12-11,16.253921659031796
2020-12-13,6.11098356221286
2020-12-14,2.1494224693258825
2020-12-15,17.04957743305325
2020-12-16,22.442362621392853
2020-12-17,0.35193510381803783
2020-12-18,-7.253498224964124
2020-12-20,2.9947263393747257
2020-12-21,31.765650274480592
2020-12-22,24.664177881370755
2020-12-23,-9.24925523886235
2020-12-24,24.22257758473354
2020-12-25,-2.523871317869095
2020-12-27,-8.721575608921182
2020-12-28,-32.20303553076378
2020-12-29,-32.601114905687
2020-12-30,-17.757315509484865
2020-12-31,25.36486781870314
2021-01-03,-10.314713572300413
2021-01-04,-4.660688792245651
2021-01-05,-59.63594082408208
2021-01-06,-48.44007056650821
2021-01-07,23.786491468226597
2021-01-08,17.09476776728219
2021-01-10,32.542937691341734
2021-01-11,-1.9434530204649558
2021-01-12,-63.657242122236575
2021-01-13,39.084996508015145
2021-01-14,-26.58652790408892
2021-01-15,70.0258929747335
2021-01-17,2.0440856660365556
2021-01-18,10.144171187771718
2021-01-19,-16.611628042539664
2021-01-20,-33.097771740961186
2021-01-21,-22.79082878127189
2021-01-22,24.21842781769516
2021-01-24,3.398387162826957
2021-01-25,-22.31122081366315
2021-01-26,-35.79180342250154
2021-01-27,74.41594160235553
2021-01-28,-41.602185070932705
2021-01-29,-0.7645470591386889
2021-01-31,4.915720272224456
2021-02-01,-44.72248827298053
2021-02-02,-0.09607439161066011
2021-02-03,-10.103110913281508
2021-02-04,-57.873671987538536
2021-02-05,4.884268829232411
2021-02-07,-3.5820284326924403
2021-02-08,-5.8309506724586715
2021-02-09,34.95996191044725
2021-02-10,11.790906615027392
2021-02-11,-8.249022629570696
2021-02-12,-31.93339258536588
2021-02-14,-9.546585385745741
2021-02-15,-18.69682115233433
2021-02-16,-27.028271956199767
2021-02-17,-29.294090382275865
2021-02-18,2.789354250445106
2021-02-19,-38.9942445324463
2021-02-21,-12.623656919540611
2021-02-22,10.40647610441929
2021-02-23,-68.15444691495001
2021-02-24,-121.0513038127361
2021-02-25,113.47167510984926
2021-02-26,135.55088014217435
2021-02-28,-41.94074446244731
2021-03-01,-46.348021714906096
2021-03-02,-36.00869671197439
2021-03-03,40.73320185264579
2021-03-04,-22.003876555912218
2021-03-05,14.3029017414312
2021-03-07,-22.005686698701183
2021-03-08,10.78318207591968
2021-03-09,-22.09190231769758
2021-03-10,-27.9352149620072
2021-03-11,-41.86991891105482
2021-03-12,14.901567325915682
2021-03-14,-11.28435446477609
2021-03-15,14.382202102336818
2021-03-16,18.989854736447725
2021-03-17,-64.57070482054235
2021-03-18,64.03878124882411
2021-03-19,11.001257942198539
2021-03-21,10.08622629732345
2021-03-22,14.252015871100616
2021-03-23,-31.300261524929894
2021-03-24,-15.150342354734686
2021-03-25,-43.04478022280007
2021-03-26,-23.085688306988768
2021-03-28,-8.318981284731525
2021-03-29,13.259144504733023
2021-03-30,-19.39200347464044
2021-03-31,-58.3795829417964
2021-04-01,8.67956806914774
2021-04-02,5.643251810722394
2021-04-04,0.9818212720889385
2021-04-05,18.08094204457878
2021-04-06,77.54067492620243
2021-04-07,23.311338097425075
2021-04-08,50.235271991206744
2021-04-09,-23.480759540629695
2021-04-11,-7.953018603934056
2021-04-12,17.228992341266185
2021-04-13,-4.177671718289611
2021-04-14,63.87824403962136
2021-04-15,30.414301163505815
2021-04-16,-13.588548161474213
2021-04-18,-12.95180631125347
2021-04-19,56.48917690457422
2021-04-20,-38.098384124856594
2021-04-21,27.597304736347155
2021-04-22,-59.24955788622772
2021-04-23,3.143887747063017
2021-04-25,-6.615884799412847
2021-04-26,53.82373824006479
2021-04-27,-26.355918008963968
2021-04-28,23.896793676276747
2021-04-29,-15.434162064301852
2021-04-30,-47.767562230885886
2021-05-02,3.3700103865441697
2021-05-03,37.00406175365902
2021-05-04,-11.937391322540543
2021-05-05,47.54617571794081
2021-05-06,-25.401974450784763
2021-05-07,-20.704518873011175
2021-05-09,1.3490860800436248
2021-05-10,27.251872783801645
2021-05-11,12.933871115584122
2021-05-12,44.864616219786825
2021-05-13,13.235927901419124
2021-05-14,-58.36768550110027
2021-05-16,4.277183804663595
2021-05-17,14.665363083297652
2021-05-18,11.004791105676906
2021-05-19,48.776212756581955
2021-05-20,-27.287515206513234
2021-05-21,17.26515444945897
2021-05-23,1.0200474749926245
2021-05-24,-30.525437470905985
2021-05-25,-0.9308027904698846
2021-05-26,-14.82891218190418
2021-05-27,-21.447614894637383
2021-05-28,23.66195187385146
2021-05-30,2.2825557932791094
2021-05-31,-9.807163165390563
2021-06-01,19.04035139126759
2021-06-02,-4.993346448415598
2021-06-03,3.6432729532652672
2021-06-04,20.75681968769672
2021-06-06,-3.828593732456408
2021-06-07,2.431507181199218
2021-06-08,-5.204594637949565
2021-06-09,-6.497120192192374
2021-06-10,0.2298204584397343
2021-06-11,23.687046835729976
2021-06-13,-3.8391451992271604
2021-06-14,-8.155032858456023
2021-06-15,-9.57670945636837
2021-06-16,51.21903399463212
2021-06-17,69.0179236585849
2021-06-18,40.99767577128985
2021-06-20,2.5871135661849642
2021-06-21,-47.110776594007376
2021-06-22,-18.36900507731707
2021-06-23,-8.724308434168154
2021-06-24,18.015962507123948
2021-06-25,-15.247230283084296
2021-06-27,5.884480047742327
2021-06-28,-13.19376881020156
2021-06-29,-19.224253017767484
2021-06-30,10.233041050530856
2021-07-01,-1.9190720814792481
2021-07-02,4.076060724336067
2021-07-04,0.7990030020061316
2021-07-05,-2.446521208015433
2021-07-06,-33.39510658261045
2021-07-07,-8.631320558362017
2021-07-08,-7.356697910298912
2021-07-09,42.27566531711343
2021-07-11,5.038159663837044
2021-07-12,-3.9143119415742866
2021-07-13,-44.760170007312404
2021-07-14,27.135305146033627
2021-07-15,-7.421621659106608
2021-07-16,1.0053195044091279
2021-07-18,-2.536347654594112
2021-07-19,-45.570128879814966
2021-07-20,43.61810730198528
2021-07-21,50.98591195245665
2021-07-22,29.68028862093021
2021-07-23,5.803640539754532
2021-07-25,1.872588021651598
2021-07-26,-0.4200083660279831
2021-07-27,-60.108440544733405
2021-07-28,9.307561653327406
2021-07-29,21.428370727121603
2021-07-30,-43.98315143540711
2021-08-01,4.063214868240329
2021-08-02,-13.388621249882885
2021-08-03,16.401998032638975
2021-08-04,17.434435614347034
2021-08-05,34.179923072532425
2021-08-06,-6.582876273336877
2021-08-08,-18.87486293376717
2021-08-09,22.191872720014853
2021-08-10,48.815649508671115
2021-08-11,19.734418594606375
2021-08-12,-27.70555019937005
2021-08-13,29.388275860867807
2021-08-15,2.205126915190706
2021-08-16,33.679347391327326
2021-08-17,41.17496963061507
2021-08-18,9.845600012624285
2021-08-19,83.57389409665556
2021-08-20,11.168505264474092
2021-08-22,-2.4218977562990673
2021-08-23,-58.692774608045816
2021-08-24,-30.56562872096584
2021-08-25,-25.790993671682077
2021-08-26,31.70021401273462
2021-08-27,-18.739090596411067
2021-08-29,-0.5660952031096399
2021-08-30,-15.098191644208212
2021-08-31,-6.016973481179707
2021-09-01,1.3394250617835592
2021-09-02,-33.091357260791064
2021-09-03,-23.214998352719256
2021-09-05,6.954311596986862
2021-09-06,2.4724886410808296
2021-09-07,-0.8818861899710471
2021-09-08,6.467641555526616
2021-09-09,23.648389303851815
2021-09-10,0.44784077554021184
2021-09-12,-0.14074994150127274
2021-09-13,9.100613030929653
2021-09-14,7.13991763759966
2021-09-15,0.6055896076750615
2021-09-16,34.91254120842605
2021-09-17,0.023927143573995835
2021-09-19,-2.1578909960136414
2021-09-20,-27.176292676292313
2021-09-21,14.140521090699986
2021-09-22,11.2435359104365
2021-09-23,-8.0696006453435
2021-09-24,28.0042863530624
2021-09-26,-7.494991111174768
2021-09-27,27.72802849413127
2021-09-28,-34.0960424485617
2021-09-29,37.50074563766777
2021-09-30,15.185987759829175
2021-10-01,33.985179345790606
2021-10-03,5.2344004994288165
2021-10-04,19.751763982232767
2021-10-05,18.77209197837847
2021-10-06,-33.501617794823304
2021-10-07,32.08941639028009
2021-10-08,-7.36677893048504
2021-10-10,-6.287434529490644
2021-10-11,63.70286015987527
2021-10-12,-16.997374191362166
2021-10-13,58.51542304194808
2021-10-14,40.78824759857284
2021-10-15,58.67190538526224
2021-10-17,14.637471218848944
2021-10-18,-10.92981539265666
2021-10-19,76.65669852480681
2021-10-20,33.176645819884214
2021-10-21,-57.17619137333183
2021-10-22,-20.258423809466553
2021-10-24,5.34185885909951
2021-10-25,21.100840267168493
2021-10-26,-23.958284323860006
2021-10-27,10.710487767730239
2021-10-28,7.014030547500326
2021-10-29,-40.38315856995039
2021-10-31,-6.701067521845417
2021-11-01,17.920729388098877
2021-11-02,67.78175181515141
2021-11-03,-32.987795157919436
2021-11-04,59.655490858590746
2021-11-05,13.683469667654322
2021-11-07,6.365555885367893
2021-11-08,-22.176717649510483
2021-11-09,43.18164043949919
2021-11-10,-9.684152122171618
2021-11-11,52.74574522855015
2021-11-12,-41.80730663741582
2021-11-14,-4.492897922101522
2021-11-15,-56.10078509087364
2021-11-16,20.863281447178483
2021-11-17,37.43418564705784
2021-11-18,-0.6332996175584782
2021-11-19,-61.56750692834563
2021-11-21,-3.481740613096942
2021-11-22,5.835966774256001
2021-11-23,7.250138380284261
2021-11-24,-29.660939796641472
2021-11-25,-17.6101267961468
2021-11-26,-73.89860208902883
2021-11-28,12.49809737391455
2021-11-29,-10.175315744744095
2021-11-30,-28.82534953786476
2021-12-01,-23.694064754777067
2021-12-02,-8.345293183564376
2021-12-03,-74.27076649873456
2021-12-05,19.833313856057586
2021-12-06,57.381087727918384
2021-12-07,23.333388404449742
2021-12-08,23.952122043822477
2021-12-09,-17.3991223569181
2021-12-10,15.092363005469668
2021-12-12,-2.04746857161497
2021-12-13,-33.221117914520676
2021-12-14,-6.563267799637015
2021-12-15,73.64261964285677
2021-12-16,0.5624288388162624
2021-12-17,-64.29383132400628
2021-12-19,-17.16419898551368
2021-12-20,-22.46856378829836
2021-12-21,78.27336885228735
2021-12-22,66.99245332600515
2021-12-23,37.00392721309508
2021-12-24,-11.221399037968418
2021-12-26,7.209175856371001
2021-12-27,20.48230806480945
2021-12-28,-11.304580277140866
2021-12-29,41.80388496867675
2021-12-30,-5.887170936794669
2021-12-31,19.992401239239847
2022-01-02,-1.2155134375123788
2022-01-03,-42.92426250332584
2022-01-04,58.0874972625646
2022-01-05,-6.867059364599527
2022-01-06,-48.324710748771324
2022-01-07,-26.49351314680447
2022-01-09,-1.1906298100863042
2022-01-10,15.543607029388664
2022-01-11,-49.0764491972145
2022-01-12,-28.685104725879114
2022-01-13,20.872809716139727
2022-01-14,23.400990522499455
2022-01-16,-5.686796707715277
2022-01-17,-10.933915942743344
2022-01-18,9.91210604202594
2022-01-19,-1.9972609068411584
2022-01-20,-5.4449295156627215
2022-01-21,39.075416283048334
2022-01-23,-8.905854738901388
2022-01-24,39.061830877823596
2022-01-25,-13.794291622958443
2022-01-26,6.351230947143108
2022-01-27,34.10994538115752
2022-01-28,-0.48508125989324213
2022-01-30,-0.5250881997644448
2022-01-31,-42.198116351713516
2022-02-01,67.10359925988949
2022-02-02,-11.643922450161226
2022-02-03,65.04872442673393
2022-02-04,-45.23112087983632
2022-02-06,0.3095950714340341
2022-02-07,0.499352313400232
2022-02-08,39.817568786973254
2022-02-09,14.259537865472245
2022-02-10,22.428409072659456
2022-02-11,-31.95636110469608
2022-02-13,6.903193296213864
2022-02-14,-34.378552389491475
2022-02-15,22.826460002620596
2022-02-16,38.43627296846591
2022-02-17,4.700960022621059
2022-02-18,3.287767710492913
2022-02-20,-3.1154648112891654
2022-02-21,0.9363732214746179
2022-02-22,50.32588673018478
2022-02-23,-16.27008177673435
2022-02-24,-97.87657761389063
2022-02-25,-22.077811653955415
2022-02-27,23.779037867347498
2022-02-28,-54.24777751264867
2022-03-01,-33.76559254028564
2022-03-02,12.745438321336511
2022-03-03,-61.324042811358666
2022-03-04,-83.10126357452123
2022-03-06,-4.151310572748461
2022-03-07,2.47605843761467
2022-03-08,22.39032686432121
2022-03-09,-1.3861764974079112
2022-03-10,-45.796587003638
2022-03-11,38.7641711669018
2022-03-13,-1.0714692891530988
2022-03-14,35.701261635138906
2022-03-15,30.158734233110188
2022-03-16,-29.46523276995369
2022-03-17,-60.078444302421886
2022-03-18,-39.74386982218634
2022-03-20,2.9833507755487005
2022-03-21,19.517322257655017
2022-03-22,-75.72639192739335
2022-03-23,-45.76339223847636
2022-03-24,-46.83350544451204
2022-03-25,-17.511923985826847
2022-03-27,-4.301359464129274
2022-03-28,-13.33053858495064
2022-03-29,2.9956225447134495
2022-03-30,46.70713492999129
2022-03-31,15.622858493348343
2022-04-01,-31.731817344441417
2022-04-03,10.767526323231978
2022-04-04,-70.15084285272275
2022-04-05,-66.05116793636766
2022-04-06,65.5929229966799
2022-04-07,11.604721415827683
2022-04-08,1.6005317488729967
2022-04-10,15.662568473670694
2022-04-11,6.528435015189213
2022-04-12,-50.83013745886499
2022-04-13,60.66099500799986
2022-04-14,-16.199983601700154
2022-04-15,-15.528085718849164
2022-04-17,-6.558512964658596
2022-04-18,-33.33629739522881
2022-04-19,-64.35194704066619
2022-04-20,15.98083395634068
2022-04-21,16.008704463688677
2022-04-22,24.068385090930903
2022-04-24,-2.82274365630419
2022-04-25,11.931650163117288
2022-04-26,0.6141033636179465
2022-04-27,-74.15535007078503
2022-04-28,-111.24399040060393
2022-04-29,55.93027278295259
2022-05-01,-8.396336829108298
2022-05-02,-10.146313044683387
2022-05-03,-34.600942333488035
2022-05-04,37.044872959876216
2022-05-05,-53.50128033547773
2022-05-06,25.731354182650247
2022-05-08,-5.078585912519037
2022-05-09,46.682512444335394
2022-05-10,-21.67659927611066
2022-05-11,-36.83836132085138
2022-05-12,-8.780573303681507
2022-05-13,21.92255350905792
2022-05-15,6.650036178772927
2022-05-16,15.338083589016492
2022-05-17,60.60738629645385
2022-05-18,-61.2738940878138
2022-05-19,74.92415426497121
2022-05-20,34.381824103655774
2022-05-22,10.416705578733634
2022-05-23,6.147934184306671
2022-05-24,1.3934101637612457
2022-05-25,38.79417037222713
2022-05-26,-13.813720200987113
2022-05-27,43.443284545896915
2022-05-29,-4.535495916074942
2022-05-30,-3.4530604068909936
2022-05-31,-36.46734749584363
2022-06-01,-38.064751609610376
2022-06-02,53.269815926759804
2022-06-03,40.090320152319464
2022-06-05,10.109871643171891
2022-06-06,16.925359455846163
2022-06-07,-14.329913063191274
2022-06-08,37.91918031439657
2022-06-09,38.53472006106993
2022-06-10,37.45820774601276
2022-06-12,8.163184740373099
2022-06-13,85.80173089324737
2022-06-14,56.309019894447125
2022-06-15,-88.61496355005858
2022-06-16,-108.5288487113354
2022-06-17,20.56874240177665
2022-06-19,-25.799849240019633
2022-06-20,-9.399507340874827
2022-06-21,-9.875967103792531
2022-06-22,46.15152612451363
2022-06-23,-4.787673884851057
2022-06-24,-44.322845652017605
2022-06-26,4.335049162207151
2022-06-27,15.070404063341556
2022-06-28,-40.56281254308163
2022-06-29,-13.355458269453962
2022-06-30,29.433139021940914
2022-07-01,-19.28041105621627
2022-07-03,-0.23867141935958247
2022-07-04,26.25538558696754
2022-07-05,26.830472672465163
2022-07-06,9.699861382610313
2022-07-07,78.25948786751935
2022-07-08,10.665938129036554
2022-07-10,-0.22783420842146018
2022-07-11,-56.654717006402706
2022-07-12,20.426705648227134
2022-07-13,-40.097844200806165
2022-07-14,10.131082348700579
2022-07-15,0.7495382274797873
2022-07-17,29.832296080348403
2022-07-18,-39.013760876172405
2022-07-19,38.605565987686035
2022-07-20,11.67696905946978
2022-07-21,26.686929817220523
2022-07-22,28.525387169539904
2022-07-24,-4.4306353533257665
2022-07-25,-15.15687836342295
2022-07-26,-44.51270297748661
2022-07-27,49.473769868145226
2022-07-28,28.10091883994316
2022-07-29,37.551882162391806
2022-07-31,3.25020938019402
2022-08-01,77.73370608881186
2022-08-02,-48.42581078801271
2022-08-03,-45.35845208842414
2022-08-04,66.79369902116372
2022-08-05,-61.44668206759654
2022-08-07,-2.065258218938154
2022-08-08,-43.03736561547716
2022-08-09,18.814159411963757
2022-08-10,40.644519208303564
2022-08-11,-11.87266244749075
2022-08-12,-56.645661820880555
2022-08-14,1.2305629168451806
2022-08-15,24.445614049755893
2022-08-16,67.86866376406725
2022-08-17,48.397539343738316
2022-08-18,18.129935574103705
2022-08-19,48.21357825708148
2022-08-21,-5.090396584231098
2022-08-22,-22.45955679614956
2022-08-23,-0.17041304777474764
2022-08-24,30.932354193364628
2022-08-25,-37.13288209064867
2022-08-26,58.31880510534537
2022-08-28,19.257266108058676
2022-08-29,17.43038451955638
2022-08-30,30.126764597782326
2022-08-31,37.138402517435516
2022-09-01,4.437253317122078
2022-09-02,-6.295180115800412
2022-09-04,7.848886802340859
2022-09-05,-15.514660605523002
2022-09-06,97.62051688693846
2022-09-07,14.104806477915105
2022-09-08,-21.98351213368513
2022-09-09,37.95665564064522
2022-09-11,9.781383175294568
2022-09-12,13.871948619864915
2022-09-13,-77.69696740267541
2022-09-14,49.096392601845054
2022-09-15,-53.830823774985404
2022-09-16,13.690986401684988
2022-09-18,1.6969390760763567
2022-09-19,-27.317176452596815
2022-09-20,-7.473459570023074
2022-09-21,-20.320005864523942
2022-09-22,40.44961456225743
2022-09-23,-172.3956426969519
2022-09-25,-29.810495947478394
2022-09-26,-7.929279863613967
2022-09-27,-30.967789486553173
2022-09-28,35.28079328393091
2022-09-29,135.27802784520082
2022-09-30,-42.12490287816688
2022-10-02,-7.449511536697347
2022-10-03,85.47827755554471
2022-10-04,8.477254922653458
2022-10-05,29.511397771041683
2022-10-06,-86.79380115096812
2022-10-07,-33.0694023625569
2022-10-09,18.56158480124934
2022-10-10,-63.28797161647317
2022-10-11,24.34709491541798
2022-10-12,-8.845702464185623
2022-10-13,-5.593297786187847
2022-10-14,-54.92727873010374
2022-10-16,8.000375158375984
2022-10-17,108.95393814710498
2022-10-18,33.37239235426445
2022-10-19,-7.033299179189786
2022-10-20,12.948063078435123
2022-10-21,66.15873490820073
2022-10-23,-24.615330372577915
2022-10-24,-24.23613317441724
2022-10-25,8.186287019579105
2022-10-26,30.940249942738866
2022-10-27,-12.098109244879899
2022-10-28,-59.456751909329725
2022-10-30,1.1126348410869884
2022-10-31,32.35528582766445
2022-11-01,-0.14170892895577225
2022-11-02,40.811774411081494
2022-11-03,65.7102380991844
2022-11-04,-85.91154009033801
2022-11-06,19.687914424569758
2022-11-07,-85.20391753215947
2022-11-08,3.5225442015880066
2022-11-09,43.13103606364841
2022-11-10,-7.364969312541078
2022-11-11,-26.509615549911302
2022-11-13,1.6596059675829746
2022-11-14,6.033241206450294
2022-11-15,-9.524243754520047
2022-11-16,-43.3323396127193
2022-11-17,-20.27060067572507
2022-11-18,-8.40603801798523
2022-11-20,-0.8974556511784186
2022-11-21,-5.671053153738406
2022-11-22,-35.85523287790329
2022-11-23,-97.8599148184896
2022-11-24,-1.6643411562436183
2022-11-25,12.5354256487815
2022-11-27,2.5401690552172997
2022-11-28,-37.22517557526503
2022-11-29,-38.13192539522012
2022-11-30,-40.42806774790764
2022-12-01,-93.39469596279758
2022-12-02,-51.035975175275944
2022-12-04,18.498688206840715
2022-12-05,39.54985880513076
2022-12-06,-31.79179036027661
2022-12-07,-22.390621247179894
2022-12-08,3.8658940157323034
2022-12-09,-44.18589456319618
2022-12-11,10.01744280299815
2022-12-12,44.29541175168923
2022-12-13,-64.38508867870041
2022-12-14,-13.192895063928361
2022-12-15,43.908281214446404
2022-12-16,3.036203885450532
2022-12-18,10.877328835681407
2022-12-19,-3.4852186835905843
2022-12-20,-5.307365094254634
2022-12-21,38.95487028847839
2022-12-22,11.623934303155462
2022-12-23,19.59554250002484
2022-12-25,-8.216895418741112
2022-12-26,15.691756065459353
2022-12-27,12.66424601073046
2022-12-28,-43.020695904871886
2022-12-29,-17.820493668868096
2022-12-30,8.19586865759505
2023-01-01,5.673905376999743
2023-01-02,4.41599948661458
2023-01-03,53.4337803613713
2023-01-04,55.557227092007025
2023-01-05,22.126001442238596
2023-01-06,-35.55628260428796
2023-01-08,-5.218916308909492
2023-01-09,-30.31238905413268
2023-01-10,17.565231257457228
2023-01-11,-12.557666333869403
2023-01-12,-67.94349058513468
2023-01-13,-15.993537023996629
2023-01-15,0.06914785213683816
2023-01-16,7.303387565812985
2023-01-17,37.46334913043236
2023-01-18,91.49518642351771
2023-01-19,-17.129412921866475
2023-01-20,13.975271742760516
2023-01-22,0.1323629807835185
2023-01-23,-6.399380848797971
2023-01-24,-29.310651250573954
2023-01-25,-24.399786348454715
2023-01-26,-8.636229705475717
2023-01-27,-1.0867970768045119
2023-01-29,-2.8525889261523005
2023-01-30,34.651387818783626
2023-01-31,-67.64907942941488
2023-02-01,-15.808769389565256
2023-02-02,-23.15456042473984
2023-02-03,150.44086119528362
2023-02-05,16.7845509522708
2023-02-06,23.264266267849358
2023-02-07,-60.25756610002512
2023-02-08,21.05779098244961
2023-02-09,2.8719212220234027
2023-02-10,36.9961805056417
2023-02-12,-4.0242888435766195
2023-02-13,-8.834349446642765
2023-02-14,25.339305305321876
2023-02-15,40.06196179222924
2023-02-16,6.469966861430086
2023-02-17,8.167903315253987
2023-02-19,12.98093138504921
2023-02-20,-24.523297796093726
2023-02-21,65.8989654044904
2023-02-22,1.5781601980056479
2023-02-23,-17.49334052897914
2023-02-24,84.98170870386187
2023-02-26,1.5161609534729337
2023-02-27,35.13980642578545
2023-02-28,33.26829914382224
2023-03-01,52.1815591928938
2023-03-02,-24.456635621799535
2023-03-03,14.604161700564653
2023-03-05,-15.6105878758128
2023-03-06,-13.255082659393903
2023-03-07,-71.6349626743459
2023-03-08,16.75073979474416
2023-03-09,-6.354632616250811
2023-03-10,10.499520013387524
2023-03-12,20.176725759998817
2023-03-13,51.86567597871622
2023-03-14,-8.135185887170497
2023-03-15,-14.229837353002882
2023-03-16,20.004409728195697
2023-03-17,77.76088400549172
2023-03-19,-5.828077888681314
2023-03-20,-39.64098947417187
2023-03-21,-45.47582272844684
2023-03-22,50.161572848193074
2023-03-23,5.167000032020054
2023-03-24,16.280967475954956
2023-03-26,-0.11168209914532135
2023-03-27,6.357085577654268
2023-03-28,43.385467715175764
2023-03-29,17.540545625734083
2023-03-30,-5.214226589561356
2023-03-31,15.219580526518591
2023-04-02,30.661966337952652
2023-04-03,-5.0312687665566145
2023-04-04,-81.91359807805277
2023-04-05,-9.101817110034734
2023-04-06,-30.8604749734275
2023-04-07,11.276037180132104
2023-04-09,-4.587671681293385
2023-04-10,52.19388093629897
2023-04-11,-24.24610356341515
2023-04-12,-45.434082034526384
2023-04-13,10.020373217073839
2023-04-14,30.357837761251705
2023-04-16,10.001260921148084
2023-04-17,37.2009946738645
2023-04-18,-1.0346070579287874
2023-04-19,-12.23744548841133
2023-04-20,5.605534330842072
2023-04-21,-18.37713895384092
2023-04-23,4.1214315269219055
2023-04-24,-24.4253048694446
2023-04-25,64.67245088182881
2023-04-26,-35.43004266419844
2023-04-27,13.20368948036646
2023-04-28,-44.89214519719084
2023-04-30,-2.661665199819264
2023-05-01,-13.526493608326122
2023-05-02,55.284510376715374
2023-05-03,-13.532531749285923
2023-05-04,51.79468520939036
2023-05-05,-42.54977134967446
2023-05-07,-0.9506146046377797
2023-05-08,26.9293233432992
2023-05-09,9.397760707418602
2023-05-10,38.63745202481702
2023-05-11,25.19012544057651
2023-05-12,45.4203033067962
2023-05-14,-2.5357848535418035
2023-05-15,-28.26911840839402
2023-05-16,17.611936512464162
2023-05-17,-0.3679775543055044
2023-05-18,23.74171309153247
2023-05-19,-39.44053903303025
2023-05-21,-7.295767045308734
2023-05-22,2.7653566636474283
2023-05-23,21.033873735527035
2023-05-24,67.68704388111648
2023-05-25,21.875063849337437
2023-05-26,0.21396518155832922
2023-05-28,0.5810728013490598
2023-05-29,-5.470912103719296
2023-05-30,-9.245692627229477
2023-05-31,7.198036599743666
2023-06-01,-8.446711874932607
2023-06-02,29.540687255078296
2023-06-04,6.467493325070421
2023-06-05,-22.682207677250293
2023-06-06,-16.947960928132197
2023-06-07,-34.1317278790654
2023-06-08,42.04930016826264
2023-06-09,-22.139347120974637
2023-06-11,-1.2765702360294275
2023-06-12,32.30506569267192
2023-06-13,-30.51140733650106
2023-06-14,29.05889866808606
2023-06-15,-3.3016571850592076
2023-06-16,-51.622003280235276
2023-06-18,-7.813036362884226
2023-06-19,-6.044756030496771
2023-06-20,5.079494790703173
2023-06-21,27.05091264998614
2023-06-22,-51.645291218260304
2023-06-23,-41.91376945828179
2023-06-25,2.3406896908194392
2023-06-26,12.067551050532517
2023-06-27,13.296664622000261
2023-06-28,-19.497003894588786
2023-06-29,-25.01295688635289
2023-06-30,4.093062602260567
2023-07-02,-2.996696083231834
2023-07-03,6.7344694200171045
2023-07-04,24.02508628308124
2023-07-05,18.923051903116082
2023-07-06,-0.7534595298909679
2023-07-07,-17.383497662247365
2023-07-09,-3.3497958042903715
2023-07-10,-3.5097416921113886
2023-07-11,-15.289514699257897
2023-07-12,11.82214844537793
2023-07-13,-42.731727741517105
2023-07-14,11.466633539821544
2023-07-16,2.635851430910092
2023-07-17,-27.90878005035291
2023-07-18,-17.13815387994822
2023-07-19,7.6093439881807345
2023-07-20,27.723119396378905
2023-07-21,-55.05750341346259
2023-07-23,2.9159865429463903
2023-07-24,44.65374625707949
2023-07-25,-31.31369516067026
2023-07-26,-20.252164721949114
2023-07-27,-32.16239823508358
2023-07-28,87.99224209031453
2023-07-30,-12.968500668350107
2023-07-31,33.358500865322455
2023-08-01,15.904603103488054
2023-08-02,15.15437538496619
2023-08-03,-34.93501161326658
2023-08-04,-34.70302407501112
2023-08-06,12.26215706690014
2023-08-07,16.79082844801214
2023-08-08,26.226075394117075
2023-08-09,9.583050365250346
2023-08-10,23.784004162144214
2023-08-11,24.037521567773766
2023-08-13,-0.9698480012974271
2023-08-14,16.7579191976573
2023-08-15,12.106399775502648
2023-08-16,32.82643477430175
2023-08-17,-16.02054898711122
2023-08-18,23.10824931190352
2023-08-20,8.13586632075233
2023-08-21,-41.55070849744467
2023-08-22,38.52243703219132
2023-08-23,70.1108465577574
2023-08-24,-31.577898751287623
2023-08-25,-21.675595727621825
2023-08-27,5.2050292928303925
2023-08-28,-5.375711343271602
2023-08-29,50.54791057526404
2023-08-30,-35.05301832425488
2023-08-31,64.45032820446468
2023-09-01,-22.35046912648897
2023-09-03,0.5088223973974957
2023-09-04,-22.283795931841926
2023-09-05,-66.66499621553528
2023-09-06,20.697760466397824
2023-09-07,23.54326262025879
2023-09-08,-3.0307820809576382
2023-09-10,27.183097422850178
2023-09-11,29.879719221964216
2023-09-12,-3.3317359133970648
2023-09-13,-18.458820239070697
2023-09-14,-64.08575025826488
2023-09-15,-0.9618728776638257
2023-09-17,0.6914274530583064
2023-09-18,-5.947121466769505
2023-09-19,-31.939153551095178
2023-09-20,-8.80772372612271
2023-09-21,-16.958694228904605
2023-09-22,-66.82855009785122
2023-09-24,2.71634202705605
2023-09-25,-44.180259391854506
2023-09-26,-16.685796162876585
2023-09-27,-0.7446105704289803
2023-09-28,-8.698903067635868
2023-09-29,-25.881132480800115
2023-10-01,-7.615584877079547
2023-10-02,3.578799236443629
2023-10-03,27.52862451263328
2023-10-04,33.34699113200644
2023-10-05,-6.308291560907579
2023-10-06,11.697283724438364
2023-10-08,0.9606327080112749
2023-10-09,-24.348891648712605
2023-10-10,16.91390766577493
2023-10-11,43.40027326315475
2023-10-12,-19.601403629128516
2023-10-13,16.769641608539015
2023-10-15,-10.113648704903728
2023-10-16,30.481242621718042
2023-10-17,13.701941764353224
2023-10-18,25.084816055760903
2023-10-19,52.90301856071244
2023-10-20,15.174871202429786
2023-10-22,-10.107785407546158
2023-10-23,43.534867894867475
2023-10-24,-37.62196354804028
2023-10-25,3.760425681972383
2023-10-26,-15.07863748963888
2023-10-27,7.907998914984939
2023-10-29,-3.8045351316041915
2023-10-30,6.9092701700966455
2023-10-31,-38.56920480602996
2023-11-01,49.18058601426044
2023-11-02,30.297493567469306
2023-11-03,38.314488364001804
2023-11-05,-1.7201057312548391
2023-11-06,-37.51942245845684
2023-11-07,-37.3507212597615
2023-11-08,-38.91454490205971
2023-11-09,1.8463220097069986
2023-11-10,-9.741735413200393
2023-11-12,-0.21762192974998673
2023-11-13,-15.928920824095862
2023-11-14,11.889027755870181
2023-11-15,0.592666910592035
2023-11-16,-38.237360269705164
2023-11-17,16.179607593170427
2023-11-19,-2.1154024614261626
2023-11-20,38.013669211162565
2023-11-21,26.573264103198518
2023-11-22,-31.284584380435795
2023-11-23,6.398917250963871
2023-11-24,-36.30249441450183
2023-11-26,7.996902669237784
2023-11-27,-7.773229281683765
2023-11-28,-26.353884453466794
2023-11-29,10.959922780733965
2023-11-30,19.505343082836532
2023-12-01,-39.71973887600201
2023-12-03,4.822826923864755
2023-12-04,47.281973853214296
2023-12-05,45.59512330162226
2023-12-06,11.681011465460568
2023-12-07,23.469741533550533
2023-12-08,31.164582955632607
2023-12-10,-4.845106154573092
2023-12-11,-14.718584230744412
2023-12-12,0.21834904734023652
2023-12-13,-13.14796401550958
2023-12-14,-35.324245050688205
2023-12-15,46.798522310176224
2023-12-17,1.137409207464306
2023-12-18,-14.213851851788808
2023-12-19,15.059933905886858
2023-12-20,-33.83066203695245
2023-12-21,-39.94657407779998
2023-12-22,6.8729858512884965
2023-12-24,2.640020857293983
2023-12-25,-11.946275840488314
2023-12-26,-14.846645103174925
2023-12-27,20.242655015291255
2023-12-28,-18.476313267706153
2023-12-29,-4.92658157768955
2024-01-01,-0.2769771942232858
2024-01-02,12.952802289642367
2024-01-03,35.13491122414116
2024-01-04,56.06491894018586
2024-01-05,2.8382907248781386
2024-01-07,-1.4715421867583347
2024-01-08,-3.1708311132275147
2024-01-09,9.733271767399748
2024-01-10,49.22908291403316
2024-01-11,-4.307693367178426
2024-01-12,-11.318339593155947
2024-01-14,9.627104809088832
2024-01-15,1.2485458485811414
2024-01-16,5.946031882988219
2024-01-17,-26.33442746369605
2024-01-18,25.274964528261002
2024-01-19,14.051574941124796
2024-01-21,0.5006226631748097
2024-01-22,8.375340750839324
2024-01-23,0.16011172408581764
2024-01-24,-35.1678477335593
2024-01-25,24.34368089369533
2024-01-26,-19.612348959940633
2024-01-28,5.331281884580725
2024-01-29,-3.047276123939792
2024-01-30,-2.0950166624117728
2024-01-31,2.5977174464955555
2024-02-01,-42.547033283712565
2024-02-02,42.3943054402201
2024-02-04,-2.8937738570923113
2024-02-05,30.46666153999648
2024-02-06,-1.8092883176524452
2024-02-07,-34.48876990365464
2024-02-08,-6.142695696443724
2024-02-09,27.261078169343545
2024-02-11,-1.3901704903595529
2024-02-12,-15.662783251774044
2024-02-13,-84.01283406529237
2024-02-14,50.42959426300137
2024-02-15,16.57813617327212
2024-02-16,13.904946656835534
2024-02-18,3.2762506774983655
2024-02-19,7.1034436846431275
2024-02-20,27.683110176545423
2024-02-21,6.372707241929811
2024-02-22,-4.446003352060954
2024-02-23,4.849042604388034
2024-02-25,-6.4185314485166085
2024-02-26,-24.96227828384749
2024-02-27,19.08740340226022
2024-02-28,-47.82204828549269
2024-02-29,-18.33531338179286
2024-03-01,18.22210382753363
2024-03-03,-2.0365344199276585
2024-03-04,-35.07584789905097
2024-03-05,2.3809816728653486
2024-03-06,22.6886754183103
2024-03-07,22.114780324601632
2024-03-08,-4.7889090187864
2024-03-10,3.8300511444813377
2024-03-11,18.212546837533605
2024-03-12,-13.95881720353567
2024-03-13,-4.459857410600659
2024-03-14,-17.016204438724152
2024-03-15,-14.482416175929004
2024-03-17,4.613883566836817
2024-03-18,-8.497255723959444
2024-03-19,-44.504836735616344
2024-03-20,0.8497698958064497
2024-03-21,-8.919539829290265
2024-03-22,13.377990451207557
2024-03-24,-0.10143391934816437
2024-03-25,-21.18276021901394
2024-03-26,-11.010550820855796
2024-03-27,3.4528872507134087
2024-03-28,18.115214649337187
2024-03-29,5.503261876239678
2024-03-31,-8.984562745476818
2024-04-01,9.055491808790727
2024-04-02,-26.146487374663366
2024-04-03,-11.933069772772907
2024-04-04,11.137081741527059
2024-04-05,-13.886735530903945
2024-04-07,-4.814060483982513
2024-04-08,-23.672136955758347
2024-04-09,18.2713398446528
2024-04-10,-12.491988537849267
2024-04-11,15.97870541358237
2024-04-12,17.59079976085132
2024-04-14,-2.6753549018360383
2024-04-15,-12.507667449777204
2024-04-16,-5.94328726882838
2024-04-17,-5.659915234536696
2024-04-18,-0.5571036963489959
2024-04-19,-3.6851916041918207
2024-04-21,2.6914580989663244
2024-04-22,-14.925525814363613
2024-04-23,33.27639047511879
2024-04-24,17.00729373267935
2024-04-25,-1.2971740123849234
2024-04-26,-58.02020282147228
2024-04-28,5.204962888663042
2024-04-29,62.08186461991869
2024-04-30,-31.359266796573646
2024-05-01,54.43816547372186
2024-05-02,27.698680418579745
2024-05-03,21.501686590081746
2024-05-05,-11.602444599823514
2024-05-06,-8.992655704146628
2024-05-07,-8.96208954293009
2024-05-08,-16.063117023893884
2024-05-09,2.032667252630234
2024-05-10,-16.326138370010757
2024-05-12,-1.1127520938540718
2024-05-13,9.920299508915026
2024-05-14,4.426018254939782
2024-05-15,-50.86223468155845
2024-05-16,-31.323608358621684
2024-05-17,-42.7923579998766
2024-05-19,-5.514512066814963
2024-05-20,9.259982993692791
2024-05-21,6.573679330643415
2024-05-22,-13.87598921149973
2024-05-23,20.764723087741633
2024-05-24,-44.63574765746321
2024-05-26,6.726417706414035
2024-05-27,-38.8911578420971
2024-05-28,12.81770871098004
2024-05-29,42.81792740774623
2024-05-30,43.85800431486007
2024-05-31,-31.07615679410876
2024-06-02,2.551813084181061
2024-06-03,-9.263975014629978
2024-06-04,88.94255335991306
2024-06-05,-51.51586501110192
2024-06-06,13.623818977372498
2024-06-07,61.65132799218087
2024-06-09,-3.3667669554266006
2024-06-10,3.128889588803247
2024-06-11,-4.9496362114144175
2024-06-12,-16.738958268828164
2024-06-13,5.443499075946802
2024-06-14,14.51324797554134
2024-06-16,4.445514680268408
2024-06-17,-8.933883242732875
2024-06-18,0.8943311293900074
2024-06-19,6.156081975602156
2024-06-20,61.19353537339507
2024-06-21,6.164935832296572
2024-06-23,2.010711899642629
2024-06-24,0.04844010067911553
2024-06-25,3.172110708948523
2024-06-26,30.80325560166167
2024-06-27,-0.7439874473692418
2024-06-28,13.119664825937615
2024-06-30,5.403252608371986
2024-07-01,-4.881597478431129
2024-07-02,8.978738165067663
2024-07-03,-7.049166380059427
2024-07-04,2.113272947095895
2024-07-05,37.83782525864024
2024-07-07,-1.7582399815569145
2024-07-08,-12.073232947009107
2024-07-09,-12.825554167389122
2024-07-10,-9.808430233664179
2024-07-11,70.22779258754588
2024-07-12,27.838507638025416
2024-07-14,-16.894059881745683
2024-07-15,27.275831203412423
2024-07-16,18.08988413118395
2024-07-17,100.57497302702025
2024-07-18,-39.94036690707733
2024-07-19,-2.7756717847502124
2024-07-21,1.0645617243316936
2024-07-22,40.6941506413106
2024-07-23,9.942806004109944
2024-07-24,69.52199765437126
2024-07-25,42.51721520741814
2024-07-26,-6.000084557418015
2024-07-28,9.897319790043849
2024-07-29,-9.982093409491753
2024-07-30,-10.38183742647272
2024-07-31,-17.069120967895334
2024-08-01,-29.808526870684553
2024-08-02,-96.8980277658228
2024-08-04,-25.231170637156474
2024-08-05,30.812541263886494
2024-08-06,35.91875203795063
2024-08-07,66.82431032022693
2024-08-08,62.49081251759253
2024-08-09,-35.195462578543584
2024-08-11,3.1302898482462176
2024-08-12,9.10246987854736
2024-08-13,21.382634928222053
2024-08-14,-36.744203964642466
2024-08-15,30.478197457498027
2024-08-16,-0.873557399122963
2024-08-18,12.447473080872761
2024-08-19,18.66239336639032
2024-08-20,-39.08934072981962
2024-08-21,4.596917211871707
2024-08-22,33.864100319890234
2024-08-23,-57.08344216266791
2024-08-25,-5.685597282188607
2024-08-26,27.00595415286844
2024-08-27,-33.79820110354648
2024-08-28,-18.244411182006885
2024-08-29,9.970052613717808
2024-08-30,35.82802369711736
2024-09-01,11.01290102174205
2024-09-02,20.315792911405282
2024-09-03,-19.780628797837917
2024-09-04,-35.065720911043705
2024-09-05,-25.554557714326428
2024-09-06,-21.52235057391152
2024-09-08,15.114691508821512
2024-09-09,41.875943871021114
2024-09-10,-47.06484607595671
2024-09-11,45.19295185564738
2024-09-12,-49.07890401008577
2024-09-13,-2.4215273646169493
2024-09-15,1.8910209224867902
2024-09-16,-10.218792595042915
2024-09-17,41.99191408603602
2024-09-18,-1.5000337076135315
2024-09-19,10.972836825982958
2024-09-20,10.138333090042751
2024-09-22,10.348308894589819
2024-09-23,-53.51456647354594
2024-09-24,-3.5516865680566028
2024-09-25,51.21214502246931
2024-09-26,-2.824901759654235
2024-09-27,-56.82366713999437
2024-09-29,17.0703440849502
2024-09-30,15.59450374207363
2024-10-01,-4.267387290521133
2024-10-02,56.160811207973744
2024-10-03,47.69331319038715
2024-10-04,12.303458779888496
2024-10-06,-1.1134393096172697
2024-10-07,-23.352194514675073
2024-10-08,3.5310760132703614
2024-10-09,-28.39622474826591
2024-10-10,7.1233777026805996
2024-10-11,-13.181076310444077
2024-10-13,2.297856763767875
2024-10-14,-31.98963985689482
2024-10-15,15.961035513992698
2024-10-16,1.8218280371649538
2024-10-17,-50.08858636877591
2024-10-18,16.414077820842902
2024-10-20,-4.099059569258013
2024-10-21,6.1676645555701235
2024-10-22,-28.274394985797336
2024-10-23,9.45662686048123
2024-10-24,19.219126371447743
2024-10-25,-8.24284749046695
2024-10-27,-12.272597427105609
2024-10-28,27.97005649448939
2024-10-29,-11.196139165209848
2024-10-30,34.09174937400939
2024-10-31,57.60846493279125
2024-11-01,-64.17922827306684
2024-11-03,20.836825338842697
2024-11-04,-12.206150316414343
2024-11-05,29.62838501342879
2024-11-06,-19.815977558014428
2024-11-07,88.80018750287185
2024-11-08,-33.99129028672803
2024-11-10,-2.6222421616641136
2024-11-11,21.903908756204906
2024-11-12,-25.46449478644399
2024-11-13,-32.35175534383713
2024-11-14,-40.02818887208055
2024-11-15,59.571064432838256
2024-11-17,-3.442603440153487
2024-11-18,3.8615210436511873
2024-11-19,31.290989056645238
2024-11-20,-16.475507494112
2024-11-21,54.22529888751189
2024-11-22,4.90026602010359
2024-11-24,10.115346694455928
2024-11-25,-55.47208204014592
2024-11-26,17.167933492533027
2024-11-27,52.17274551056663
2024-11-28,-2.96988023419832
2024-11-29,11.137893211128556
2024-12-01,-28.48680683390632
2024-12-02,-35.45712928473843
2024-12-03,16.25467588179418
2024-12-04,11.193323620686556
2024-12-05,35.10954109326194
2024-12-06,12.125766229302439
2024-12-08,-1.8357582689378331
2024-12-09,39.32130039922026
2024-12-10,-26.371393407529144
2024-12-11,-21.640449437631716
2024-12-12,-22.395490605348893
2024-12-13,15.259014725941272
2024-12-15,1.7068530854962356
2024-12-16,44.11156074814528
2024-12-17,-0.15258248978959088
2024-12-18,-107.10106319980386
2024-12-19,13.214330456248437
2024-12-20,35.479423070787384
2024-12-22,-3.6547060449635507
2024-12-23,-0.1660873711035169
2024-12-24,-3.501633248322901
2024-12-25,7.235428768749552
2024-12-26,-47.854887521035614
2024-12-27,-17.665031078340373
2024-12-29,7.45588342509798
2024-12-30,31.905333276838395
2024-12-31,-20.944341808811018
2025-01-01,-5.0631315268646135
2025-01-02,84.40189921218888
2025-01-03,-5.560700344842388
2025-01-05,1.8170194180146517
2025-01-06,-36.33389063053592
2025-01-07,12.753809256310419
2025-01-08,13.398267090287018
2025-01-09,6.702800206895196
2025-01-10,1.3104563561639928
2025-01-12,9.227024957586469
2025-01-13,44.02140010920512
2025-01-14,-24.09393111414269
2025-01-15,-16.704245473591005
2025-01-16,39.11761658590625
2025-01-17,-3.1743179569424838
2025-01-19,0.5096883836624335
2025-01-20,22.81784804900802
2025-01-21,17.02811308279026
2025-01-22,12.163715887561672
2025-01-23,-3.100038148258615
2025-01-24,41.758134884740336
2025-01-26,-0.09864915375646888
2025-01-27,19.612631639409408
2025-01-28,-6.90948343992119
2025-01-29,-8.50763560211329
2025-01-30,18.286814367254937
2025-01-31,-17.342927840766762
2025-02-02,11.224366897476859
2025-02-03,-44.821305994394805
2025-02-04,15.167784464464587
2025-02-05,5.029410116770457
2025-02-06,-30.013728056155358
2025-02-07,-45.923585460145134
2025-02-09,7.012393719972536
2025-02-10,-4.117213466161526
2025-02-11,-14.80432826950714
2025-02-12,44.37819013863079
2025-02-13,-9.455298874740947
2025-02-14,-14.981180517504624
2025-02-16,-8.261673324380002
2025-02-17,-26.005429711147137
2025-02-18,-18.146686420682826
2025-02-19,-5.41233539139743
2025-02-20,-37.49588709711253
2025-02-21,23.73554735384667
2025-02-23,-8.787735931973275
2025-02-24,39.210188429016746
2025-02-25,5.935982348393483
2025-02-26,-0.8750894421076687
2025-02-27,37.059475353443865
2025-02-28,11.226264658632008
2025-03-02,2.547500676401973
2025-03-03,0.5651507379237177
2025-03-04,28.693013267079525
2025-03-05,-21.140556139232636
2025-03-06,-21.884164094608106
2025-03-07,-77.60703250019328
2025-03-09,-25.1228125409094
2025-03-10,3.468672692947383
2025-03-11,-16.93426995107713
2025-03-12,38.30005712707552
2025-03-13,-29.560906667226305
2025-03-14,47.20803290513931
2025-03-16,-1.8968319405886307
2025-03-17,15.742211347849661
2025-03-18,-44.01188839660422
2025-03-19,-1.5971887756953338
2025-03-20,14.951430320023107
2025-03-21,3.8555866426140266
2025-03-23,7.746219036372273
2025-03-24,16.142407278206434
2025-03-25,21.813291446435905
2025-03-26,21.148625160118584
2025-03-27,-42.58335063503443
2025-03-28,-24.198566217819334
2025-03-30,4.776904620161544
2025-03-31,-14.167946117338639
2025-04-01,40.66008105447
2025-04-02,-85.10569916661036
2025-04-03,-59.20203750562173
2025-04-04,-124.93720490816523
2025-04-06,-57.91753192266279
2025-04-07,73.57482837937748
2025-04-08,-90.36435058771501
2025-04-09,136.7288858668625
2025-04-10,-164.67494250664654
2025-04-11,-35.91272798841787
2025-04-13,24.013387553893473
2025-04-14,-11.723084780466369
2025-04-15,28.287065647596624
2025-04-16,-17.29177836778937
2025-04-17,22.49303600379136
2025-04-18,-28.433393877938933
2025-04-20,-20.37687409022207
2025-04-21,-17.767760351938197
2025-04-22,88.16892816934718
2025-04-23,24.031349251167665
2025-04-24,8.186316684335551
2025-04-25,12.102264925030841
2025-04-27,0.8549899368364557
2025-04-28,-12.306858289571906
2025-04-29,-6.739497191364862
2025-04-30,23.481081356196796
2025-05-01,52.01055895428114
2025-05-02,-9.35718507570079
2025-05-04,-23.43129836860656
2025-05-05,-10.244039369297855
2025-05-06,25.940412248008855
2025-05-07,-21.005050621809783
2025-05-08,72.05665741648997
2025-05-09,10.348538554448755
2025-05-11,22.593208103753213
2025-05-12,85.81229370688905
2025-05-13,12.594736163464717
2025-05-14,-41.04797238324559
2025-05-15,-40.32562390332329
2025-05-16,13.583348976688466
2025-05-18,13.431527418311623
2025-05-19,-11.610257753704829
2025-05-20,60.34250585013703
2025-05-21,26.80749253389259
2025-05-22,-29.634834727720303
2025-05-23,13.194900641988035
2025-05-25,-6.810119250436222
2025-05-26,12.786392048502368
2025-05-27,-48.05424376519777
2025-05-28,-53.55135660353969
2025-05-29,104.94363083010067
2025-05-30,1.1798608867059528
2025-06-01,1.832717025252411
2025-06-02,40.403157063619105
2025-06-03,-62.35565167130996
2025-06-04,39.903533763445196
2025-06-05,-25.879569049265484
2025-06-06,-34.31666524746356
2025-06-08,3.5267047216391614
2025-06-09,-0.9919723139647547
2025-06-10,12.917048197085816
2025-06-11,18.427559242200967
2025-06-12,-25.762619742593618
2025-06-13,-4.356184302645933
2025-06-15,-14.639118568733299
2025-06-16,-16.34395849413559
2025-06-17,4.6272454231200655
2025-06-18,3.546856541830084
2025-06-19,19.86141428368208
2025-06-20,-3.8275669700619304
2025-06-22,5.032047932144325
2025-06-23,-0.42084663846865134
2025-06-24,30.673709842815533
2025-06-25,-14.797114335746738
2025-06-26,-10.820207217314191
2025-06-27,2.7027884481668476
2025-06-29,-1.8336675732041505
2025-06-30,-40.595359141219326
2025-07-01,16.20089121217026
2025-07-02,-53.80950818400578
2025-07-03,-4.330104036394406
2025-07-04,9.953730062143809
2025-07-06,-10.125207516385384
2025-07-07,-23.80186673883989
2025-07-08,-21.701008220030204
2025-07-09,0.07467092597518743
2025-07-10,54.51406812293245
2025-07-11,-16.06374458223581
2025-07-13,1.792152231375868
2025-07-14,-3.285402081184388
2025-07-15,10.163590142493007
2025-07-16,-6.956065604686788
2025-07-17,-0.45503703890546454
2025-07-18,0.18237797348467222
2025-07-20,-1.7451230000028444
2025-07-21,-21.73686832554607
2025-07-22,-7.795196024571988
2025-07-23,6.99678258333627
2025-07-24,14.943656901354636
2025-07-25,1.9425004600286986
2025-07-27,-6.54619517634492
2025-07-28,61.28547612554648
2025-07-29,14.968135978295017
2025-07-30,-36.30926787524375
2025-07-31,-27.470835292810428
2025-08-01,95.26868408857817
2025-08-03,3.8673480074325717
2025-08-04,5.034366965693395
2025-08-05,-13.852127966228036
2025-08-06,26.674973668655113
2025-08-07,25.70400869728593
2025-08-08,-22.84887720043244
2025-08-10,5.184596045953532
2025-08-11,-15.314792474641877
2025-08-12,39.938521495216264
2025-08-13,31.76040226775104
2025-08-14,-0.49212549667766226
2025-08-15,30.439710867834396
2025-08-17,-3.5399025329163845
2025-08-18,-34.18526202370387
2025-08-19,30.44496466155799
2025-08-20,16.818692401351132
2025-08-21,-34.852118352764826
2025-08-22,36.59130547356687
2025-08-24,5.199686718124877
2025-08-25,36.57023668504021
2025-08-26,-1.3266972057377904
2025-08-27,12.61795274198902
2025-08-28,8.432502721673544
2025-08-29,15.764938304649867
2025-08-31,3.0192333894862258
2025-09-01,-12.602670223095854
2025-09-02,48.37999662524201
2025-09-03,-16.414074453435497
2025-09-04,-23.976398377005687
2025-09-05,-21.4226859596829
2025-09-07,16.025073965245724
2025-09-08,8.601251660312641
2025-09-09,0.9186809208004609
2025-09-10,15.383095604534748
2025-09-11,22.61128042669679
2025-09-12,-8.12215785030116
2025-09-14,4.027558253115848
2025-09-15,6.4861890646902225
2025-09-16,-36.76438996212636
2025-09-17,39.252588606395236
2025-09-18,38.03925218671925
2025-09-19,52.70276184088026
2025-09-21,5.853714450727973
2025-09-22,-47.321507931383216
2025-09-23,-0.04343674776289408
2025-09-24,4.797223102029324
2025-09-25,47.52309540701222
2025-09-26,-15.94924492081637
2025-09-28,-4.4259100907632165
2025-09-29,3.3775834302365344
2025-09-30,-24.96112496132192
2025-10-01,-6.3476124088268335
2025-10-02,2.8079998380575404
2025-10-03,-17.48377691013659
2025-10-05,-23.746328867564863
2025-10-06,-38.39808251483501
2025-10-07,32.01295994392666
2025-10-08,6.7094494278578765
2025-10-09,23.951457364305035
2025-10-10,75.64596714138865
2025-10-12,5.216494677805509
2025-10-13,17.151151542873446
2025-10-14,-11.974636284868048
2025-10-15,5.797415718300531
2025-10-16,-12.070428660086392
2025-10-17,-4.384687718546108
2025-10-19,1.710871290340017
2025-10-20,19.652756498591984
2025-10-21,-22.229620875299524
2025-10-22,-20.809974093352604
2025-10-23,12.415438038667453
2025-10-24,-5.251529831413297
2025-10-26,18.388294995150872
2025-10-27,25.26394701868801
2025-10-28,11.759889327408235
2025-10-29,-5.434799839280932
2025-10-30,-25.064581942695106
2025-10-31,-3.2239818424497706
2025-11-02,-0.4982427442711017
2025-11-03,12.084097565771323
2025-11-04,-42.564441370897896
2025-11-05,5.511469897962297
2025-11-06,46.889091769765265
2025-11-07,-36.731591534004515
2025-11-09,-17.489351398219892
2025-11-10,-4.51740922400003
2025-11-11,5.156109438359904
2025-11-12,-19.537792856975205
2025-11-13,17.154813998509532
2025-11-14,20.047194905742547
2025-11-16,-9.642399354642821
2025-11-17,1.3439593716058056
2025-11-18,-34.78073637656188
2025-11-19,-57.130306257483205
2025-11-20,19.725337434326363
2025-11-21,35.81572179451443
2025-11-23,-11.42076831548765
2025-11-24,3.2297365412723202
2025-11-25,34.4208980913454
2025-11-26,37.486495838841314
2025-11-27,3.467992758902982
2025-11-28,-21.470718556727487
2025-11-30,0.31864428800198796
2025-12-01,19.796931002097136
2025-12-02,-22.184004430890724
2025-12-03,-50.45774025908279
2025-12-04,-5.680587619956532
2025-12-05,-41.95462474062967
2025-12-07,5.96649174125757
2025-12-08,-15.888494186751242
2025-12-09,-11.775799627581005
2025-12-10,-15.661329408412794
2025-12-11,36.026338393980666
2025-12-12,3.33301341867915
2025-12-14,2.594714022421603
2025-12-15,21.53397499638611
2025-12-16,-1.033901752022735
2025-12-17,30.735388213544503
2025-12-18,-7.897340333126016
2025-12-19,-28.506612094857722
2025-12-21,1.210724536674618
2025-12-22,-43.42511639506898
2025-12-23,-31.636630990797563
2025-12-24,-9.52291456058485
2025-12-25,0.9515101233261039
2025-12-26,-13.779109292951285
2025-12-28,1.2666419660521822
2025-12-29,18.57871107462574
2025-12-30,-2.8852498110686984
2025-12-31,15.264751362812572
2026-01-01,-2.9625422406580078
2026-01-02,-19.124498961670824
2026-01-04,5.897251612289198
2026-01-05,-30.057748627388023
2026-01-06,8.734572357243373
2026-01-07,23.989406089164383
2026-01-08,9.613834607992747
2026-01-09,4.495909706738653
2026-01-11,-4.834660466649434
2026-01-12,-20.771790937585834
2026-01-13,0.5536001506849662
2026-01-14,7.2755127055712085
2026-01-15,-10.05389216657131
2026-01-16,15.462834441101277
2026-01-18,20.679622635661392
2026-01-19,-0.8157767236442783
2026-01-20,59.14707870188981
2026-01-21,-51.31857904069819
2026-01-22,4.088660460175117
2026-01-23,21.945186642055727
2026-01-25,15.061538108408413
2026-01-26,-12.65696324586401
2026-01-27,61.990125636890916
2026-01-28,-33.40890731381131
2026-01-29,11.964594868867982
2026-01-30,-36.407984815508144
2026-02-01,1.1679480643474163
2026-02-02,-52.86213576940108
2026-02-03,-11.62349465304554
2026-02-04,6.27207905442393
2026-02-05,52.41728738786889
2026-02-06,-40.803122084627745
2026-02-08,-1.3799148892501365
2026-02-09,44.89972408834711
2026-02-10,11.502749623627132
2026-02-11,-5.557955209054516
2026-02-12,30.351980128888805
2026-02-13,8.307407797042302
2026-02-15,3.505003963681812
2026-02-16,-12.242673817250726
2026-02-17,-33.91464748294666
2026-02-18,44.106143332993746
2026-02-19,-38.72088326784048
2026-02-20,-7.1918374148938184
2026-02-22,-16.958356883485234
2026-02-23,45.97922650077943
2026-02-24,-23.516028209496334
2026-02-25,-41.29005606172622
2026-02-26,5.018641414810727
2026-02-27,-41.56979479295009
2026-03-01,19.673875391496765
2026-03-02,19.840557488117547
2026-03-03,48.397467527919815
2026-03-04,-43.13406281705437
2026-03-05,52.22356888168897
2026-03-06,-16.966715410757224
2026-03-08,-47.927171925769166
2026-03-09,47.69259536661848
2026-03-10,-25.923183576272542
2026-03-11,-57.37016404779363
2026-03-12,-5.099727544630081
2026-03-13,-28.998291700626858
2026-03-15,12.2762637066351
2026-03-16,33.190489812054075
2026-03-17,13.419143436927891
2026-03-18,-67.32693368487182
2026-03-19,130.5696665833061
2026-03-20,-16.820428751193305
2026-03-22,-9.578055636963049
2026-03-23,51.27713815491179
2026-03-24,8.468752034443549
2026-03-25,-17.341557561329466
2026-03-26,-18.85935635578177
2026-03-27,19.86306016686935
2026-03-29,-6.336441467842517
2026-03-30,-4.044101093247458
2026-03-31,58.25047793795332
2026-04-01,13.399902510713446
2026-04-02,-9.873442939229372
2026-04-03,-19.50640255112118
2026-04-05,-0.7920633921940473
2026-04-06,26.0253517808359
2026-04-07,20.049537937673588
2026-04-08,11.554798673208786
2026-04-09,18.527389829716203
2026-04-10,-14.250455637890171
2026-04-12,-17.092081384639833
2026-04-13,52.00189902888956
2026-04-14,10.14715964226511
2026-04-15,11.933396979640104
2026-04-16,10.815994397148424
2026-04-17,6.035005159125452
2026-04-19,-1.2166484848449466
2026-04-20,35.11632673722757
2026-04-21,10.250132891264883
2026-04-22,2.6440908298954344
2026-04-23,-26.17190254696157
2026-04-24,8.788387494731655
2026-04-26,4.079935434799365
2026-04-27,-36.00559700770201
2026-04-28,13.0904700174592
2026-04-29,20.11603893383776
2026-04-30,-10.348989096124608
2026-05-01,5.129402612877823
2026-05-03,-0.30524830552552107
2026-05-04,30.900917110770955
2026-05-05,-31.095977216850287
2026-05-06,-20.755999092759573
2026-05-07,-16.298552631611546
2026-05-08,13.522811610345624
2026-05-10,0.9653126282859432
2026-05-11,-19.898937778067268
2026-05-12,8.486361573110052
2026-05-13,-3.891019433973211
2026-05-14,42.76490427043838
2026-05-15,62.25105458452218
2026-05-17,2.353710714298203
2026-05-18,-57.038546970623464
2026-05-19,30.052332375112154
2026-05-20,12.05123804418583
2026-05-21,6.068771759153372
2026-05-22,-5.0904310976449185
2026-05-24,21.060962113560063
2026-05-25,-8.330534287990183
2026-05-26,-12.284045593993742
2026-05-27,24.020287586836787
2026-05-28,27.272196074733973
2026-05-29,14.118968773269078
2026-05-31,-3.590899723193169
2026-06-01,-9.439757911635741
2026-06-02,-9.111203063408567
2026-06-03,-18.579906871267163
2026-06-04,2.8578461713099585
2026-06-05,-47.12042331057301
2026-06-07,-0.12090441625083814
2026-06-08,1.5508128933354253
2026-06-09,27.79757717005756
2026-06-10,8.069159489665164
2026-06-11,5.295041910629582
2026-06-12,4.647372385299093
2026-06-14,4.20526752310964
2026-06-15,8.70098917811983
2026-06-16,0.39229101101795916
2026-06-17,-11.2850588923387
2026-06-18,5.845031212626321
2026-06-19,-19.579527319208886
2026-06-21,-2.5951926728251706
2026-06-22,-8.466955983130312
2026-06-23,-10.825270927573028
2026-06-24,-4.072171634895916
2026-06-25,10.331578686719496
2026-06-26,2.895007852668763
2026-06-28,0.5723627299465461
2026-06-29,-28.635624494148818
2026-06-30,-2.768307910884811
2026-07-01,-25.952938976432307
2026-07-02,12.012569051696254
2026-07-03,-0.4562523939500531
2026-07-05,-2.465507893752465
2026-07-06,-17.37190068529902
2026-07-07,-0.7853742498314524
2026-07-08,16.800239394142928
2026-07-09,10.56266308097121
2026-07-10,27.600777042051725
2026-07-12,-5.873781424305144
2026-07-13,33.374863975018606
2026-07-14,40.75631798900039
2026-07-15,-27.13902571834856
2026-07-16,29.818736835596994
2026-07-17,1.3517958832811487
