tf,win_d,n_leg,reb_d,ALL,FORM,OOS,gross,phi,phi%,turn/nam
M30,3,3,1,-0.163,-0.138,-0.212,0.0267,0.0373,139.8,37.9
M30,3,3,2,0.173,0.299,-0.089,0.0346,0.0224,64.7,21.2
M30,3,5,1,-0.044,0.036,-0.199,0.027,0.0296,109.8,30.1
M30,3,5,2,0.303,0.475,-0.041,0.0383,0.0192,50.0,18.3
M30,3,7,1,0.02,0.13,-0.187,0.0248,0.0237,95.6,24.0
M30,3,7,2,0.28,0.406,0.032,0.0317,0.0161,50.6,15.5
M30,5,3,1,-0.005,0.184,-0.362,0.0319,0.0322,101.0,32.2
M30,5,3,2,0.192,0.173,0.235,0.0346,0.0212,61.3,19.8
M30,5,3,5,0.26,0.029,0.694,0.0286,0.0112,39.0,8.6
M30,5,5,1,0.122,0.269,-0.148,0.0324,0.025,77.2,24.9
M30,5,5,2,0.345,0.437,0.163,0.0387,0.0171,44.1,16.1
M30,5,5,5,0.279,0.083,0.654,0.0266,0.0095,35.8,7.7
M30,5,7,1,0.247,0.465,-0.169,0.0329,0.0196,59.6,19.4
M30,5,7,2,0.449,0.546,0.26,0.0389,0.0139,35.8,13.1
M30,5,7,5,0.255,0.013,0.721,0.0218,0.0082,37.4,6.7
M30,10,3,1,0.147,0.229,-0.005,0.0359,0.0258,71.8,25.0
M30,10,3,2,0.259,0.236,0.314,0.0366,0.0182,49.8,16.5
M30,10,3,5,0.366,0.297,0.497,0.0358,0.0108,30.1,8.3
M30,10,3,10,-0.349,-0.534,0.005,-0.0152,0.0073,725146895.7,4.3
M30,10,5,1,0.145,0.179,0.082,0.028,0.019,67.7,18.2
M30,10,5,2,0.341,0.333,0.365,0.0353,0.0139,39.3,12.5
M30,10,5,5,0.257,0.069,0.59,0.0246,0.0089,36.1,6.8
M30,10,5,10,-0.496,-0.769,0.006,-0.0223,0.006,595231451.5,3.7
M30,10,7,1,0.146,0.197,0.052,0.0229,0.0148,64.9,14.0
M30,10,7,2,0.41,0.41,0.417,0.0338,0.0113,33.3,9.9
M30,10,7,5,0.188,-0.028,0.568,0.0176,0.0075,42.3,5.7
M30,10,7,10,-0.363,-0.683,0.215,-0.0128,0.0054,538304940.7,3.2
M30,20,3,1,0.141,0.175,0.078,0.0294,0.0196,66.7,18.5
M30,20,3,2,0.32,0.21,0.545,0.0366,0.0143,38.9,12.6
M30,20,3,5,0.225,0.095,0.451,0.0247,0.0091,36.8,7.1
M30,20,3,10,-0.187,-0.404,0.241,-0.0065,0.0059,592466435.9,4.0
M30,20,5,1,0.235,0.155,0.393,0.0295,0.0146,49.3,13.5
M30,20,5,2,0.302,0.209,0.491,0.03,0.0108,36.0,9.3
M30,20,5,5,0.216,-0.027,0.661,0.0209,0.0072,34.5,5.4
M30,20,5,10,-0.161,-0.423,0.365,-0.0045,0.0051,508300478.8,3.3
M30,20,7,1,0.27,0.184,0.433,0.0267,0.0114,42.9,10.4
M30,20,7,2,0.334,0.156,0.677,0.0273,0.0086,31.3,7.2
M30,20,7,5,0.146,-0.158,0.692,0.0141,0.0059,42.0,4.4
M30,20,7,10,-0.199,-0.498,0.39,-0.0062,0.0042,423910287.0,2.7
H1,3,3,1,-0.045,0.033,-0.194,0.0682,0.0748,109.7,38.0
H1,3,3,2,0.175,0.338,-0.155,0.0705,0.0446,63.3,21.2
H1,3,5,1,0.253,0.253,0.255,0.0932,0.0599,64.3,30.5
H1,3,5,2,0.324,0.348,0.283,0.0808,0.0382,47.3,18.3
H1,3,7,1,0.274,0.351,0.134,0.0798,0.0479,60.1,24.2
H1,3,7,2,0.316,0.411,0.133,0.0691,0.0325,47.0,15.6
H1,5,3,1,0.091,0.049,0.169,0.0786,0.0652,82.9,32.6
H1,5,3,2,0.073,0.124,-0.027,0.0523,0.0417,79.8,19.6
H1,5,3,5,0.021,-0.104,0.253,0.0255,0.0223,87.5,8.5
H1,5,5,1,0.28,0.293,0.259,0.087,0.0504,58.0,25.2
H1,5,5,2,0.279,0.343,0.158,0.0706,0.0344,48.7,16.2
H1,5,5,5,0.076,-0.131,0.452,0.0293,0.0192,65.7,7.4
H1,5,7,1,0.313,0.244,0.443,0.0762,0.0396,52.0,19.6
H1,5,7,2,0.21,0.265,0.108,0.0522,0.0277,53.1,13.0
H1,5,7,5,-0.112,-0.389,0.379,0.0032,0.0163,506.3,6.5
H1,10,3,1,0.318,0.267,0.415,0.0987,0.0511,51.8,24.8
H1,10,3,2,0.083,0.123,0.006,0.0476,0.0353,74.1,16.1
H1,10,3,5,0.295,0.121,0.596,0.0663,0.0215,32.5,8.3
H1,10,3,10,0.059,-0.298,0.818,0.0237,0.015,63.4,4.2
H1,10,5,1,0.28,0.184,0.458,0.0765,0.0387,50.6,18.6
H1,10,5,2,0.211,0.219,0.198,0.0558,0.0275,49.3,12.4
H1,10,5,5,0.207,-0.051,0.665,0.0461,0.0178,38.6,6.9
H1,10,5,10,0.171,-0.11,0.799,0.035,0.0127,36.2,3.8
H1,10,7,1,0.274,0.149,0.498,0.0627,0.0301,48.0,14.4
H1,10,7,2,0.223,0.18,0.305,0.0482,0.0221,45.8,9.9
H1,10,7,5,0.147,-0.16,0.706,0.0326,0.0148,45.3,5.7
H1,10,7,10,0.135,-0.155,0.75,0.0259,0.0106,40.7,3.3
H1,20,3,1,0.442,0.419,0.487,0.1064,0.0396,37.2,18.9
H1,20,3,2,0.234,0.307,0.101,0.0635,0.0283,44.6,12.6
H1,20,3,5,0.312,0.189,0.526,0.0666,0.0183,27.5,7.0
H1,20,3,10,0.355,0.079,0.967,0.0654,0.0134,20.5,4.1
H1,20,5,1,0.27,0.108,0.562,0.0662,0.0293,44.2,13.6
H1,20,5,2,0.214,0.161,0.316,0.0504,0.0216,42.9,9.3
H1,20,5,5,0.146,-0.093,0.583,0.0346,0.0146,42.2,5.5
H1,20,5,10,0.354,0.046,1.047,0.057,0.0115,20.2,3.5
H1,20,7,1,0.304,0.056,0.748,0.0599,0.0229,38.2,10.4
H1,20,7,2,0.296,0.175,0.529,0.0527,0.0174,33.0,7.3
H1,20,7,5,0.181,-0.103,0.71,0.0337,0.0119,35.4,4.4
H1,20,7,10,0.381,0.095,1.044,0.0529,0.0093,17.5,2.9
H4,3,3,1,0.107,0.136,0.056,0.3483,0.3037,87.2,38.7
H4,3,3,2,0.039,0.309,-0.489,0.196,0.1797,91.7,21.2
H4,3,5,1,0.068,-0.022,0.223,0.2677,0.2416,90.2,30.6
H4,3,5,2,0.152,0.224,0.014,0.2121,0.1536,72.4,18.3
H4,3,7,1,0.053,-0.04,0.216,0.2117,0.1934,91.4,24.4
H4,3,7,2,0.193,0.19,0.202,0.1988,0.1313,66.0,15.7
H4,5,3,1,0.099,0.132,0.041,0.303,0.2611,86.2,32.7
H4,5,3,2,0.131,0.068,0.26,0.2261,0.1696,75.0,19.8
H4,5,3,5,0.122,0.024,0.323,0.1402,0.0883,63.0,8.5
H4,5,5,1,0.308,0.32,0.287,0.3224,0.2034,63.1,25.3
H4,5,5,2,0.256,0.146,0.472,0.2392,0.1384,57.9,16.2
H4,5,5,5,0.137,-0.019,0.449,0.1279,0.0759,59.4,7.5
H4,5,7,1,0.305,0.389,0.155,0.2668,0.16,60.0,19.7
H4,5,7,2,0.46,0.505,0.381,0.275,0.1142,41.5,13.3
H4,5,7,5,0.072,-0.022,0.253,0.0893,0.0652,73.0,6.6
H4,10,3,1,0.15,0.113,0.221,0.2763,0.2105,76.2,25.4
H4,10,3,2,0.049,-0.091,0.342,0.1646,0.1432,87.0,16.2
H4,10,3,5,0.065,0.06,0.075,0.1119,0.0845,75.5,8.1
H4,10,3,10,0.024,-0.27,0.618,0.0665,0.056,84.2,4.3
H4,10,5,1,0.222,0.215,0.237,0.2465,0.158,64.1,18.7
H4,10,5,2,0.144,0.028,0.382,0.1679,0.1111,66.1,12.3
H4,10,5,5,-0.088,-0.2,0.129,0.0362,0.0706,195.0,6.7
H4,10,5,10,0.009,-0.314,0.682,0.0538,0.0502,93.3,3.8
H4,10,7,1,0.171,0.154,0.202,0.1819,0.1218,67.0,14.3
H4,10,7,2,0.231,0.179,0.339,0.1695,0.089,52.5,9.7
H4,10,7,5,0.067,-0.139,0.466,0.0819,0.0589,71.9,5.6
H4,10,7,10,0.228,-0.199,1.05,0.1242,0.0441,35.5,3.4
H4,20,3,1,0.356,0.367,0.337,0.3205,0.16,49.9,18.7
H4,20,3,2,0.188,0.078,0.416,0.1953,0.1123,57.5,12.3
H4,20,3,5,0.076,-0.099,0.412,0.1087,0.0747,68.7,7.0
H4,20,3,10,0.149,-0.133,0.715,0.1176,0.0522,44.4,4.1
H4,20,5,1,0.229,0.169,0.34,0.2125,0.1185,55.8,13.5
H4,20,5,2,0.188,0.085,0.392,0.1625,0.087,53.5,9.2
H4,20,5,5,0.029,-0.198,0.461,0.0722,0.0605,83.8,5.4
H4,20,5,10,0.192,-0.103,0.783,0.1227,0.0459,37.4,3.4
H4,20,7,1,0.18,0.091,0.347,0.1589,0.0936,58.9,10.5
H4,20,7,2,0.155,0.055,0.356,0.1249,0.0695,55.6,7.0
H4,20,7,5,0.044,-0.175,0.474,0.0652,0.0494,75.8,4.2
H4,20,7,10,0.192,-0.154,0.898,0.1093,0.0411,37.7,2.8
